{
  "type": "FeatureCollection",
  "features": [
    {
      "type": "Feature",
      "geometry": {
        "type": "LineString",
        "coordinates": [
          [
            113.864912,
            22.495501
          ],
          [
            113.864903,
            22.495526
          ],
          [
            113.864894,
            22.495551
          ],
          [
            113.864886,
            22.495576
          ],
          [
            113.864877,
            22.495601
          ],
          [
            113.864869,
            22.495626
          ],
          [
            113.86486,
            22.495651
          ],
          [
            113.864852,
            22.495675
          ],
          [
            113.864843,
            22.4957
          ],
          [
            113.864835,
            22.495725
          ],
          [
            113.864826,
            22.495749
          ],
          [
            113.864818,
            22.495774
          ],
          [
            113.864809,
            22.495798
          ],
          [
            113.864801,
            22.495823
          ],
          [
            113.864792,
            22.495847
          ],
          [
            113.864784,
            22.495872
          ],
          [
            113.864775,
            22.495897
          ],
          [
            113.864766,
            22.495922
          ],
          [
            113.864758,
            22.495947
          ],
          [
            113.864749,
            22.495972
          ],
          [
            113.86474,
            22.495997
          ],
          [
            113.864731,
            22.496023
          ],
          [
            113.864722,
            22.496049
          ],
          [
            113.864713,
            22.496075
          ],
          [
            113.864704,
            22.496101
          ],
          [
            113.864695,
            22.496126
          ],
          [
            113.864686,
            22.496152
          ],
          [
            113.864677,
            22.496178
          ],
          [
            113.864668,
            22.496204
          ],
          [
            113.864659,
            22.496229
          ],
          [
            113.86465,
            22.496255
          ],
          [
            113.864641,
            22.496281
          ],
          [
            113.864633,
            22.496304
          ],
          [
            113.864625,
            22.496329
          ],
          [
            113.864616,
            22.496355
          ],
          [
            113.864607,
            22.496381
          ],
          [
            113.864598,
            22.496407
          ],
          [
            113.864589,
            22.496433
          ],
          [
            113.86458,
            22.496458
          ],
          [
            113.864571,
            22.496484
          ],
          [
            113.864562,
            22.49651
          ],
          [
            113.864553,
            22.496536
          ],
          [
            113.864544,
            22.496562
          ],
          [
            113.864535,
            22.496587
          ],
          [
            113.864526,
            22.496613
          ],
          [
            113.864517,
            22.496639
          ],
          [
            113.864509,
            22.496665
          ],
          [
            113.8645,
            22.496691
          ],
          [
            113.864491,
            22.496716
          ],
          [
            113.864482,
            22.496742
          ],
          [
            113.864473,
            22.496768
          ],
          [
            113.864464,
            22.496794
          ],
          [
            113.864455,
            22.496819
          ],
          [
            113.864446,
            22.496845
          ],
          [
            113.864437,
            22.496871
          ],
          [
            113.864428,
            22.496897
          ],
          [
            113.864419,
            22.496923
          ],
          [
            113.86441,
            22.496948
          ],
          [
            113.864403,
            22.49697
          ],
          [
            113.864394,
            22.496995
          ],
          [
            113.864385,
            22.497021
          ],
          [
            113.864376,
            22.497047
          ],
          [
            113.864367,
            22.497073
          ],
          [
            113.864358,
            22.497098
          ],
          [
            113.864349,
            22.497124
          ],
          [
            113.86434,
            22.49715
          ],
          [
            113.864332,
            22.497176
          ],
          [
            113.864323,
            22.497202
          ],
          [
            113.864314,
            22.497227
          ],
          [
            113.864305,
            22.497253
          ],
          [
            113.864296,
            22.497279
          ],
          [
            113.86429,
            22.497296
          ],
          [
            113.864287,
            22.497305
          ],
          [
            113.864278,
            22.497331
          ],
          [
            113.864269,
            22.497356
          ],
          [
            113.86426,
            22.497382
          ],
          [
            113.864251,
            22.497408
          ],
          [
            113.864242,
            22.497434
          ],
          [
            113.864233,
            22.497459
          ],
          [
            113.864224,
            22.497485
          ],
          [
            113.864215,
            22.497511
          ],
          [
            113.864206,
            22.497537
          ],
          [
            113.864197,
            22.497563
          ],
          [
            113.864189,
            22.497588
          ],
          [
            113.86418,
            22.497614
          ],
          [
            113.864171,
            22.49764
          ],
          [
            113.864162,
            22.497666
          ],
          [
            113.864153,
            22.497692
          ],
          [
            113.864144,
            22.497717
          ],
          [
            113.864135,
            22.497743
          ],
          [
            113.864126,
            22.497769
          ],
          [
            113.864117,
            22.497795
          ],
          [
            113.864112,
            22.49781
          ],
          [
            113.864108,
            22.49782
          ],
          [
            113.864099,
            22.497846
          ],
          [
            113.86409,
            22.497872
          ],
          [
            113.864081,
            22.497898
          ],
          [
            113.864072,
            22.497924
          ],
          [
            113.864063,
            22.497949
          ],
          [
            113.864054,
            22.497975
          ],
          [
            113.864045,
            22.498001
          ],
          [
            113.864037,
            22.498027
          ],
          [
            113.864028,
            22.498053
          ],
          [
            113.864019,
            22.498078
          ],
          [
            113.86401,
            22.498104
          ],
          [
            113.864001,
            22.49813
          ],
          [
            113.863992,
            22.498156
          ],
          [
            113.863983,
            22.498181
          ],
          [
            113.863974,
            22.498207
          ],
          [
            113.863965,
            22.498233
          ],
          [
            113.863956,
            22.498259
          ],
          [
            113.863947,
            22.498285
          ],
          [
            113.863938,
            22.49831
          ],
          [
            113.863929,
            22.498336
          ],
          [
            113.86392,
            22.498362
          ],
          [
            113.863911,
            22.498388
          ],
          [
            113.863902,
            22.498414
          ],
          [
            113.863894,
            22.498439
          ],
          [
            113.863885,
            22.498465
          ],
          [
            113.863876,
            22.498491
          ],
          [
            113.863867,
            22.498517
          ],
          [
            113.863858,
            22.498542
          ],
          [
            113.863849,
            22.498568
          ],
          [
            113.86384,
            22.498594
          ],
          [
            113.863831,
            22.49862
          ],
          [
            113.863822,
            22.498646
          ],
          [
            113.863813,
            22.498671
          ],
          [
            113.863804,
            22.498697
          ],
          [
            113.863795,
            22.498723
          ],
          [
            113.863786,
            22.498749
          ],
          [
            113.863777,
            22.498775
          ],
          [
            113.863768,
            22.4988
          ],
          [
            113.863759,
            22.498826
          ],
          [
            113.863751,
            22.498852
          ],
          [
            113.863742,
            22.498878
          ],
          [
            113.863733,
            22.498904
          ],
          [
            113.863724,
            22.498929
          ],
          [
            113.863715,
            22.498955
          ],
          [
            113.863706,
            22.498981
          ],
          [
            113.863697,
            22.499007
          ],
          [
            113.863688,
            22.499032
          ],
          [
            113.863679,
            22.499058
          ],
          [
            113.86367,
            22.499084
          ],
          [
            113.863661,
            22.49911
          ],
          [
            113.863652,
            22.499136
          ],
          [
            113.863645,
            22.499157
          ],
          [
            113.863636,
            22.499183
          ],
          [
            113.863627,
            22.499209
          ]
        ]
      },
      "properties": {
        "approx_heading": 107.83652304634423,
        "bidirection": 0,
        "cross_slope": "0,0,0,0,0,0,0,0,0,0,0,0,0,0,0,0,0,0,0,0,0,0,0,0,0,0,0,0,0,0,0,0,0,0,0,0,0,0,0,0",
        "info": "82",
        "lane_area_type": 23,
        "lane_type": 1,
        "left_border_id": 137438953521,
        "left_edge_dist": "100,100,100,100,100,100,100,100,100,100,100,100,100,100,100,100,100,100,100,100,100,100,100,100,100,100,100,100,100,100,100,100,100,100,100,100,100,100,100,100",
        "left_neighbor_id": 0,
        "left_neighbor_type": 0,
        "left_opposite_neighbor_id": 137439003250,
        "marker_ids": "",
        "next_ids": "137439003234",
        "overlap": "[{\"element_id\":137440201523,\"priority\":0,\"s_end\":102.96806335449219,\"s_start\":0.0,\"type\":4}]",
        "preference": 50,
        "preferred_speed": 25,
        "previous_ids": "137438988626",
        "priority": 80,
        "right_border_id": 137438953505,
        "right_edge_dist": "2.33,2.33,2.32,2.32,2.31,2.31,2.31,2.3,2.3,2.3,2.3,2.31,2.31,2.32,2.32,2.32,2.33,2.33,2.32,2.32,2.32,2.32,2.32,2.32,2.31,2.31,2.31,2.31,2.31,2.31,2.31,2.31,2.31,2.31,2.31,2.31,2.31,2.31,2.31,2.31",
        "right_neighbor_id": 0,
        "right_neighbor_type": 0,
        "road_edge_dist": "4294901993,4294901993,4294901992,4294901992,4294901991,4294901991,4294901991,4294901990,4294901990,4294901990,4294901990,4294901991,4294901991,4294901992,4294901992,4294901992,4294901993,4294901993,4294901992,4294901992,4294901992,4294901992,4294901992,4294901992,4294901991,4294901991,4294901991,4294901991,4294901991,4294901991,4294901991,4294901991,4294901991,4294901991,4294901991,4294901991,4294901991,4294901991,4294901991,4294901991",
        "slope": "0,0,0,0,0,0,0,0,0,0,0,0,0,0,0,0,0,0,0,0,0,0,0,0,0,0,0,0,0,0,0,0,0,0,0,0,0,0,0,0",
        "speed_limit": 25,
        "stopline_id": 0,
        "total_length": 115.39991203810011,
        "turn_type": 0,
        "uid": 137438953490
      }
    },
    {
      "type": "Feature",
      "geometry": {
        "type": "LineString",
        "coordinates": [
          [
            113.863589,
            22.4992
          ],
          [
            113.863598,
            22.499174
          ],
          [
            113.863608,
            22.499146
          ],
          [
            113.863617,
            22.499119
          ],
          [
            113.863626,
            22.499093
          ],
          [
            113.863635,
            22.499067
          ],
          [
            113.863644,
            22.499042
          ],
          [
            113.863653,
            22.499016
          ],
          [
            113.863662,
            22.49899
          ],
          [
            113.863671,
            22.498964
          ],
          [
            113.86368,
            22.498938
          ],
          [
            113.863689,
            22.498913
          ],
          [
            113.863698,
            22.498887
          ],
          [
            113.863706,
            22.498861
          ],
          [
            113.863715,
            22.498835
          ],
          [
            113.863724,
            22.498809
          ],
          [
            113.863733,
            22.498784
          ],
          [
            113.863742,
            22.498758
          ],
          [
            113.863751,
            22.498732
          ],
          [
            113.86376,
            22.498706
          ],
          [
            113.863769,
            22.498681
          ],
          [
            113.863778,
            22.498655
          ],
          [
            113.863787,
            22.498629
          ],
          [
            113.863796,
            22.498603
          ],
          [
            113.863805,
            22.498577
          ],
          [
            113.863814,
            22.498552
          ],
          [
            113.863823,
            22.498526
          ],
          [
            113.863832,
            22.4985
          ],
          [
            113.863841,
            22.498474
          ],
          [
            113.863849,
            22.498448
          ],
          [
            113.863858,
            22.498423
          ],
          [
            113.863867,
            22.498397
          ],
          [
            113.863876,
            22.498371
          ],
          [
            113.863885,
            22.498345
          ],
          [
            113.863894,
            22.49832
          ],
          [
            113.863903,
            22.498294
          ],
          [
            113.863912,
            22.498268
          ],
          [
            113.863921,
            22.498242
          ],
          [
            113.86393,
            22.498216
          ],
          [
            113.863939,
            22.498191
          ],
          [
            113.863948,
            22.498165
          ],
          [
            113.863957,
            22.498139
          ],
          [
            113.863966,
            22.498113
          ],
          [
            113.863975,
            22.498087
          ],
          [
            113.863984,
            22.498062
          ],
          [
            113.863993,
            22.498036
          ],
          [
            113.864001,
            22.49801
          ],
          [
            113.86401,
            22.497984
          ],
          [
            113.864019,
            22.497958
          ],
          [
            113.864028,
            22.497933
          ],
          [
            113.864037,
            22.497907
          ],
          [
            113.864046,
            22.497881
          ],
          [
            113.864055,
            22.497855
          ],
          [
            113.864064,
            22.49783
          ],
          [
            113.864073,
            22.497804
          ],
          [
            113.864075,
            22.497798
          ],
          [
            113.864082,
            22.497778
          ],
          [
            113.864091,
            22.497752
          ],
          [
            113.8641,
            22.497726
          ],
          [
            113.864109,
            22.497701
          ],
          [
            113.864118,
            22.497675
          ],
          [
            113.864127,
            22.497649
          ],
          [
            113.864136,
            22.497623
          ],
          [
            113.864144,
            22.497597
          ],
          [
            113.864153,
            22.497572
          ],
          [
            113.864162,
            22.497546
          ],
          [
            113.864171,
            22.49752
          ],
          [
            113.86418,
            22.497494
          ],
          [
            113.864189,
            22.497469
          ],
          [
            113.864198,
            22.497443
          ],
          [
            113.864207,
            22.497417
          ],
          [
            113.864216,
            22.497391
          ],
          [
            113.864225,
            22.497365
          ],
          [
            113.864234,
            22.49734
          ],
          [
            113.864243,
            22.497314
          ],
          [
            113.864252,
            22.497288
          ],
          [
            113.864253,
            22.497283
          ],
          [
            113.864261,
            22.497262
          ],
          [
            113.86427,
            22.497236
          ],
          [
            113.864279,
            22.497211
          ],
          [
            113.864287,
            22.497185
          ],
          [
            113.864296,
            22.497159
          ],
          [
            113.864305,
            22.497133
          ],
          [
            113.864314,
            22.497108
          ],
          [
            113.864323,
            22.497082
          ],
          [
            113.864332,
            22.497056
          ],
          [
            113.864341,
            22.49703
          ],
          [
            113.86435,
            22.497004
          ],
          [
            113.864359,
            22.496979
          ],
          [
            113.864366,
            22.496957
          ],
          [
            113.864375,
            22.496931
          ],
          [
            113.864384,
            22.496906
          ],
          [
            113.864393,
            22.49688
          ],
          [
            113.864402,
            22.496854
          ],
          [
            113.864411,
            22.496828
          ],
          [
            113.86442,
            22.496802
          ],
          [
            113.864429,
            22.496777
          ],
          [
            113.864438,
            22.496751
          ],
          [
            113.864447,
            22.496725
          ],
          [
            113.864456,
            22.496699
          ],
          [
            113.864465,
            22.496673
          ],
          [
            113.864474,
            22.496648
          ],
          [
            113.864483,
            22.496622
          ],
          [
            113.864491,
            22.496596
          ],
          [
            113.8645,
            22.49657
          ],
          [
            113.864509,
            22.496544
          ],
          [
            113.864518,
            22.496519
          ],
          [
            113.864527,
            22.496493
          ],
          [
            113.864536,
            22.496467
          ],
          [
            113.864545,
            22.496441
          ],
          [
            113.864554,
            22.496415
          ],
          [
            113.864563,
            22.49639
          ],
          [
            113.864572,
            22.496364
          ],
          [
            113.864581,
            22.496338
          ],
          [
            113.86459,
            22.496312
          ],
          [
            113.864597,
            22.496292
          ],
          [
            113.864606,
            22.496265
          ],
          [
            113.864615,
            22.496239
          ],
          [
            113.864624,
            22.496214
          ],
          [
            113.864633,
            22.496188
          ],
          [
            113.864642,
            22.496162
          ],
          [
            113.864651,
            22.496136
          ],
          [
            113.86466,
            22.496111
          ],
          [
            113.864669,
            22.496085
          ],
          [
            113.864678,
            22.496059
          ],
          [
            113.864687,
            22.496033
          ],
          [
            113.864696,
            22.496007
          ],
          [
            113.864702,
            22.495987
          ],
          [
            113.864711,
            22.495961
          ],
          [
            113.864712,
            22.495958
          ],
          [
            113.864721,
            22.495931
          ],
          [
            113.86473,
            22.495904
          ],
          [
            113.864739,
            22.495878
          ],
          [
            113.864748,
            22.495854
          ],
          [
            113.864756,
            22.495829
          ],
          [
            113.864764,
            22.495806
          ],
          [
            113.864772,
            22.495783
          ],
          [
            113.86478,
            22.49576
          ],
          [
            113.864788,
            22.495737
          ],
          [
            113.864796,
            22.495714
          ],
          [
            113.864804,
            22.495692
          ],
          [
            113.864812,
            22.495668
          ],
          [
            113.864821,
            22.495645
          ],
          [
            113.864829,
            22.495621
          ],
          [
            113.864838,
            22.495596
          ],
          [
            113.864847,
            22.495571
          ],
          [
            113.864856,
            22.495544
          ],
          [
            113.864865,
            22.495516
          ],
          [
            113.864874,
            22.495491
          ],
          [
            113.864875,
            22.495488
          ]
        ]
      },
      "properties": {
        "approx_heading": -72.14580130951033,
        "bidirection": 0,
        "cross_slope": "0,0,0,0,0,0,0,0,0,0,0,0,0,0,0,0,0,0,0,0,0,0,0,0,0,0,0,0,0,0,0,0,0,0,0,0,0,0,0,0,0,0,0,0,0,0,0,0,0,0,0,0,0,0",
        "info": "81",
        "lane_area_type": 23,
        "lane_type": 1,
        "left_border_id": 137438953537,
        "left_edge_dist": "6.33,6.32,6.32,6.31,6.31,6.3,6.3,6.3,6.3,6.3,6.3,6.3,6.3,6.3,6.3,6.3,6.3,6.3,6.3,6.3,6.3,6.3,6.3,6.3,6.3,6.3,6.31,6.31,6.31,6.31,6.31,6.31,6.31,6.31,6.31,6.31,6.31,6.31,6.31,6.31,6.31,6.31,6.31,6.31,6.31,6.31,6.31,6.31,6.31,6.31,6.31,6.31,6.31,6.31",
        "left_neighbor_id": 0,
        "left_neighbor_type": 0,
        "left_opposite_neighbor_id": 137439003266,
        "marker_ids": "",
        "next_ids": "137439003282",
        "overlap": "[{\"element_id\":137440201523,\"priority\":0,\"s_end\":63.379905700683594,\"s_start\":0.0,\"type\":4}]",
        "preference": 50,
        "preferred_speed": 25,
        "previous_ids": "137439763906,137439752482,137438999362,137439752546,137439752514,137439767682,137438999346,137439763922,137439752498,137439752530,137439752562",
        "priority": 80,
        "right_border_id": 137438953553,
        "right_edge_dist": "40.56,43.49,46.44,49.39,52.34,55.3,58.27,100,100,100,100,100,100,100,100,100,100,100,100,100,100,100,100,100,100,100,100,100,100,100,100,100,100,100,100,100,100,100,100,100,100,100,100,100,100,100,100,100,100,100,100,100,100,100",
        "right_neighbor_id": 0,
        "right_neighbor_type": 0,
        "road_edge_dist": "41488344,41423101,41423396,41358155,41358450,41293210,41293507,41353215,41353215,41353215,41353215,41353215,41353215,41353215,41353215,41353215,41353215,41353215,41353215,41353215,41353215,41353215,41353215,41353215,41353215,41353215,41418751,41418751,41418751,41418751,41418751,41418751,41418751,41418751,41418751,41418751,41418751,41418751,41418751,41418751,41418751,41418751,41418751,41418751,41418751,41418751,41418751,41418751,41418751,41418751,41418751,41418751,41418751,41418751",
        "slope": "0,0,0,0,0,0,0,0,0,0,0,0,0,0,0,0,0,0,0,0,0,0,0,0,0,0,0,0,0,0,0,0,0,0,0,0,0,0,0,0,0,0,0,0,0,0,0,0,0,0,0,0,0,0",
        "speed_limit": 25,
        "stopline_id": 0,
        "total_length": 156.70219581829414,
        "turn_type": 0,
        "uid": 137438953506
      }
    },
    {
      "type": "Feature",
      "geometry": {
        "type": "LineString",
        "coordinates": [
          [
            113.863977,
            22.499412
          ],
          [
            113.863986,
            22.499386
          ],
          [
            113.863995,
            22.499361
          ],
          [
            113.864002,
            22.49934
          ],
          [
            113.864004,
            22.499335
          ],
          [
            113.864013,
            22.499309
          ],
          [
            113.864015,
            22.499302
          ],
          [
            113.864022,
            22.499283
          ],
          [
            113.864031,
            22.499258
          ],
          [
            113.86404,
            22.499232
          ],
          [
            113.864049,
            22.499206
          ],
          [
            113.86405,
            22.499202
          ],
          [
            113.864059,
            22.499176
          ],
          [
            113.864061,
            22.499172
          ],
          [
            113.86407,
            22.499146
          ],
          [
            113.864078,
            22.499122
          ],
          [
            113.864081,
            22.499114
          ],
          [
            113.86409,
            22.499089
          ],
          [
            113.864099,
            22.499063
          ],
          [
            113.8641,
            22.499059
          ],
          [
            113.864109,
            22.499033
          ],
          [
            113.864118,
            22.499007
          ],
          [
            113.864119,
            22.499004
          ],
          [
            113.864128,
            22.498978
          ],
          [
            113.864137,
            22.498952
          ],
          [
            113.864138,
            22.498949
          ],
          [
            113.864147,
            22.498924
          ],
          [
            113.864156,
            22.498897
          ],
          [
            113.864158,
            22.498893
          ],
          [
            113.864164,
            22.498874
          ],
          [
            113.864173,
            22.498848
          ],
          [
            113.864177,
            22.498838
          ],
          [
            113.864183,
            22.49882
          ],
          [
            113.864192,
            22.498795
          ],
          [
            113.864196,
            22.498782
          ],
          [
            113.864205,
            22.498756
          ],
          [
            113.864214,
            22.49873
          ],
          [
            113.864215,
            22.498727
          ],
          [
            113.864225,
            22.498701
          ],
          [
            113.864234,
            22.498675
          ],
          [
            113.864235,
            22.498672
          ],
          [
            113.864244,
            22.498646
          ],
          [
            113.864253,
            22.49862
          ],
          [
            113.864254,
            22.498615
          ],
          [
            113.864263,
            22.49859
          ],
          [
            113.864272,
            22.498564
          ],
          [
            113.864273,
            22.49856
          ],
          [
            113.864282,
            22.498535
          ],
          [
            113.864291,
            22.498509
          ],
          [
            113.864293,
            22.498504
          ],
          [
            113.864298,
            22.498488
          ],
          [
            113.864307,
            22.498463
          ],
          [
            113.864312,
            22.498449
          ],
          [
            113.864317,
            22.498434
          ],
          [
            113.864326,
            22.498408
          ],
          [
            113.864331,
            22.498395
          ],
          [
            113.864336,
            22.498378
          ],
          [
            113.864345,
            22.498352
          ],
          [
            113.86435,
            22.498339
          ],
          [
            113.864359,
            22.498313
          ],
          [
            113.864368,
            22.498286
          ],
          [
            113.864371,
            22.498276
          ],
          [
            113.86438,
            22.49825
          ],
          [
            113.864389,
            22.498226
          ],
          [
            113.864398,
            22.4982
          ],
          [
            113.864407,
            22.498173
          ],
          [
            113.864416,
            22.498148
          ],
          [
            113.864425,
            22.498122
          ],
          [
            113.864427,
            22.498117
          ],
          [
            113.864436,
            22.498091
          ],
          [
            113.864445,
            22.498065
          ],
          [
            113.864447,
            22.49806
          ],
          [
            113.864456,
            22.498034
          ],
          [
            113.864461,
            22.498019
          ],
          [
            113.86447,
            22.497993
          ],
          [
            113.864479,
            22.497967
          ],
          [
            113.864485,
            22.49795
          ],
          [
            113.864494,
            22.497924
          ],
          [
            113.864502,
            22.497899
          ],
          [
            113.864504,
            22.497895
          ],
          [
            113.864513,
            22.497869
          ],
          [
            113.864522,
            22.497844
          ],
          [
            113.864524,
            22.497838
          ],
          [
            113.864533,
            22.497812
          ],
          [
            113.864542,
            22.497787
          ],
          [
            113.864551,
            22.497761
          ],
          [
            113.864559,
            22.497736
          ],
          [
            113.864562,
            22.497729
          ],
          [
            113.864571,
            22.497703
          ],
          [
            113.86458,
            22.497677
          ],
          [
            113.864581,
            22.497673
          ],
          [
            113.864585,
            22.497662
          ],
          [
            113.864594,
            22.497635
          ],
          [
            113.864601,
            22.497617
          ],
          [
            113.864609,
            22.497592
          ],
          [
            113.864619,
            22.497563
          ],
          [
            113.864628,
            22.497538
          ],
          [
            113.864637,
            22.497511
          ],
          [
            113.864639,
            22.497506
          ],
          [
            113.864648,
            22.49748
          ],
          [
            113.864657,
            22.497454
          ],
          [
            113.864659,
            22.49745
          ],
          [
            113.864668,
            22.497424
          ],
          [
            113.864677,
            22.497398
          ],
          [
            113.864678,
            22.497395
          ],
          [
            113.864683,
            22.49738
          ],
          [
            113.864692,
            22.497354
          ],
          [
            113.864697,
            22.497338
          ],
          [
            113.864706,
            22.497312
          ],
          [
            113.864716,
            22.497284
          ],
          [
            113.864725,
            22.497258
          ],
          [
            113.864734,
            22.497233
          ],
          [
            113.864738,
            22.49722
          ],
          [
            113.864747,
            22.497195
          ],
          [
            113.864755,
            22.497174
          ],
          [
            113.864763,
            22.497147
          ],
          [
            113.864772,
            22.497121
          ],
          [
            113.864774,
            22.497118
          ],
          [
            113.864783,
            22.497092
          ],
          [
            113.864791,
            22.497067
          ],
          [
            113.864793,
            22.497062
          ],
          [
            113.864802,
            22.497037
          ],
          [
            113.864811,
            22.49701
          ],
          [
            113.864812,
            22.497007
          ],
          [
            113.864821,
            22.496982
          ],
          [
            113.86483,
            22.496956
          ],
          [
            113.864832,
            22.496951
          ],
          [
            113.86484,
            22.496926
          ],
          [
            113.864846,
            22.49691
          ],
          [
            113.864855,
            22.496884
          ],
          [
            113.864864,
            22.496858
          ],
          [
            113.864873,
            22.496832
          ],
          [
            113.864882,
            22.496807
          ],
          [
            113.864889,
            22.496786
          ],
          [
            113.864898,
            22.496759
          ],
          [
            113.864907,
            22.496733
          ],
          [
            113.864916,
            22.496706
          ],
          [
            113.864926,
            22.49668
          ],
          [
            113.864927,
            22.496675
          ],
          [
            113.864936,
            22.496649
          ],
          [
            113.864945,
            22.496623
          ],
          [
            113.864947,
            22.496618
          ],
          [
            113.864956,
            22.496593
          ],
          [
            113.864964,
            22.496567
          ],
          [
            113.864968,
            22.496556
          ],
          [
            113.864977,
            22.496531
          ],
          [
            113.864985,
            22.496507
          ],
          [
            113.864995,
            22.49648
          ],
          [
            113.865003,
            22.496454
          ],
          [
            113.865005,
            22.496451
          ],
          [
            113.865013,
            22.496425
          ],
          [
            113.865023,
            22.496399
          ],
          [
            113.865031,
            22.496374
          ],
          [
            113.86504,
            22.496348
          ],
          [
            113.865042,
            22.496343
          ],
          [
            113.865049,
            22.496323
          ],
          [
            113.865058,
            22.496297
          ],
          [
            113.865062,
            22.496284
          ],
          [
            113.865071,
            22.496258
          ],
          [
            113.865076,
            22.496245
          ],
          [
            113.865085,
            22.496219
          ],
          [
            113.865094,
            22.496193
          ],
          [
            113.865103,
            22.496167
          ],
          [
            113.865104,
            22.496162
          ],
          [
            113.865113,
            22.496135
          ],
          [
            113.865122,
            22.49611
          ],
          [
            113.865131,
            22.496084
          ],
          [
            113.865133,
            22.496078
          ],
          [
            113.865142,
            22.496053
          ],
          [
            113.865151,
            22.496027
          ],
          [
            113.865152,
            22.496024
          ],
          [
            113.86516,
            22.496001
          ],
          [
            113.865164,
            22.495988
          ]
        ]
      },
      "properties": {
        "approx_heading": -72.32518963939881,
        "bidirection": 0,
        "cross_slope": "0,0,0,0",
        "info": "91",
        "lane_area_type": 21,
        "lane_type": 1,
        "left_border_id": 137439119825,
        "left_edge_dist": "16.73,16.66,16.52,16.37",
        "left_neighbor_id": 137439016642,
        "left_neighbor_type": 0,
        "left_opposite_neighbor_id": 0,
        "marker_ids": "",
        "next_ids": "137439774178",
        "overlap": "[{\"element_id\":137439698067,\"priority\":0,\"s_end\":0.5,\"s_start\":0.0,\"type\":4}]",
        "preference": 50,
        "preferred_speed": 20,
        "previous_ids": "137438962498,137438999138,137438999218,137438999058,137438962578",
        "priority": 0,
        "right_border_id": 137439119809,
        "right_edge_dist": "3.94,2.25,1.76,1.73",
        "right_neighbor_id": 0,
        "right_neighbor_type": 0,
        "road_edge_dist": "109642122,109183201,108265648,107282605",
        "slope": "0,0,0,0",
        "speed_limit": 20,
        "stopline_id": 0,
        "total_length": 8.366856832857394,
        "turn_type": 0,
        "uid": 137439016626
      }
    },
    {
      "type": "Feature",
      "geometry": {
        "type": "LineString",
        "coordinates": [
          [
            113.864009,
            22.499422
          ],
          [
            113.864018,
            22.499396
          ],
          [
            113.864026,
            22.49937
          ],
          [
            113.864034,
            22.49935
          ],
          [
            113.864035,
            22.499345
          ],
          [
            113.864044,
            22.499319
          ],
          [
            113.864047,
            22.499312
          ],
          [
            113.864053,
            22.499294
          ],
          [
            113.864062,
            22.499267
          ],
          [
            113.864071,
            22.499241
          ],
          [
            113.86408,
            22.499216
          ],
          [
            113.864083,
            22.499209
          ],
          [
            113.864092,
            22.499182
          ],
          [
            113.864101,
            22.499156
          ],
          [
            113.86411,
            22.49913
          ],
          [
            113.864112,
            22.499125
          ],
          [
            113.864121,
            22.499098
          ],
          [
            113.86413,
            22.499073
          ],
          [
            113.864132,
            22.499068
          ],
          [
            113.864137,
            22.499053
          ],
          [
            113.864146,
            22.499027
          ],
          [
            113.864152,
            22.499009
          ],
          [
            113.864161,
            22.498984
          ],
          [
            113.86417,
            22.498959
          ],
          [
            113.864179,
            22.498933
          ],
          [
            113.864188,
            22.498907
          ],
          [
            113.864189,
            22.498903
          ],
          [
            113.864195,
            22.498885
          ],
          [
            113.864204,
            22.498859
          ],
          [
            113.864208,
            22.498847
          ],
          [
            113.864214,
            22.498831
          ],
          [
            113.864223,
            22.498805
          ],
          [
            113.864228,
            22.498791
          ],
          [
            113.864233,
            22.498775
          ],
          [
            113.864242,
            22.49875
          ],
          [
            113.864247,
            22.498736
          ],
          [
            113.864256,
            22.49871
          ],
          [
            113.864265,
            22.498684
          ],
          [
            113.864266,
            22.49868
          ],
          [
            113.864275,
            22.498655
          ],
          [
            113.864284,
            22.498629
          ],
          [
            113.864285,
            22.498625
          ],
          [
            113.864294,
            22.498599
          ],
          [
            113.864303,
            22.498574
          ],
          [
            113.864306,
            22.498567
          ],
          [
            113.864315,
            22.498541
          ],
          [
            113.864324,
            22.498513
          ],
          [
            113.86433,
            22.498497
          ],
          [
            113.864339,
            22.498472
          ],
          [
            113.864343,
            22.498459
          ],
          [
            113.864352,
            22.498433
          ],
          [
            113.864361,
            22.498407
          ],
          [
            113.864363,
            22.498402
          ],
          [
            113.864372,
            22.498377
          ],
          [
            113.864381,
            22.498349
          ],
          [
            113.864391,
            22.498322
          ],
          [
            113.8644,
            22.498296
          ],
          [
            113.864401,
            22.498292
          ],
          [
            113.864407,
            22.498274
          ],
          [
            113.864416,
            22.498249
          ],
          [
            113.864421,
            22.498236
          ],
          [
            113.86443,
            22.49821
          ],
          [
            113.864438,
            22.498185
          ],
          [
            113.864439,
            22.498182
          ],
          [
            113.864448,
            22.498156
          ],
          [
            113.864457,
            22.498131
          ],
          [
            113.864459,
            22.498126
          ],
          [
            113.864468,
            22.4981
          ],
          [
            113.864477,
            22.498075
          ],
          [
            113.864486,
            22.498048
          ],
          [
            113.864494,
            22.498023
          ],
          [
            113.864497,
            22.498014
          ],
          [
            113.864507,
            22.497988
          ],
          [
            113.864516,
            22.497962
          ],
          [
            113.864517,
            22.497959
          ],
          [
            113.864526,
            22.497933
          ],
          [
            113.864535,
            22.497908
          ],
          [
            113.864535,
            22.497905
          ],
          [
            113.864544,
            22.497879
          ],
          [
            113.864553,
            22.497853
          ],
          [
            113.864555,
            22.497848
          ],
          [
            113.864564,
            22.497822
          ],
          [
            113.864574,
            22.497795
          ],
          [
            113.864583,
            22.497769
          ],
          [
            113.864591,
            22.497744
          ],
          [
            113.864594,
            22.497738
          ],
          [
            113.864602,
            22.497712
          ],
          [
            113.864611,
            22.497686
          ],
          [
            113.864613,
            22.497682
          ],
          [
            113.864622,
            22.497656
          ],
          [
            113.864631,
            22.49763
          ],
          [
            113.864633,
            22.497624
          ],
          [
            113.864642,
            22.497599
          ],
          [
            113.864651,
            22.497572
          ],
          [
            113.86466,
            22.497546
          ],
          [
            113.864669,
            22.497521
          ],
          [
            113.864671,
            22.497516
          ],
          [
            113.86468,
            22.49749
          ],
          [
            113.864689,
            22.497464
          ],
          [
            113.86469,
            22.497459
          ],
          [
            113.864699,
            22.497433
          ],
          [
            113.864708,
            22.497407
          ],
          [
            113.864714,
            22.497389
          ],
          [
            113.864723,
            22.497363
          ],
          [
            113.864728,
            22.497349
          ],
          [
            113.864737,
            22.497323
          ],
          [
            113.864746,
            22.497297
          ],
          [
            113.864747,
            22.497294
          ],
          [
            113.864756,
            22.497268
          ],
          [
            113.864765,
            22.497242
          ],
          [
            113.864767,
            22.497238
          ],
          [
            113.864773,
            22.497222
          ],
          [
            113.864782,
            22.497196
          ],
          [
            113.864786,
            22.497182
          ],
          [
            113.864795,
            22.497157
          ],
          [
            113.864804,
            22.497131
          ],
          [
            113.864805,
            22.497127
          ],
          [
            113.864814,
            22.497101
          ],
          [
            113.864823,
            22.497075
          ],
          [
            113.864825,
            22.497072
          ],
          [
            113.864834,
            22.497046
          ],
          [
            113.864842,
            22.49702
          ],
          [
            113.864844,
            22.497016
          ],
          [
            113.864853,
            22.496991
          ],
          [
            113.864862,
            22.496965
          ],
          [
            113.864863,
            22.496961
          ],
          [
            113.864872,
            22.496935
          ],
          [
            113.864881,
            22.496909
          ],
          [
            113.864882,
            22.496905
          ],
          [
            113.864891,
            22.496879
          ],
          [
            113.8649,
            22.496853
          ],
          [
            113.864902,
            22.49685
          ],
          [
            113.864911,
            22.496824
          ],
          [
            113.864919,
            22.496798
          ],
          [
            113.864921,
            22.496794
          ],
          [
            113.86493,
            22.496768
          ],
          [
            113.864939,
            22.49674
          ],
          [
            113.864948,
            22.496715
          ],
          [
            113.864957,
            22.496689
          ],
          [
            113.864959,
            22.496682
          ],
          [
            113.864968,
            22.496657
          ],
          [
            113.864977,
            22.496632
          ],
          [
            113.864978,
            22.496627
          ],
          [
            113.864987,
            22.496601
          ],
          [
            113.864996,
            22.496576
          ],
          [
            113.865,
            22.496564
          ],
          [
            113.865009,
            22.496538
          ],
          [
            113.865016,
            22.496517
          ],
          [
            113.865025,
            22.496491
          ],
          [
            113.865027,
            22.496486
          ],
          [
            113.865036,
            22.49646
          ],
          [
            113.865045,
            22.496435
          ],
          [
            113.865054,
            22.496407
          ],
          [
            113.865063,
            22.496381
          ],
          [
            113.865072,
            22.496356
          ],
          [
            113.865074,
            22.49635
          ],
          [
            113.86508,
            22.496332
          ],
          [
            113.865089,
            22.496306
          ],
          [
            113.865094,
            22.496294
          ],
          [
            113.865102,
            22.496269
          ],
          [
            113.865111,
            22.496243
          ],
          [
            113.865114,
            22.496233
          ],
          [
            113.865123,
            22.496207
          ],
          [
            113.865125,
            22.496202
          ],
          [
            113.865134,
            22.496177
          ],
          [
            113.865136,
            22.496171
          ],
          [
            113.865145,
            22.496145
          ],
          [
            113.86515,
            22.496129
          ],
          [
            113.865159,
            22.496103
          ],
          [
            113.865162,
            22.496094
          ],
          [
            113.865165,
            22.496086
          ],
          [
            113.865173,
            22.496063
          ],
          [
            113.865182,
            22.496037
          ],
          [
            113.865183,
            22.496033
          ],
          [
            113.865191,
            22.496011
          ],
          [
            113.865196,
            22.495997
          ]
        ]
      },
      "properties": {
        "approx_heading": -72.15820463167336,
        "bidirection": 0,
        "cross_slope": "0,0,0,0",
        "info": "92",
        "lane_area_type": 21,
        "lane_type": 1,
        "left_border_id": 137439119857,
        "left_edge_dist": "13.37,13.25,13.16,12.96",
        "left_neighbor_id": 137439016658,
        "left_neighbor_type": 0,
        "left_opposite_neighbor_id": 0,
        "marker_ids": "",
        "next_ids": "137439774162",
        "overlap": "[{\"element_id\":137439698067,\"priority\":0,\"s_end\":0.4999937415122986,\"s_start\":0.0,\"type\":4}]",
        "preference": 50,
        "preferred_speed": 20,
        "previous_ids": "137438999234,137438962594,137438999074,137438962514,137438999154",
        "priority": 0,
        "right_border_id": 137439119841,
        "right_edge_dist": "6.64,5.55,5.16,5.14",
        "right_neighbor_id": 137439016626,
        "right_neighbor_type": 0,
        "road_edge_dist": "87622296,86835755,86245892,84935170",
        "slope": "0,0,0,0",
        "speed_limit": 20,
        "stopline_id": 0,
        "total_length": 8.400506518557714,
        "turn_type": 0,
        "uid": 137439016642
      }
    },
    {
      "type": "Feature",
      "geometry": {
        "type": "LineString",
        "coordinates": [
          [
            113.864045,
            22.499433
          ],
          [
            113.864054,
            22.499407
          ],
          [
            113.864063,
            22.499382
          ],
          [
            113.864071,
            22.499361
          ],
          [
            113.864072,
            22.499356
          ],
          [
            113.864081,
            22.49933
          ],
          [
            113.864084,
            22.499323
          ],
          [
            113.86409,
            22.499305
          ],
          [
            113.864099,
            22.499279
          ],
          [
            113.864108,
            22.499253
          ],
          [
            113.864117,
            22.499228
          ],
          [
            113.864119,
            22.49922
          ],
          [
            113.864128,
            22.499195
          ],
          [
            113.86413,
            22.499191
          ],
          [
            113.864135,
            22.499176
          ],
          [
            113.864144,
            22.49915
          ],
          [
            113.864153,
            22.499124
          ],
          [
            113.864154,
            22.49912
          ],
          [
            113.864163,
            22.499095
          ],
          [
            113.864169,
            22.49908
          ],
          [
            113.864174,
            22.499063
          ],
          [
            113.864183,
            22.499038
          ],
          [
            113.864188,
            22.499025
          ],
          [
            113.864196,
            22.498999
          ],
          [
            113.864205,
            22.498973
          ],
          [
            113.864207,
            22.498969
          ],
          [
            113.864215,
            22.498945
          ],
          [
            113.864224,
            22.498919
          ],
          [
            113.864226,
            22.498914
          ],
          [
            113.864232,
            22.498896
          ],
          [
            113.864241,
            22.498871
          ],
          [
            113.864245,
            22.498859
          ],
          [
            113.864251,
            22.498841
          ],
          [
            113.86426,
            22.498816
          ],
          [
            113.864265,
            22.498803
          ],
          [
            113.864271,
            22.498786
          ],
          [
            113.86428,
            22.49876
          ],
          [
            113.864284,
            22.498747
          ],
          [
            113.86429,
            22.498731
          ],
          [
            113.864298,
            22.498705
          ],
          [
            113.864303,
            22.498691
          ],
          [
            113.864309,
            22.498675
          ],
          [
            113.864318,
            22.49865
          ],
          [
            113.864322,
            22.498637
          ],
          [
            113.864332,
            22.49861
          ],
          [
            113.864341,
            22.498584
          ],
          [
            113.864342,
            22.498581
          ],
          [
            113.864348,
            22.498565
          ],
          [
            113.864356,
            22.498539
          ],
          [
            113.864361,
            22.498524
          ],
          [
            113.864367,
            22.498508
          ],
          [
            113.864376,
            22.498482
          ],
          [
            113.864386,
            22.498454
          ],
          [
            113.864395,
            22.498429
          ],
          [
            113.8644,
            22.498414
          ],
          [
            113.864409,
            22.498387
          ],
          [
            113.864418,
            22.498362
          ],
          [
            113.864419,
            22.498358
          ],
          [
            113.864424,
            22.498343
          ],
          [
            113.864433,
            22.498317
          ],
          [
            113.864438,
            22.498302
          ],
          [
            113.864444,
            22.498286
          ],
          [
            113.864453,
            22.49826
          ],
          [
            113.864457,
            22.498247
          ],
          [
            113.864466,
            22.498222
          ],
          [
            113.864476,
            22.498194
          ],
          [
            113.864485,
            22.498168
          ],
          [
            113.864494,
            22.498142
          ],
          [
            113.864503,
            22.498117
          ],
          [
            113.864512,
            22.498091
          ],
          [
            113.864515,
            22.498081
          ],
          [
            113.864524,
            22.498056
          ],
          [
            113.864533,
            22.49803
          ],
          [
            113.864535,
            22.498025
          ],
          [
            113.864544,
            22.497999
          ],
          [
            113.864552,
            22.497973
          ],
          [
            113.864553,
            22.497971
          ],
          [
            113.864562,
            22.497945
          ],
          [
            113.864571,
            22.497919
          ],
          [
            113.864573,
            22.497915
          ],
          [
            113.864582,
            22.497889
          ],
          [
            113.864591,
            22.497863
          ],
          [
            113.864592,
            22.497859
          ],
          [
            113.864601,
            22.497833
          ],
          [
            113.86461,
            22.497807
          ],
          [
            113.864619,
            22.497781
          ],
          [
            113.864628,
            22.497755
          ],
          [
            113.864631,
            22.497748
          ],
          [
            113.86464,
            22.497722
          ],
          [
            113.864649,
            22.497696
          ],
          [
            113.86465,
            22.497693
          ],
          [
            113.864659,
            22.497667
          ],
          [
            113.864668,
            22.497641
          ],
          [
            113.864669,
            22.497637
          ],
          [
            113.864678,
            22.497612
          ],
          [
            113.864687,
            22.497586
          ],
          [
            113.864688,
            22.497583
          ],
          [
            113.864697,
            22.497557
          ],
          [
            113.864706,
            22.497531
          ],
          [
            113.864708,
            22.497527
          ],
          [
            113.864716,
            22.497501
          ],
          [
            113.864725,
            22.497475
          ],
          [
            113.864727,
            22.49747
          ],
          [
            113.864736,
            22.497444
          ],
          [
            113.864745,
            22.497418
          ],
          [
            113.864753,
            22.497395
          ],
          [
            113.864762,
            22.497369
          ],
          [
            113.864765,
            22.49736
          ],
          [
            113.864774,
            22.497334
          ],
          [
            113.864783,
            22.497308
          ],
          [
            113.864784,
            22.497305
          ],
          [
            113.864794,
            22.497279
          ],
          [
            113.864803,
            22.497253
          ],
          [
            113.864804,
            22.497249
          ],
          [
            113.864813,
            22.497223
          ],
          [
            113.864822,
            22.497197
          ],
          [
            113.864823,
            22.497194
          ],
          [
            113.864832,
            22.497168
          ],
          [
            113.864841,
            22.497142
          ],
          [
            113.864843,
            22.497137
          ],
          [
            113.864852,
            22.497112
          ],
          [
            113.86486,
            22.497086
          ],
          [
            113.864861,
            22.497083
          ],
          [
            113.864871,
            22.497056
          ],
          [
            113.86488,
            22.497031
          ],
          [
            113.864881,
            22.497027
          ],
          [
            113.86489,
            22.497001
          ],
          [
            113.864899,
            22.496975
          ],
          [
            113.8649,
            22.496972
          ],
          [
            113.864909,
            22.496946
          ],
          [
            113.864918,
            22.49692
          ],
          [
            113.86492,
            22.496916
          ],
          [
            113.864928,
            22.49689
          ],
          [
            113.864937,
            22.496864
          ],
          [
            113.864939,
            22.49686
          ],
          [
            113.864948,
            22.496835
          ],
          [
            113.864956,
            22.496809
          ],
          [
            113.864957,
            22.496806
          ],
          [
            113.864966,
            22.496781
          ],
          [
            113.864975,
            22.496755
          ],
          [
            113.864977,
            22.496751
          ],
          [
            113.864985,
            22.496725
          ],
          [
            113.864994,
            22.4967
          ],
          [
            113.864996,
            22.496695
          ],
          [
            113.865005,
            22.496669
          ],
          [
            113.865014,
            22.496643
          ],
          [
            113.865016,
            22.496638
          ],
          [
            113.865025,
            22.496612
          ],
          [
            113.865034,
            22.496586
          ],
          [
            113.865037,
            22.496576
          ],
          [
            113.865046,
            22.496549
          ],
          [
            113.865054,
            22.496527
          ],
          [
            113.865063,
            22.496502
          ],
          [
            113.865064,
            22.496498
          ],
          [
            113.865073,
            22.496473
          ],
          [
            113.865082,
            22.496447
          ],
          [
            113.865091,
            22.496421
          ],
          [
            113.865092,
            22.496417
          ],
          [
            113.865101,
            22.496392
          ],
          [
            113.86511,
            22.496365
          ],
          [
            113.865112,
            22.49636
          ],
          [
            113.865117,
            22.496343
          ],
          [
            113.865126,
            22.496317
          ],
          [
            113.865131,
            22.496305
          ],
          [
            113.865139,
            22.496279
          ],
          [
            113.865148,
            22.496253
          ],
          [
            113.865152,
            22.496242
          ],
          [
            113.865162,
            22.496214
          ],
          [
            113.865171,
            22.496188
          ],
          [
            113.865173,
            22.496183
          ],
          [
            113.865182,
            22.496157
          ],
          [
            113.86519,
            22.496131
          ],
          [
            113.865199,
            22.496105
          ],
          [
            113.865202,
            22.496098
          ],
          [
            113.86521,
            22.496074
          ],
          [
            113.865219,
            22.496048
          ],
          [
            113.865221,
            22.496044
          ],
          [
            113.865228,
            22.496023
          ],
          [
            113.865233,
            22.496009
          ]
        ]
      },
      "properties": {
        "approx_heading": -72.12506723042206,
        "bidirection": 0,
        "cross_slope": "0,0,0,0",
        "info": "93",
        "lane_area_type": 21,
        "lane_type": 1,
        "left_border_id": 137439119889,
        "left_edge_dist": "9.41,9.26,9.2,8.97",
        "left_neighbor_id": 137439016674,
        "left_neighbor_type": 0,
        "left_opposite_neighbor_id": 0,
        "marker_ids": "",
        "next_ids": "137439774194",
        "overlap": "[{\"element_id\":137439698067,\"priority\":0,\"s_end\":0.4999789595603943,\"s_start\":0.0,\"type\":4}]",
        "preference": 50,
        "preferred_speed": 20,
        "previous_ids": "137438962530,137438999170,137438962610,137438999250,137438999090",
        "priority": 0,
        "right_border_id": 137439119873,
        "right_edge_dist": "10.24,9.43,9.16,9.14",
        "right_neighbor_id": 137439016642,
        "right_neighbor_type": 0,
        "road_edge_dist": "61670400,60687279,60294036,58786706",
        "slope": "0,0,0,0",
        "speed_limit": 20,
        "stopline_id": 0,
        "total_length": 8.453420562235916,
        "turn_type": 0,
        "uid": 137439016658
      }
    },
    {
      "type": "Feature",
      "geometry": {
        "type": "LineString",
        "coordinates": [
          [
            113.864082,
            22.499444
          ],
          [
            113.864091,
            22.499419
          ],
          [
            113.8641,
            22.499393
          ],
          [
            113.864107,
            22.499372
          ],
          [
            113.864109,
            22.499367
          ],
          [
            113.864118,
            22.499341
          ],
          [
            113.86412,
            22.499334
          ],
          [
            113.864127,
            22.499315
          ],
          [
            113.864136,
            22.49929
          ],
          [
            113.864145,
            22.499264
          ],
          [
            113.864153,
            22.499239
          ],
          [
            113.864155,
            22.499235
          ],
          [
            113.864165,
            22.499208
          ],
          [
            113.864166,
            22.499203
          ],
          [
            113.864172,
            22.499188
          ],
          [
            113.864181,
            22.499162
          ],
          [
            113.864189,
            22.499139
          ],
          [
            113.864198,
            22.499113
          ],
          [
            113.864207,
            22.499087
          ],
          [
            113.864208,
            22.499082
          ],
          [
            113.864217,
            22.499057
          ],
          [
            113.864224,
            22.499036
          ],
          [
            113.864233,
            22.49901
          ],
          [
            113.864242,
            22.498984
          ],
          [
            113.864244,
            22.498979
          ],
          [
            113.864253,
            22.498953
          ],
          [
            113.864262,
            22.498927
          ],
          [
            113.864263,
            22.498925
          ],
          [
            113.864272,
            22.498899
          ],
          [
            113.864281,
            22.498873
          ],
          [
            113.864285,
            22.498861
          ],
          [
            113.864294,
            22.498836
          ],
          [
            113.864303,
            22.49881
          ],
          [
            113.864304,
            22.498807
          ],
          [
            113.864313,
            22.498781
          ],
          [
            113.864322,
            22.498755
          ],
          [
            113.864325,
            22.498747
          ],
          [
            113.864334,
            22.498722
          ],
          [
            113.864342,
            22.498698
          ],
          [
            113.864351,
            22.498671
          ],
          [
            113.864361,
            22.498645
          ],
          [
            113.86437,
            22.498618
          ],
          [
            113.864379,
            22.498593
          ],
          [
            113.86438,
            22.498587
          ],
          [
            113.864389,
            22.498562
          ],
          [
            113.864398,
            22.498536
          ],
          [
            113.864407,
            22.49851
          ],
          [
            113.864416,
            22.498484
          ],
          [
            113.86442,
            22.498474
          ],
          [
            113.864429,
            22.498448
          ],
          [
            113.864438,
            22.498422
          ],
          [
            113.864441,
            22.498414
          ],
          [
            113.86445,
            22.498387
          ],
          [
            113.864458,
            22.498364
          ],
          [
            113.864467,
            22.498338
          ],
          [
            113.864476,
            22.498313
          ],
          [
            113.864477,
            22.498309
          ],
          [
            113.864486,
            22.498283
          ],
          [
            113.864495,
            22.498258
          ],
          [
            113.864504,
            22.498232
          ],
          [
            113.864513,
            22.498204
          ],
          [
            113.864522,
            22.498179
          ],
          [
            113.864531,
            22.498153
          ],
          [
            113.864534,
            22.498145
          ],
          [
            113.864543,
            22.498119
          ],
          [
            113.864552,
            22.498093
          ],
          [
            113.864554,
            22.498086
          ],
          [
            113.864563,
            22.49806
          ],
          [
            113.864566,
            22.498051
          ],
          [
            113.864575,
            22.498026
          ],
          [
            113.864584,
            22.498
          ],
          [
            113.86459,
            22.497982
          ],
          [
            113.864599,
            22.497956
          ],
          [
            113.864608,
            22.49793
          ],
          [
            113.86461,
            22.497926
          ],
          [
            113.864619,
            22.4979
          ],
          [
            113.864628,
            22.497874
          ],
          [
            113.864629,
            22.49787
          ],
          [
            113.864638,
            22.497844
          ],
          [
            113.864648,
            22.497817
          ],
          [
            113.864657,
            22.497791
          ],
          [
            113.864665,
            22.497765
          ],
          [
            113.864667,
            22.497759
          ],
          [
            113.864677,
            22.497733
          ],
          [
            113.864686,
            22.497707
          ],
          [
            113.864687,
            22.497704
          ],
          [
            113.864696,
            22.497678
          ],
          [
            113.864705,
            22.497652
          ],
          [
            113.864707,
            22.497645
          ],
          [
            113.864716,
            22.497619
          ],
          [
            113.864725,
            22.497593
          ],
          [
            113.864727,
            22.497586
          ],
          [
            113.864736,
            22.497561
          ],
          [
            113.864745,
            22.497535
          ],
          [
            113.864754,
            22.497509
          ],
          [
            113.864763,
            22.497483
          ],
          [
            113.864773,
            22.497456
          ],
          [
            113.864782,
            22.497431
          ],
          [
            113.864782,
            22.497428
          ],
          [
            113.864792,
            22.497402
          ],
          [
            113.864795,
            22.497392
          ],
          [
            113.864804,
            22.497366
          ],
          [
            113.864813,
            22.49734
          ],
          [
            113.864822,
            22.497314
          ],
          [
            113.864825,
            22.497306
          ],
          [
            113.864834,
            22.49728
          ],
          [
            113.864842,
            22.497255
          ],
          [
            113.864843,
            22.497252
          ],
          [
            113.864852,
            22.497226
          ],
          [
            113.864861,
            22.497203
          ],
          [
            113.864869,
            22.497178
          ],
          [
            113.864878,
            22.497152
          ],
          [
            113.86488,
            22.497149
          ],
          [
            113.864888,
            22.497123
          ],
          [
            113.864898,
            22.497095
          ],
          [
            113.864907,
            22.497068
          ],
          [
            113.864916,
            22.497042
          ],
          [
            113.864918,
            22.497038
          ],
          [
            113.864927,
            22.497013
          ],
          [
            113.864936,
            22.496987
          ],
          [
            113.864937,
            22.496982
          ],
          [
            113.864946,
            22.496958
          ],
          [
            113.864955,
            22.496932
          ],
          [
            113.864956,
            22.496927
          ],
          [
            113.864965,
            22.496901
          ],
          [
            113.864974,
            22.496875
          ],
          [
            113.864975,
            22.496872
          ],
          [
            113.864984,
            22.496846
          ],
          [
            113.864993,
            22.496821
          ],
          [
            113.864994,
            22.496818
          ],
          [
            113.865003,
            22.496792
          ],
          [
            113.865012,
            22.496765
          ],
          [
            113.865021,
            22.496739
          ],
          [
            113.86503,
            22.496713
          ],
          [
            113.865033,
            22.496706
          ],
          [
            113.865042,
            22.49668
          ],
          [
            113.865051,
            22.496654
          ],
          [
            113.865052,
            22.496652
          ],
          [
            113.865061,
            22.496625
          ],
          [
            113.86507,
            22.496599
          ],
          [
            113.865071,
            22.496594
          ],
          [
            113.86508,
            22.496569
          ],
          [
            113.86509,
            22.496541
          ],
          [
            113.865099,
            22.496515
          ],
          [
            113.865108,
            22.49649
          ],
          [
            113.865117,
            22.496463
          ],
          [
            113.865126,
            22.496437
          ],
          [
            113.865129,
            22.496429
          ],
          [
            113.865137,
            22.496403
          ],
          [
            113.865145,
            22.49638
          ],
          [
            113.865154,
            22.496353
          ],
          [
            113.865163,
            22.496328
          ],
          [
            113.865172,
            22.496303
          ],
          [
            113.865181,
            22.496277
          ],
          [
            113.865189,
            22.496254
          ],
          [
            113.865198,
            22.496228
          ],
          [
            113.865207,
            22.496201
          ],
          [
            113.865216,
            22.496175
          ],
          [
            113.865218,
            22.496168
          ],
          [
            113.865227,
            22.496142
          ],
          [
            113.865236,
            22.496116
          ],
          [
            113.865239,
            22.496109
          ],
          [
            113.865247,
            22.496085
          ],
          [
            113.865256,
            22.496059
          ],
          [
            113.865257,
            22.496056
          ],
          [
            113.865265,
            22.496034
          ],
          [
            113.86527,
            22.49602
          ]
        ]
      },
      "properties": {
        "approx_heading": -72.17059071168724,
        "bidirection": 0,
        "cross_slope": "0,0,0,0",
        "info": "94",
        "lane_area_type": 21,
        "lane_type": 1,
        "left_border_id": 137439119921,
        "left_edge_dist": "5.52,5.29,5.24,4.99",
        "left_neighbor_id": 137439016690,
        "left_neighbor_type": 0,
        "left_opposite_neighbor_id": 0,
        "marker_ids": "",
        "next_ids": "137439774146",
        "overlap": "[{\"element_id\":137439698067,\"priority\":0,\"s_end\":0.49999722838401794,\"s_start\":0.0,\"type\":4}]",
        "preference": 50,
        "preferred_speed": 20,
        "previous_ids": "137438962626,137438999106,137438999266,137438999186,137438962546",
        "priority": 0,
        "right_border_id": 137439119905,
        "right_edge_dist": "14.03,13.35,13.13,13.11",
        "right_neighbor_id": 137439016658,
        "right_neighbor_type": 0,
        "road_edge_dist": "36177275,34669879,34342177,32703775",
        "slope": "0,0,0,0",
        "speed_limit": 20,
        "stopline_id": 0,
        "total_length": 8.443752053203577,
        "turn_type": 0,
        "uid": 137439016674
      }
    },
    {
      "type": "Feature",
      "geometry": {
        "type": "LineString",
        "coordinates": [
          [
            113.864114,
            22.499454
          ],
          [
            113.864123,
            22.499428
          ],
          [
            113.864132,
            22.499402
          ],
          [
            113.864139,
            22.499382
          ],
          [
            113.864141,
            22.499377
          ],
          [
            113.86415,
            22.499351
          ],
          [
            113.864152,
            22.499343
          ],
          [
            113.864159,
            22.499325
          ],
          [
            113.864168,
            22.499299
          ],
          [
            113.864176,
            22.499274
          ],
          [
            113.864185,
            22.499249
          ],
          [
            113.864194,
            22.499224
          ],
          [
            113.864197,
            22.499215
          ],
          [
            113.864199,
            22.49921
          ],
          [
            113.864207,
            22.499185
          ],
          [
            113.864216,
            22.499159
          ],
          [
            113.864222,
            22.499144
          ],
          [
            113.864231,
            22.499118
          ],
          [
            113.86424,
            22.499092
          ],
          [
            113.864249,
            22.499067
          ],
          [
            113.864258,
            22.499041
          ],
          [
            113.864267,
            22.499014
          ],
          [
            113.864275,
            22.498989
          ],
          [
            113.864284,
            22.498963
          ],
          [
            113.864293,
            22.498937
          ],
          [
            113.864302,
            22.498911
          ],
          [
            113.864311,
            22.498885
          ],
          [
            113.864316,
            22.498872
          ],
          [
            113.864325,
            22.498847
          ],
          [
            113.864334,
            22.498821
          ],
          [
            113.864336,
            22.498816
          ],
          [
            113.864345,
            22.49879
          ],
          [
            113.864354,
            22.498764
          ],
          [
            113.864356,
            22.498758
          ],
          [
            113.864365,
            22.498732
          ],
          [
            113.864374,
            22.498707
          ],
          [
            113.864383,
            22.498681
          ],
          [
            113.864392,
            22.498653
          ],
          [
            113.864401,
            22.498628
          ],
          [
            113.86441,
            22.498602
          ],
          [
            113.864414,
            22.49859
          ],
          [
            113.864423,
            22.498564
          ],
          [
            113.864432,
            22.498538
          ],
          [
            113.864434,
            22.498533
          ],
          [
            113.864443,
            22.498507
          ],
          [
            113.864452,
            22.498481
          ],
          [
            113.864454,
            22.498475
          ],
          [
            113.864463,
            22.49845
          ],
          [
            113.864472,
            22.498422
          ],
          [
            113.864481,
            22.498396
          ],
          [
            113.864489,
            22.498372
          ],
          [
            113.864499,
            22.498346
          ],
          [
            113.864508,
            22.49832
          ],
          [
            113.864517,
            22.498294
          ],
          [
            113.864526,
            22.498268
          ],
          [
            113.864527,
            22.498264
          ],
          [
            113.864536,
            22.498238
          ],
          [
            113.864545,
            22.498213
          ],
          [
            113.864554,
            22.498187
          ],
          [
            113.864563,
            22.498161
          ],
          [
            113.864566,
            22.498152
          ],
          [
            113.864575,
            22.498127
          ],
          [
            113.864584,
            22.498101
          ],
          [
            113.864589,
            22.498086
          ],
          [
            113.864598,
            22.49806
          ],
          [
            113.864605,
            22.498039
          ],
          [
            113.864614,
            22.498013
          ],
          [
            113.864623,
            22.497987
          ],
          [
            113.864625,
            22.497983
          ],
          [
            113.864633,
            22.497958
          ],
          [
            113.864641,
            22.497934
          ],
          [
            113.86465,
            22.497909
          ],
          [
            113.86466,
            22.497883
          ],
          [
            113.864661,
            22.49788
          ],
          [
            113.86467,
            22.497854
          ],
          [
            113.864678,
            22.497828
          ],
          [
            113.864687,
            22.497802
          ],
          [
            113.864696,
            22.497777
          ],
          [
            113.864701,
            22.497763
          ],
          [
            113.86471,
            22.497737
          ],
          [
            113.864718,
            22.497712
          ],
          [
            113.864723,
            22.497699
          ],
          [
            113.864732,
            22.497674
          ],
          [
            113.864738,
            22.497656
          ],
          [
            113.864747,
            22.497631
          ],
          [
            113.864756,
            22.497604
          ],
          [
            113.864765,
            22.497578
          ],
          [
            113.864774,
            22.497552
          ],
          [
            113.864777,
            22.497545
          ],
          [
            113.864786,
            22.497519
          ],
          [
            113.864795,
            22.497493
          ],
          [
            113.864804,
            22.497468
          ],
          [
            113.864813,
            22.497442
          ],
          [
            113.864822,
            22.497416
          ],
          [
            113.86483,
            22.49739
          ],
          [
            113.864834,
            22.49738
          ],
          [
            113.864843,
            22.497354
          ],
          [
            113.864852,
            22.497328
          ],
          [
            113.864857,
            22.497313
          ],
          [
            113.864866,
            22.497287
          ],
          [
            113.864875,
            22.497261
          ],
          [
            113.864884,
            22.497235
          ],
          [
            113.864893,
            22.49721
          ],
          [
            113.864902,
            22.497184
          ],
          [
            113.864911,
            22.497158
          ],
          [
            113.86492,
            22.497132
          ],
          [
            113.864929,
            22.497107
          ],
          [
            113.86493,
            22.497102
          ],
          [
            113.864939,
            22.497076
          ],
          [
            113.864948,
            22.49705
          ],
          [
            113.864949,
            22.497048
          ],
          [
            113.864958,
            22.497022
          ],
          [
            113.864967,
            22.496996
          ],
          [
            113.864969,
            22.496991
          ],
          [
            113.864978,
            22.496965
          ],
          [
            113.864987,
            22.496939
          ],
          [
            113.864991,
            22.496926
          ],
          [
            113.865,
            22.496901
          ],
          [
            113.865009,
            22.496875
          ],
          [
            113.865018,
            22.496849
          ],
          [
            113.865025,
            22.496828
          ],
          [
            113.865034,
            22.496802
          ],
          [
            113.865044,
            22.496774
          ],
          [
            113.865053,
            22.496748
          ],
          [
            113.865062,
            22.496722
          ],
          [
            113.865064,
            22.496717
          ],
          [
            113.865073,
            22.496691
          ],
          [
            113.865082,
            22.496666
          ],
          [
            113.865088,
            22.496647
          ],
          [
            113.865097,
            22.496621
          ],
          [
            113.865103,
            22.496604
          ],
          [
            113.865111,
            22.49658
          ],
          [
            113.86512,
            22.496554
          ],
          [
            113.865122,
            22.496549
          ],
          [
            113.865131,
            22.496523
          ],
          [
            113.86514,
            22.496498
          ],
          [
            113.865141,
            22.496493
          ],
          [
            113.86515,
            22.496467
          ],
          [
            113.865159,
            22.496441
          ],
          [
            113.865168,
            22.496415
          ],
          [
            113.865177,
            22.496389
          ],
          [
            113.86518,
            22.496381
          ],
          [
            113.865186,
            22.496364
          ],
          [
            113.865195,
            22.496338
          ],
          [
            113.865201,
            22.49632
          ],
          [
            113.86521,
            22.496294
          ],
          [
            113.865213,
            22.496286
          ],
          [
            113.865222,
            22.496261
          ],
          [
            113.865231,
            22.496235
          ],
          [
            113.865239,
            22.496209
          ],
          [
            113.865248,
            22.496183
          ],
          [
            113.86525,
            22.496178
          ],
          [
            113.865259,
            22.496152
          ],
          [
            113.865268,
            22.496126
          ],
          [
            113.86527,
            22.49612
          ],
          [
            113.865279,
            22.496095
          ],
          [
            113.865287,
            22.496069
          ],
          [
            113.865289,
            22.496065
          ],
          [
            113.865296,
            22.496043
          ],
          [
            113.865301,
            22.49603
          ]
        ]
      },
      "properties": {
        "approx_heading": -72.07628867193081,
        "bidirection": 0,
        "cross_slope": "0,0,0,0",
        "info": "95",
        "lane_area_type": 21,
        "lane_type": 1,
        "left_border_id": 137439119953,
        "left_edge_dist": "2.44,1.87,1.83,1.57",
        "left_neighbor_id": 0,
        "left_neighbor_type": 0,
        "left_opposite_neighbor_id": 0,
        "marker_ids": "",
        "next_ids": "137439774210",
        "overlap": "[]",
        "preference": 50,
        "preferred_speed": 20,
        "previous_ids": "137438999202,137438962562,137438962642,137438999122,137438999282",
        "priority": 0,
        "right_border_id": 137439119937,
        "right_edge_dist": "17.32,16.74,16.54,16.53",
        "right_neighbor_id": 137439016674,
        "right_neighbor_type": 0,
        "road_edge_dist": "15992516,12256906,11994742,10290805",
        "slope": "0,0,0,0",
        "speed_limit": 20,
        "stopline_id": 0,
        "total_length": 8.377963613321187,
        "turn_type": 0,
        "uid": 137439016690
      }
    },
    {
      "type": "Feature",
      "geometry": {
        "type": "LineString",
        "coordinates": [
          [
            113.864731,
            22.499774
          ],
          [
            113.864703,
            22.499766
          ],
          [
            113.864675,
            22.499758
          ],
          [
            113.864648,
            22.499749
          ],
          [
            113.86462,
            22.499741
          ],
          [
            113.864592,
            22.499733
          ],
          [
            113.864564,
            22.499724
          ],
          [
            113.864537,
            22.499716
          ],
          [
            113.864509,
            22.499708
          ],
          [
            113.864481,
            22.499699
          ],
          [
            113.864453,
            22.499691
          ],
          [
            113.864426,
            22.499683
          ],
          [
            113.864398,
            22.499674
          ],
          [
            113.86437,
            22.499666
          ],
          [
            113.864342,
            22.499658
          ],
          [
            113.864315,
            22.499649
          ],
          [
            113.864287,
            22.499641
          ],
          [
            113.864259,
            22.499633
          ],
          [
            113.864231,
            22.499624
          ],
          [
            113.864204,
            22.499616
          ],
          [
            113.864176,
            22.499608
          ],
          [
            113.864148,
            22.499599
          ],
          [
            113.86412,
            22.499591
          ],
          [
            113.864114,
            22.499589
          ],
          [
            113.864097,
            22.499584
          ],
          [
            113.864082,
            22.49958
          ],
          [
            113.86407,
            22.499576
          ],
          [
            113.864059,
            22.499573
          ],
          [
            113.864049,
            22.49957
          ],
          [
            113.864041,
            22.499567
          ],
          [
            113.864033,
            22.499565
          ],
          [
            113.864027,
            22.499563
          ],
          [
            113.86402,
            22.499561
          ],
          [
            113.864014,
            22.499559
          ],
          [
            113.864008,
            22.499558
          ],
          [
            113.864002,
            22.499556
          ],
          [
            113.863995,
            22.499554
          ],
          [
            113.863988,
            22.499551
          ],
          [
            113.863979,
            22.499549
          ],
          [
            113.86397,
            22.499546
          ],
          [
            113.863959,
            22.499543
          ],
          [
            113.863946,
            22.499539
          ],
          [
            113.863932,
            22.499535
          ],
          [
            113.863915,
            22.49953
          ],
          [
            113.863887,
            22.499521
          ],
          [
            113.863859,
            22.499513
          ],
          [
            113.863832,
            22.499505
          ],
          [
            113.863804,
            22.499497
          ],
          [
            113.863776,
            22.499488
          ],
          [
            113.863748,
            22.49948
          ],
          [
            113.863727,
            22.499474
          ]
        ]
      },
      "properties": {
        "approx_heading": -162.10019757284454,
        "bidirection": 0,
        "cross_slope": "0,0,0,0,0,0,0,0,0,0,0,0,0,0,0,0,0,0,0,0,0,0,0,0",
        "info": "254",
        "lane_area_type": 22,
        "lane_type": 1,
        "left_border_id": 137438992449,
        "left_edge_dist": "15.7,15.74,15.74,15.71,15.69,16.07,15.69,15.61,15.61,15.62,15.63,15.71,15.7,15.68,15.68,15.68,15.69,15.76,16.31,16.09,15.7,15.71,15.74,15.74",
        "left_neighbor_id": 0,
        "left_neighbor_type": 0,
        "left_opposite_neighbor_id": 0,
        "marker_ids": "",
        "next_ids": "137438962530,137438962498,137438998850,137438962562,137438962514,137438962546",
        "overlap": "[{\"element_id\":137439698067,\"priority\":0,\"s_end\":30.44782066345215,\"s_start\":0.0,\"type\":4}]",
        "preference": 50,
        "preferred_speed": 25,
        "previous_ids": "137438963618",
        "priority": 40,
        "right_border_id": 137438992465,
        "right_edge_dist": "11.18,12.7,12.7,12.7,12.7,12.71,12.71,12.71,12.71,12.71,12.72,12.72,12.72,12.72,12.72,12.72,12.73,12.73,12.73,12.73,12.73,12.68,10.5,10.04",
        "right_neighbor_id": 137438958178,
        "right_neighbor_type": 0,
        "road_edge_dist": "102892638,103154934,103154934,102958326,102827254,105317623,102827255,102302967,102302967,102368503,102434040,102958328,102892792,102761720,102761720,102761720,102827257,103286009,106890489,105448697,102892793,102958324,103154714,103154668",
        "slope": "0,0,0,0,0,0,0,0,0,0,0,0,0,0,0,0,0,0,0,0,0,0,0,0",
        "speed_limit": 25,
        "stopline_id": 0,
        "total_length": 66.72791449697525,
        "turn_type": 0,
        "uid": 137438958162
      }
    },
    {
      "type": "Feature",
      "geometry": {
        "type": "LineString",
        "coordinates": [
          [
            113.864719,
            22.499809
          ],
          [
            113.864692,
            22.4998
          ],
          [
            113.864664,
            22.499792
          ],
          [
            113.864636,
            22.499784
          ],
          [
            113.864608,
            22.499776
          ],
          [
            113.864581,
            22.499767
          ],
          [
            113.864553,
            22.499759
          ],
          [
            113.864525,
            22.499751
          ],
          [
            113.864497,
            22.499742
          ],
          [
            113.86447,
            22.499734
          ],
          [
            113.864442,
            22.499726
          ],
          [
            113.864414,
            22.499717
          ],
          [
            113.864386,
            22.499709
          ],
          [
            113.864359,
            22.499701
          ],
          [
            113.864331,
            22.499692
          ],
          [
            113.864303,
            22.499684
          ],
          [
            113.864275,
            22.499676
          ],
          [
            113.864248,
            22.499667
          ],
          [
            113.86422,
            22.499659
          ],
          [
            113.864192,
            22.499651
          ],
          [
            113.864164,
            22.499643
          ],
          [
            113.864137,
            22.499634
          ],
          [
            113.864109,
            22.499626
          ],
          [
            113.864101,
            22.499624
          ],
          [
            113.864084,
            22.499619
          ],
          [
            113.86407,
            22.499614
          ],
          [
            113.864057,
            22.49961
          ],
          [
            113.864046,
            22.499607
          ],
          [
            113.864036,
            22.499604
          ],
          [
            113.864028,
            22.499602
          ],
          [
            113.86402,
            22.499599
          ],
          [
            113.864014,
            22.499597
          ],
          [
            113.864008,
            22.499595
          ],
          [
            113.864002,
            22.499594
          ],
          [
            113.863996,
            22.499592
          ],
          [
            113.863989,
            22.49959
          ],
          [
            113.863983,
            22.499588
          ],
          [
            113.863975,
            22.499586
          ],
          [
            113.863967,
            22.499583
          ],
          [
            113.863957,
            22.49958
          ],
          [
            113.863946,
            22.499577
          ],
          [
            113.863933,
            22.499573
          ],
          [
            113.863919,
            22.499569
          ],
          [
            113.863902,
            22.499564
          ],
          [
            113.863874,
            22.499556
          ],
          [
            113.863847,
            22.499547
          ],
          [
            113.863819,
            22.499539
          ],
          [
            113.863791,
            22.499531
          ],
          [
            113.863763,
            22.499522
          ],
          [
            113.863736,
            22.499514
          ],
          [
            113.863715,
            22.499508
          ]
        ]
      },
      "properties": {
        "approx_heading": -162.13110296435468,
        "bidirection": 0,
        "cross_slope": "0,0,0,0,0,0,0,0,0,0,0,0,0,0,0,0,0,0,0,0,0,0,0,0",
        "info": "255",
        "lane_area_type": 22,
        "lane_type": 1,
        "left_border_id": 137438992465,
        "left_edge_dist": "19.7,19.74,19.75,19.71,19.69,19.99,19.69,19.62,19.63,19.63,19.64,19.71,19.71,19.7,19.7,19.71,19.71,19.77,20.21,20.05,19.73,19.74,19.77,19.78",
        "left_neighbor_id": 137438958162,
        "left_neighbor_type": 0,
        "left_opposite_neighbor_id": 0,
        "marker_ids": "",
        "next_ids": "137438962626,137438962594,137438962610,137438962578,137438962642,137438998898",
        "overlap": "[{\"element_id\":137439698067,\"priority\":0,\"s_end\":47.49424362182617,\"s_start\":0.0,\"type\":4}]",
        "preference": 50,
        "preferred_speed": 25,
        "previous_ids": "137438963794",
        "priority": 40,
        "right_border_id": 137438992481,
        "right_edge_dist": "8.7,8.7,8.7,8.7,8.7,8.7,8.7,8.7,8.7,8.7,8.7,8.7,8.7,8.7,8.7,8.7,8.7,8.7,8.7,8.7,8.7,8.7,7.95,7.22",
        "right_neighbor_id": 0,
        "right_neighbor_type": 0,
        "road_edge_dist": "129106790,129368934,129434470,129172326,129041254,131007334,129041254,128582502,128648038,128648038,128713574,129172326,129172326,129106790,129106790,129172326,129172326,129565542,132449126,131400550,129303398,129368934,129565467,129630930",
        "slope": "0,0,0,0,0,0,0,0,0,0,0,0,0,0,0,0,0,0,0,0,0,0,0,0",
        "speed_limit": 25,
        "stopline_id": 0,
        "total_length": 66.85497573282895,
        "turn_type": 0,
        "uid": 137438958178
      }
    },
    {
      "type": "Feature",
      "geometry": {
        "type": "LineString",
        "coordinates": [
          [
            113.863741,
            22.499436
          ],
          [
            113.863769,
            22.499444
          ],
          [
            113.863797,
            22.499453
          ],
          [
            113.863825,
            22.499461
          ],
          [
            113.863852,
            22.499469
          ],
          [
            113.86388,
            22.499477
          ],
          [
            113.863908,
            22.499486
          ],
          [
            113.863929,
            22.499492
          ],
          [
            113.863945,
            22.499497
          ],
          [
            113.86396,
            22.499501
          ],
          [
            113.863972,
            22.499505
          ],
          [
            113.863983,
            22.499508
          ],
          [
            113.863993,
            22.499511
          ],
          [
            113.864001,
            22.499513
          ],
          [
            113.864009,
            22.499516
          ],
          [
            113.864015,
            22.499518
          ],
          [
            113.864021,
            22.499519
          ],
          [
            113.864027,
            22.499521
          ],
          [
            113.864033,
            22.499523
          ],
          [
            113.864039,
            22.499525
          ],
          [
            113.864046,
            22.499527
          ],
          [
            113.864053,
            22.499529
          ],
          [
            113.864062,
            22.499531
          ],
          [
            113.864071,
            22.499534
          ],
          [
            113.864082,
            22.499538
          ],
          [
            113.864095,
            22.499541
          ],
          [
            113.864109,
            22.499546
          ],
          [
            113.864126,
            22.499551
          ],
          [
            113.864153,
            22.499559
          ],
          [
            113.864181,
            22.499567
          ],
          [
            113.864209,
            22.499576
          ],
          [
            113.864237,
            22.499584
          ],
          [
            113.864264,
            22.499592
          ],
          [
            113.864292,
            22.499601
          ],
          [
            113.86432,
            22.499609
          ],
          [
            113.864348,
            22.499617
          ],
          [
            113.864375,
            22.499626
          ],
          [
            113.864403,
            22.499634
          ],
          [
            113.864431,
            22.499642
          ],
          [
            113.864459,
            22.499651
          ],
          [
            113.864486,
            22.499659
          ],
          [
            113.864514,
            22.499667
          ],
          [
            113.864542,
            22.499676
          ],
          [
            113.864569,
            22.499684
          ],
          [
            113.864597,
            22.499692
          ],
          [
            113.864625,
            22.499701
          ],
          [
            113.864653,
            22.499709
          ],
          [
            113.86468,
            22.499717
          ],
          [
            113.864708,
            22.499726
          ],
          [
            113.864736,
            22.499734
          ],
          [
            113.864744,
            22.499736
          ]
        ]
      },
      "properties": {
        "approx_heading": 17.930825982266107,
        "bidirection": 0,
        "cross_slope": "0,0,0,0,0,0,0,0,0,0,0,0,0,0,0,0,0,0,0,0,0,0,0,0",
        "info": "253",
        "lane_area_type": 22,
        "lane_type": 1,
        "left_border_id": 137438992433,
        "left_edge_dist": "13.73,15.29,17.16,17.16,17.15,17.15,17.15,17.14,17.14,17.14,17.13,17.13,17.13,17.12,17.12,17.12,17.11,17.11,17.11,17.1,17.1,17.03,15.12,14.65",
        "left_neighbor_id": 0,
        "left_neighbor_type": 0,
        "left_opposite_neighbor_id": 0,
        "marker_ids": "",
        "next_ids": "137438963202,137438963170,137438963234,137438963186,137438963218,137438963250",
        "overlap": "[{\"element_id\":137439698067,\"priority\":0,\"s_end\":46.66055679321289,\"s_start\":0.0,\"type\":4}]",
        "preference": 50,
        "preferred_speed": 25,
        "previous_ids": "137438998914",
        "priority": 40,
        "right_border_id": 137438992417,
        "right_edge_dist": "11.32,11.29,11.26,11.59,12.46,11.5,11.27,11.27,11.26,11.26,11.26,11.49,11.22,11.21,11.21,11.2,11.23,11.81,11.36,11.3,11.34,11.35,11.31,11.3",
        "right_neighbor_id": 137438958210,
        "right_neighbor_type": 0,
        "road_edge_dist": "89982060,100205673,112460902,112460935,112395486,112395390,112395367,112329831,112329830,112329830,112264294,112264317,112264290,112198753,112198753,112198752,112133219,112133277,112133232,112067690,112067694,111608943,99091563,96011370",
        "slope": "0,0,0,0,0,0,0,0,0,0,0,0,0,0,0,0,0,0,0,0,0,0,0,0",
        "speed_limit": 25,
        "stopline_id": 0,
        "total_length": 66.84848375658366,
        "turn_type": 0,
        "uid": 137438958194
      }
    },
    {
      "type": "Feature",
      "geometry": {
        "type": "LineString",
        "coordinates": [
          [
            113.863755,
            22.499403
          ],
          [
            113.863783,
            22.499411
          ],
          [
            113.863811,
            22.499419
          ],
          [
            113.863839,
            22.499427
          ],
          [
            113.863866,
            22.499436
          ],
          [
            113.863894,
            22.499444
          ],
          [
            113.863922,
            22.499452
          ],
          [
            113.863941,
            22.499458
          ],
          [
            113.863958,
            22.499463
          ],
          [
            113.863972,
            22.499467
          ],
          [
            113.863985,
            22.499471
          ],
          [
            113.863996,
            22.499474
          ],
          [
            113.864005,
            22.499477
          ],
          [
            113.864013,
            22.49948
          ],
          [
            113.864021,
            22.499482
          ],
          [
            113.864027,
            22.499484
          ],
          [
            113.864033,
            22.499486
          ],
          [
            113.864039,
            22.499487
          ],
          [
            113.864045,
            22.499489
          ],
          [
            113.864051,
            22.499491
          ],
          [
            113.864058,
            22.499493
          ],
          [
            113.864065,
            22.499495
          ],
          [
            113.864073,
            22.499498
          ],
          [
            113.864083,
            22.4995
          ],
          [
            113.864094,
            22.499504
          ],
          [
            113.864106,
            22.499508
          ],
          [
            113.86412,
            22.499512
          ],
          [
            113.864137,
            22.499517
          ],
          [
            113.864165,
            22.499525
          ],
          [
            113.864192,
            22.499533
          ],
          [
            113.86422,
            22.499542
          ],
          [
            113.864248,
            22.49955
          ],
          [
            113.864276,
            22.499558
          ],
          [
            113.864303,
            22.499567
          ],
          [
            113.864331,
            22.499575
          ],
          [
            113.864359,
            22.499584
          ],
          [
            113.864386,
            22.499592
          ],
          [
            113.864414,
            22.4996
          ],
          [
            113.864442,
            22.499609
          ],
          [
            113.86447,
            22.499617
          ],
          [
            113.864497,
            22.499625
          ],
          [
            113.864525,
            22.499634
          ],
          [
            113.864553,
            22.499642
          ],
          [
            113.864581,
            22.49965
          ],
          [
            113.864608,
            22.499659
          ],
          [
            113.864636,
            22.499667
          ],
          [
            113.864664,
            22.499675
          ],
          [
            113.864692,
            22.499684
          ],
          [
            113.864719,
            22.499692
          ],
          [
            113.864747,
            22.4997
          ],
          [
            113.864755,
            22.499703
          ]
        ]
      },
      "properties": {
        "approx_heading": 17.93082610444502,
        "bidirection": 0,
        "cross_slope": "0,0,0,0,0,0,0,0,0,0,0,0,0,0,0,0,0,0,0,0,0,0,0,0",
        "info": "252",
        "lane_area_type": 22,
        "lane_type": 1,
        "left_border_id": 137438992417,
        "left_edge_dist": "17.32,18.57,20.19,21.08,21.07,21.07,21.07,21.06,21.06,21.06,21.05,21.05,21.05,21.04,21.04,21.04,21.03,21.03,21.02,21.02,21.02,20.09,18.49,18.1",
        "left_neighbor_id": 137438958194,
        "left_neighbor_type": 0,
        "left_opposite_neighbor_id": 0,
        "marker_ids": "",
        "next_ids": "137438963394,137438963362,137438963426,137438963330,137438963346,137438963378",
        "overlap": "[{\"element_id\":137439698067,\"priority\":0,\"s_end\":46.66720199584961,\"s_start\":0.0,\"type\":4}]",
        "preference": 50,
        "preferred_speed": 25,
        "previous_ids": "137438998978",
        "priority": 40,
        "right_border_id": 137438992401,
        "right_edge_dist": "7.4,7.37,7.35,7.81,8.76,7.72,7.35,7.35,7.34,7.34,7.34,7.73,7.3,7.29,7.29,7.28,7.32,8.06,7.5,7.38,7.42,7.43,7.4,7.39",
        "right_neighbor_id": 137438958226,
        "right_neighbor_type": 0,
        "road_edge_dist": "113509092,121701089,132317919,138150669,138085228,138085124,138085087,138019551,138019550,138019550,137954014,137954053,137954010,137888473,137888473,137888472,137822940,137823014,137757422,137757410,137757414,131662567,121176804,118620899",
        "slope": "0,0,0,0,0,0,0,0,0,0,0,0,0,0,0,0,0,0,0,0,0,0,0,0",
        "speed_limit": 25,
        "stopline_id": 0,
        "total_length": 66.84878775156307,
        "turn_type": 0,
        "uid": 137438958210
      }
    },
    {
      "type": "Feature",
      "geometry": {
        "type": "LineString",
        "coordinates": [
          [
            113.863767,
            22.499369
          ],
          [
            113.863795,
            22.499377
          ],
          [
            113.863822,
            22.499386
          ],
          [
            113.86385,
            22.499394
          ],
          [
            113.863878,
            22.499402
          ],
          [
            113.863906,
            22.49941
          ],
          [
            113.863933,
            22.499419
          ],
          [
            113.863954,
            22.499425
          ],
          [
            113.863971,
            22.49943
          ],
          [
            113.863985,
            22.499434
          ],
          [
            113.863997,
            22.499438
          ],
          [
            113.864008,
            22.499441
          ],
          [
            113.864018,
            22.499444
          ],
          [
            113.864026,
            22.499446
          ],
          [
            113.864033,
            22.499449
          ],
          [
            113.86404,
            22.49945
          ],
          [
            113.864046,
            22.499452
          ],
          [
            113.864051,
            22.499454
          ],
          [
            113.864057,
            22.499456
          ],
          [
            113.864063,
            22.499458
          ],
          [
            113.86407,
            22.49946
          ],
          [
            113.864077,
            22.499462
          ],
          [
            113.864085,
            22.499464
          ],
          [
            113.864095,
            22.499467
          ],
          [
            113.864106,
            22.49947
          ],
          [
            113.864118,
            22.499474
          ],
          [
            113.864132,
            22.499478
          ],
          [
            113.864148,
            22.499483
          ],
          [
            113.864176,
            22.499492
          ],
          [
            113.864204,
            22.4995
          ],
          [
            113.864232,
            22.499508
          ],
          [
            113.864259,
            22.499517
          ],
          [
            113.864287,
            22.499525
          ],
          [
            113.864315,
            22.499533
          ],
          [
            113.864343,
            22.499542
          ],
          [
            113.86437,
            22.49955
          ],
          [
            113.864398,
            22.499558
          ],
          [
            113.864426,
            22.499567
          ],
          [
            113.864454,
            22.499575
          ],
          [
            113.864481,
            22.499583
          ],
          [
            113.864509,
            22.499592
          ],
          [
            113.864537,
            22.4996
          ],
          [
            113.864565,
            22.499608
          ],
          [
            113.864592,
            22.499617
          ],
          [
            113.86462,
            22.499625
          ],
          [
            113.864648,
            22.499633
          ],
          [
            113.864676,
            22.499642
          ],
          [
            113.864703,
            22.49965
          ],
          [
            113.864731,
            22.499658
          ],
          [
            113.864759,
            22.499667
          ],
          [
            113.864767,
            22.499669
          ]
        ]
      },
      "properties": {
        "approx_heading": 17.930826468444682,
        "bidirection": 0,
        "cross_slope": "0,0,0,0,0,0,0,0,0,0,0,0,0,0,0,0,0,0,0,0,0,0,0,0",
        "info": "251",
        "lane_area_type": 22,
        "lane_type": 1,
        "left_border_id": 137438992401,
        "left_edge_dist": "21.02,22.06,23.44,24.97,24.97,24.97,24.96,24.96,24.96,24.95,24.95,24.95,24.94,24.94,24.94,24.93,24.93,24.93,24.92,24.92,24.91,23.35,21.84,21.4",
        "left_neighbor_id": 137438958210,
        "left_neighbor_type": 0,
        "left_opposite_neighbor_id": 0,
        "marker_ids": "",
        "next_ids": "137438963522,137438963490,137438963554,137438963538,137438963602,137438963506",
        "overlap": "[{\"element_id\":137439698067,\"priority\":0,\"s_end\":46.665645599365234,\"s_start\":0.0,\"type\":4}]",
        "preference": 50,
        "preferred_speed": 25,
        "previous_ids": "137438999042",
        "priority": 40,
        "right_border_id": 137438992497,
        "right_edge_dist": "3.5,3.48,3.45,4.35,4.91,4.19,3.45,3.45,3.45,3.44,3.44,4.24,3.4,3.4,3.39,3.39,3.46,4.67,3.75,3.48,3.52,3.54,3.5,3.49",
        "right_neighbor_id": 0,
        "right_neighbor_type": 0,
        "road_edge_dist": "137757022,144572764,153616729,163643827,163643883,163643811,163578201,163578201,163578201,163512664,163512664,163512744,163447124,163447124,163447123,163381587,163381594,163381715,163316087,163316060,163250528,153026914,143130974,140247389",
        "slope": "0,0,0,0,0,0,0,0,0,0,0,0,0,0,0,0,0,0,0,0,0,0,0,0",
        "speed_limit": 25,
        "stopline_id": 0,
        "total_length": 66.84915390525067,
        "turn_type": 0,
        "uid": 137438958226
      }
    },
    {
      "type": "Feature",
      "geometry": {
        "type": "LineString",
        "coordinates": [
          [
            113.865277,
            22.495663
          ],
          [
            113.865286,
            22.495637
          ],
          [
            113.865289,
            22.495628
          ],
          [
            113.865295,
            22.495611
          ],
          [
            113.865304,
            22.495585
          ],
          [
            113.865313,
            22.495559
          ]
        ]
      },
      "properties": {
        "approx_heading": -72.16967186769597,
        "bidirection": 0,
        "cross_slope": "0,0,0",
        "info": "31",
        "lane_area_type": 21,
        "lane_type": 1,
        "left_border_id": 137438995809,
        "left_edge_dist": "17.13,16.61,16.51",
        "left_neighbor_id": 137438958738,
        "left_neighbor_type": 0,
        "left_opposite_neighbor_id": 0,
        "marker_ids": "",
        "next_ids": "137439774418",
        "overlap": "[]",
        "preference": 50,
        "preferred_speed": 20,
        "previous_ids": "137439065762,137439065282,137439066914,137439066722,137439066242,137439067298,137439065522,137439064946,137439065106,137439066002,137439067122,137439066482,137439067474",
        "priority": 0,
        "right_border_id": 137438995793,
        "right_edge_dist": "4.36,2.03,1.75",
        "right_neighbor_id": 0,
        "right_neighbor_type": 0,
        "road_edge_dist": "112263604,108855499,108200111",
        "slope": "0,0,0",
        "speed_limit": 20,
        "stopline_id": 0,
        "total_length": 4.012372456390191,
        "turn_type": 0,
        "uid": 137438958722
      }
    },
    {
      "type": "Feature",
      "geometry": {
        "type": "LineString",
        "coordinates": [
          [
            113.865308,
            22.495672
          ],
          [
            113.865317,
            22.495646
          ],
          [
            113.86532,
            22.495637
          ],
          [
            113.865326,
            22.49562
          ],
          [
            113.865335,
            22.495595
          ],
          [
            113.865344,
            22.49557
          ]
        ]
      },
      "properties": {
        "approx_heading": -72.16966103290461,
        "bidirection": 0,
        "cross_slope": "0,0,0",
        "info": "32",
        "lane_area_type": 21,
        "lane_type": 1,
        "left_border_id": 137438995841,
        "left_edge_dist": "13.86,13.24,13.12",
        "left_neighbor_id": 137438958754,
        "left_neighbor_type": 0,
        "left_opposite_neighbor_id": 0,
        "marker_ids": "",
        "next_ids": "137439774450",
        "overlap": "[]",
        "preference": 50,
        "preferred_speed": 20,
        "previous_ids": "137439066018,137439065538,137439066498,137439065122,137439064962,137439067490,137439067138,137439065298,137439065778,137439066258,137439066930,137439066738,137439067314",
        "priority": 0,
        "right_border_id": 137438995825,
        "right_edge_dist": "6.54,5.25,5.15",
        "right_neighbor_id": 137438958722,
        "right_neighbor_type": 0,
        "road_edge_dist": "90833550,86770189,85983747",
        "slope": "0,0,0",
        "speed_limit": 20,
        "stopline_id": 0,
        "total_length": 4.024967173181849,
        "turn_type": 0,
        "uid": 137438958738
      }
    },
    {
      "type": "Feature",
      "geometry": {
        "type": "LineString",
        "coordinates": [
          [
            113.865347,
            22.495679
          ],
          [
            113.865356,
            22.495653
          ],
          [
            113.865358,
            22.495648
          ],
          [
            113.865365,
            22.495627
          ],
          [
            113.865374,
            22.495601
          ],
          [
            113.865381,
            22.495581
          ]
        ]
      },
      "properties": {
        "approx_heading": -72.49929930860232,
        "bidirection": 0,
        "cross_slope": "0,0,0",
        "info": "33",
        "lane_area_type": 21,
        "lane_type": 1,
        "left_border_id": 137438995873,
        "left_edge_dist": "9.87,9.17,9.11",
        "left_neighbor_id": 137438958770,
        "left_neighbor_type": 0,
        "left_opposite_neighbor_id": 0,
        "marker_ids": "",
        "next_ids": "137439774386",
        "overlap": "[]",
        "preference": 50,
        "preferred_speed": 20,
        "previous_ids": "137439065314,137439065794,137439066274,137439066946,137439066754,137439067330,137439064978,137439065138,137439065554,137439066034,137439066514,137439067154,137439067506",
        "priority": 0,
        "right_border_id": 137438995857,
        "right_edge_dist": "9.86,9.2,9.18",
        "right_neighbor_id": 137438958738,
        "right_neighbor_type": 0,
        "road_edge_dist": "64685018,60097432,59704214",
        "slope": "0,0,0",
        "speed_limit": 20,
        "stopline_id": 0,
        "total_length": 3.5686084457026905,
        "turn_type": 0,
        "uid": 137438958754
      }
    },
    {
      "type": "Feature",
      "geometry": {
        "type": "LineString",
        "coordinates": [
          [
            113.865382,
            22.495695
          ],
          [
            113.865391,
            22.495669
          ],
          [
            113.865394,
            22.495659
          ],
          [
            113.8654,
            22.495643
          ],
          [
            113.865409,
            22.495617
          ],
          [
            113.865418,
            22.495591
          ]
        ]
      },
      "properties": {
        "approx_heading": -72.20659178940171,
        "bidirection": 0,
        "cross_slope": "0,0,0",
        "info": "34",
        "lane_area_type": 21,
        "lane_type": 1,
        "left_border_id": 137438995905,
        "left_edge_dist": "6.71,5.37,5.19",
        "left_neighbor_id": 137438958786,
        "left_neighbor_type": 0,
        "left_opposite_neighbor_id": 0,
        "marker_ids": "",
        "next_ids": "137439774434",
        "overlap": "[]",
        "preference": 50,
        "preferred_speed": 20,
        "previous_ids": "137439065570,137439066050,137439064994,137439065154,137439066530,137439067170,137439067522,137439065810,137439065330,137439066962,137439066290,137439066770,137439067346",
        "priority": 0,
        "right_border_id": 137438995889,
        "right_edge_dist": "13.76,13.18,13.13",
        "right_neighbor_id": 137438958754,
        "right_neighbor_type": 0,
        "road_edge_dist": "43976032,35194150,34014497",
        "slope": "0,0,0",
        "speed_limit": 20,
        "stopline_id": 0,
        "total_length": 4.087689909455885,
        "turn_type": 0,
        "uid": 137438958770
      }
    },
    {
      "type": "Feature",
      "geometry": {
        "type": "LineString",
        "coordinates": [
          [
            113.865414,
            22.495704
          ],
          [
            113.865422,
            22.495678
          ],
          [
            113.865426,
            22.495669
          ],
          [
            113.865431,
            22.495653
          ],
          [
            113.86544,
            22.495627
          ],
          [
            113.86545,
            22.4956
          ]
        ]
      },
      "properties": {
        "approx_heading": -72.22430858955958,
        "bidirection": 0,
        "cross_slope": "0,0,0",
        "info": "35",
        "lane_area_type": 21,
        "lane_type": 1,
        "left_border_id": 137438995937,
        "left_edge_dist": "4.59,2.21,1.83",
        "left_neighbor_id": 0,
        "left_neighbor_type": 0,
        "left_opposite_neighbor_id": 0,
        "marker_ids": "",
        "next_ids": "137439774402",
        "overlap": "[]",
        "preference": 50,
        "preferred_speed": 20,
        "previous_ids": "137439065826,137439066306,137439065346,137439066978,137439067362,137439066786,137439065586,137439066546,137439065010,137439065170,137439066066,137439067186,137439067538",
        "priority": 0,
        "right_border_id": 137438995921,
        "right_edge_dist": "17.05,16.58,16.54",
        "right_neighbor_id": 137438958770,
        "right_neighbor_type": 0,
        "road_edge_dist": "30082729,14485114,11994742",
        "slope": "0,0,0",
        "speed_limit": 20,
        "stopline_id": 0,
        "total_length": 4.123780478632834,
        "turn_type": 0,
        "uid": 137438958786
      }
    },
    {
      "type": "Feature",
      "geometry": {
        "type": "LineString",
        "coordinates": [
          [
            113.865981,
            22.496136
          ],
          [
            113.865953,
            22.496128
          ],
          [
            113.865926,
            22.49612
          ],
          [
            113.865898,
            22.496112
          ],
          [
            113.86587,
            22.496103
          ],
          [
            113.865842,
            22.496095
          ],
          [
            113.865815,
            22.496087
          ],
          [
            113.865787,
            22.496078
          ],
          [
            113.865759,
            22.49607
          ],
          [
            113.865731,
            22.496062
          ],
          [
            113.865704,
            22.496054
          ],
          [
            113.865676,
            22.496045
          ],
          [
            113.865648,
            22.496037
          ],
          [
            113.86562,
            22.496029
          ],
          [
            113.865593,
            22.49602
          ],
          [
            113.865565,
            22.496012
          ],
          [
            113.865537,
            22.496004
          ],
          [
            113.865509,
            22.495995
          ],
          [
            113.865482,
            22.495987
          ],
          [
            113.865454,
            22.495979
          ],
          [
            113.865426,
            22.495971
          ],
          [
            113.865398,
            22.495962
          ],
          [
            113.865386,
            22.495959
          ]
        ]
      },
      "properties": {
        "approx_heading": -162.170150941858,
        "bidirection": 0,
        "cross_slope": "0,0,0,0,0,0,0,0,0,0,0,0,0,0,0,0,0,0,0,0,0,0,0",
        "info": "205",
        "lane_area_type": 22,
        "lane_type": 1,
        "left_border_id": 137438998593,
        "left_edge_dist": "10.76,13.32,16.04,18.84,21.69,24.58,27.5,27.74,27.75,27.75,27.81,28.17,27.81,27.71,27.72,27.73,27.39,24.48,21.59,18.74,15.94,13.23,12.05",
        "left_neighbor_id": 137438962306,
        "left_neighbor_type": 0,
        "left_opposite_neighbor_id": 0,
        "marker_ids": "",
        "next_ids": "137439066658,137439066626,137439066722,137439768162,137439066754,137439066690,137439066786,137439066802,137439768146,137439066770,137439066642,137439066674,137439066738",
        "overlap": "[{\"element_id\":137439698051,\"priority\":0,\"s_end\":45.99686050415039,\"s_start\":0.0,\"type\":4}]",
        "preference": 50,
        "preferred_speed": 25,
        "previous_ids": "137438975106,137438973986,137438973762,137438973538,137438974434,137438974210,137438974658,137438975330,137438974882,137439768034,137439003922,137439768098,137438975554",
        "priority": 40,
        "right_border_id": 137438998609,
        "right_edge_dist": "8.29,8.29,8.3,8.31,8.28,8.56,8.35,8.42,8.42,8.39,8.58,9.54,8.51,8.35,8.33,8.32,8.31,8.68,8.44,8.38,8.36,8.36,8.37",
        "right_neighbor_id": 137438962290,
        "right_neighbor_type": 0,
        "road_edge_dist": "70517565,87294781,105120574,123470655,142148412,161088344,180224835,181797706,181863242,181863239,182256474,184615866,182256467,181601091,181666625,181732160,179503935,160432996,141493068,122815302,104465220,86704964,78971717",
        "slope": "0,0,0,0,0,0,0,0,0,0,0,0,0,0,0,0,0,0,0,0,0,0,0",
        "speed_limit": 25,
        "stopline_id": 0,
        "total_length": 64.35708672682065,
        "turn_type": 0,
        "uid": 137438962274
      }
    },
    {
      "type": "Feature",
      "geometry": {
        "type": "LineString",
        "coordinates": [
          [
            113.865994,
            22.496101
          ],
          [
            113.865966,
            22.496093
          ],
          [
            113.865938,
            22.496084
          ],
          [
            113.86591,
            22.496076
          ],
          [
            113.865883,
            22.496068
          ],
          [
            113.865855,
            22.496059
          ],
          [
            113.865827,
            22.496051
          ],
          [
            113.865799,
            22.496043
          ],
          [
            113.865772,
            22.496034
          ],
          [
            113.865744,
            22.496026
          ],
          [
            113.865716,
            22.496018
          ],
          [
            113.865688,
            22.496009
          ],
          [
            113.865661,
            22.496001
          ],
          [
            113.865633,
            22.495993
          ],
          [
            113.865605,
            22.495985
          ],
          [
            113.865577,
            22.495976
          ],
          [
            113.86555,
            22.495968
          ],
          [
            113.865522,
            22.49596
          ],
          [
            113.865494,
            22.495951
          ],
          [
            113.865466,
            22.495943
          ],
          [
            113.865439,
            22.495935
          ],
          [
            113.865411,
            22.495926
          ],
          [
            113.865398,
            22.495922
          ]
        ]
      },
      "properties": {
        "approx_heading": -162.13565013339547,
        "bidirection": 0,
        "cross_slope": "0,0,0,0,0,0,0,0,0,0,0,0,0,0,0,0,0,0,0,0,0,0,0",
        "info": "204",
        "lane_area_type": 22,
        "lane_type": 1,
        "left_border_id": 137438998577,
        "left_edge_dist": "9.01,11.95,14.91,17.89,20.87,23.7,23.59,23.59,23.59,23.59,23.66,24.08,23.66,23.54,23.55,23.55,23.56,23.63,20.79,17.81,14.83,11.87,10.47",
        "left_neighbor_id": 137438962354,
        "left_neighbor_type": 0,
        "left_opposite_neighbor_id": 0,
        "marker_ids": "",
        "next_ids": "137439768194,137439067138,137439067042,137439067170,137439067074,137439768210,137439067154,137439067026,137439067058,137439067186,137439067090,137439768178,137439067122",
        "overlap": "[{\"element_id\":137439698051,\"priority\":0,\"s_end\":54.80617141723633,\"s_start\":0.0,\"type\":4}]",
        "preference": 50,
        "preferred_speed": 25,
        "previous_ids": "137438975138,137438974242,137438974018,137438973794,137438973570,137438974690,137438974466,137438974914,137438975586,137438975362,137439768018,137439768114,137439768050",
        "priority": 40,
        "right_border_id": 137438998657,
        "right_edge_dist": "12.43,12.44,12.45,12.46,12.43,12.62,12.5,12.58,12.58,12.55,12.68,13.35,12.62,12.51,12.5,12.5,12.49,12.73,12.6,12.56,12.54,12.54,12.56",
        "right_neighbor_id": 137438962274,
        "right_neighbor_type": 0,
        "road_edge_dist": "59049179,78316764,97715421,117245150,136774875,155321582,154600674,154600682,154600682,154600679,155059444,157812023,155059438,154272995,154338530,154338530,154404065,154862841,136250604,116720872,97191142,77792486,68617448",
        "slope": "0,0,0,0,0,0,0,0,0,0,0,0,0,0,0,0,0,0,0,0,0,0,0",
        "speed_limit": 25,
        "stopline_id": 0,
        "total_length": 64.4258444805978,
        "turn_type": 0,
        "uid": 137438962306
      }
    },
    {
      "type": "Feature",
      "geometry": {
        "type": "LineString",
        "coordinates": [
          [
            113.866005,
            22.496069
          ],
          [
            113.865977,
            22.496061
          ],
          [
            113.865949,
            22.496052
          ],
          [
            113.865922,
            22.496044
          ],
          [
            113.865894,
            22.496036
          ],
          [
            113.865866,
            22.496027
          ],
          [
            113.865838,
            22.496019
          ],
          [
            113.865811,
            22.496011
          ],
          [
            113.865783,
            22.496002
          ],
          [
            113.865755,
            22.495994
          ],
          [
            113.865727,
            22.495986
          ],
          [
            113.8657,
            22.495977
          ],
          [
            113.865672,
            22.495969
          ],
          [
            113.865644,
            22.495961
          ],
          [
            113.865616,
            22.495953
          ],
          [
            113.865589,
            22.495944
          ],
          [
            113.865561,
            22.495936
          ],
          [
            113.865533,
            22.495928
          ],
          [
            113.865505,
            22.495919
          ],
          [
            113.865478,
            22.495911
          ],
          [
            113.86545,
            22.495903
          ],
          [
            113.865422,
            22.495894
          ],
          [
            113.865408,
            22.49589
          ]
        ]
      },
      "properties": {
        "approx_heading": -162.13564986878302,
        "bidirection": 0,
        "cross_slope": "0,0,0,0,0,0,0,0,0,0,0,0,0,0,0,0,0,0,0,0,0,0,0",
        "info": "204",
        "lane_area_type": 22,
        "lane_type": 1,
        "left_border_id": 137438998545,
        "left_edge_dist": "8.75,11.75,14.75,17.75,20.08,20,19.86,19.86,19.86,19.86,19.95,20.44,19.96,19.82,19.83,19.83,19.84,19.92,19.85,17.74,14.74,11.74,10.26",
        "left_neighbor_id": 137438962338,
        "left_neighbor_type": 0,
        "left_opposite_neighbor_id": 0,
        "marker_ids": "",
        "next_ids": "",
        "overlap": "[{\"element_id\":137439698051,\"priority\":0,\"s_end\":62.03758239746094,\"s_start\":0.0,\"type\":4}]",
        "preference": 50,
        "preferred_speed": 25,
        "previous_ids": "137439768066,137438975410,137438975186,137439767922,137438975634,137438973842,137438974066,137438974738,137438974514,137438974962,137438973618",
        "priority": 40,
        "right_border_id": 137438998561,
        "right_edge_dist": "8.75,11.75,14.75,16.18,16.16,16.3,16.22,16.3,16.3,16.28,16.37,16.89,16.32,16.24,16.23,16.22,16.21,16.4,16.32,16.28,14.74,11.74,10.26",
        "right_neighbor_id": 137438962306,
        "right_neighbor_type": 0,
        "road_edge_dist": "57344875,77005975,96667075,116328018,131597904,131073630,130156118,130156126,130156126,130156124,130745957,133957273,130811488,129893976,129959511,129959510,130025045,130549352,130090592,116262492,96601538,76940438,67240962",
        "slope": "0,0,0,0,0,0,0,0,0,0,0,0,0,0,0,0,0,0,0,0,0,0,0",
        "speed_limit": 25,
        "stopline_id": 0,
        "total_length": 64.48173852342886,
        "turn_type": 0,
        "uid": 137438962354
      }
    },
    {
      "type": "Feature",
      "geometry": {
        "type": "LineString",
        "coordinates": [
          [
            113.865439,
            22.495797
          ],
          [
            113.865467,
            22.495806
          ],
          [
            113.865495,
            22.495814
          ],
          [
            113.865522,
            22.495822
          ],
          [
            113.86555,
            22.49583
          ],
          [
            113.865578,
            22.495839
          ],
          [
            113.865606,
            22.495847
          ],
          [
            113.865633,
            22.495855
          ],
          [
            113.865661,
            22.495864
          ],
          [
            113.865689,
            22.495872
          ],
          [
            113.865717,
            22.49588
          ],
          [
            113.865744,
            22.495889
          ],
          [
            113.865772,
            22.495897
          ],
          [
            113.8658,
            22.495905
          ],
          [
            113.865828,
            22.495914
          ],
          [
            113.865855,
            22.495922
          ],
          [
            113.865883,
            22.49593
          ],
          [
            113.865911,
            22.495939
          ],
          [
            113.865939,
            22.495947
          ],
          [
            113.865966,
            22.495955
          ],
          [
            113.865994,
            22.495963
          ],
          [
            113.866022,
            22.495972
          ],
          [
            113.866037,
            22.495976
          ]
        ]
      },
      "properties": {
        "approx_heading": 17.864350900123092,
        "bidirection": 0,
        "cross_slope": "0,0,0,0,0,0,0,0,0,0,0,0,0,0,0,0,0,0,0,0,0,0,0",
        "info": "201",
        "lane_area_type": 22,
        "lane_type": 1,
        "left_border_id": 137438998497,
        "left_edge_dist": "13.97,16.28,18.79,21.42,24.14,26.92,26.99,27,27.01,27.02,27.18,27.26,27.04,27.06,27.08,27.04,26.99,24.33,21.6,18.95,16.43,14.1,12.92",
        "left_neighbor_id": 0,
        "left_neighbor_type": 0,
        "left_opposite_neighbor_id": 0,
        "marker_ids": "",
        "next_ids": "137438975906,137438975938,137439768098,137438975970,137438975874,137439768114,137439768082,137438975890,137438975954,137438975922,137438975986,137439024210",
        "overlap": "[{\"element_id\":137439698051,\"priority\":0,\"s_end\":22.257936477661133,\"s_start\":0.0,\"type\":4}]",
        "preference": 50,
        "preferred_speed": 25,
        "previous_ids": "137439065026,137439066082,137439065602,137439768130,137439065186,137439066562,137439768146,137439768210,137439065362,137439065842,137439066322",
        "priority": 40,
        "right_border_id": 137438998481,
        "right_edge_dist": "9.1,9.06,9.17,9.09,9.29,9.07,9.06,9.05,9.05,9.07,9.79,9.73,9.1,9.09,9.09,9.09,9.12,9.62,9.28,9.24,9.21,9.21,9.22",
        "right_neighbor_id": 137438962386,
        "right_neighbor_type": 0,
        "road_edge_dist": "91554702,106693514,123143061,140379021,158204833,176423819,176882570,176948105,177013641,177079179,178127827,178652109,177210254,177341325,177472397,177210253,176882576,159450050,141558688,124191644,107676569,92406681,84673434",
        "slope": "0,0,0,0,0,0,0,0,0,0,0,0,0,0,0,0,0,0,0,0,0,0,0",
        "speed_limit": 25,
        "stopline_id": 0,
        "total_length": 64.67257606837927,
        "turn_type": 0,
        "uid": 137438962370
      }
    },
    {
      "type": "Feature",
      "geometry": {
        "type": "LineString",
        "coordinates": [
          [
            113.865449,
            22.495767
          ],
          [
            113.865477,
            22.495775
          ],
          [
            113.865505,
            22.495784
          ],
          [
            113.865533,
            22.495792
          ],
          [
            113.86556,
            22.4958
          ],
          [
            113.865588,
            22.495808
          ],
          [
            113.865616,
            22.495817
          ],
          [
            113.865644,
            22.495825
          ],
          [
            113.865671,
            22.495833
          ],
          [
            113.865699,
            22.495842
          ],
          [
            113.865727,
            22.49585
          ],
          [
            113.865755,
            22.495858
          ],
          [
            113.865782,
            22.495867
          ],
          [
            113.86581,
            22.495875
          ],
          [
            113.865838,
            22.495883
          ],
          [
            113.865866,
            22.495892
          ],
          [
            113.865893,
            22.4959
          ],
          [
            113.865921,
            22.495908
          ],
          [
            113.865949,
            22.495916
          ],
          [
            113.865977,
            22.495925
          ],
          [
            113.866004,
            22.495933
          ],
          [
            113.866032,
            22.495941
          ],
          [
            113.866048,
            22.495946
          ]
        ]
      },
      "properties": {
        "approx_heading": 17.864351150905186,
        "bidirection": 0,
        "cross_slope": "0,0,0,0,0,0,0,0,0,0,0,0,0,0,0,0,0,0,0,0,0,0,0",
        "info": "207",
        "lane_area_type": 22,
        "lane_type": 1,
        "left_border_id": 137438998481,
        "left_edge_dist": "16.56,18.54,20.77,23.17,25.7,28.32,30.51,30.52,30.52,30.53,30.68,30.76,30.56,30.58,30.6,30.56,28.58,25.95,23.41,20.98,18.73,16.71,15.69",
        "left_neighbor_id": 137438962370,
        "left_neighbor_type": 0,
        "left_opposite_neighbor_id": 0,
        "marker_ids": "",
        "next_ids": "137439768066,137439003906,137438976098,137439024226,137439768034,137438976162,137438976130,137438976194,137439768050,137438976114,137438976146,137438976178,137438976210",
        "overlap": "[{\"element_id\":137439698051,\"priority\":0,\"s_end\":30.028118133544922,\"s_start\":0.0,\"type\":4}]",
        "preference": 50,
        "preferred_speed": 25,
        "previous_ids": "137439066338,137439065858,137439065378,137439768162,137439768194,137439065202,137439065042,137439065618,137439066578,137439066098,137439066994",
        "priority": 40,
        "right_border_id": 137438998465,
        "right_edge_dist": "5.58,5.55,5.71,5.57,5.9,5.57,5.54,5.54,5.53,5.57,6.65,6.59,5.59,5.57,5.57,5.57,5.61,6.32,5.76,5.73,5.69,5.69,5.71",
        "right_neighbor_id": 137438962402,
        "right_neighbor_type": 0,
        "road_edge_dist": "108528174,121504299,136118843,151847469,168428110,185598509,199950890,200016426,200016425,200081965,201065113,201589395,200278575,200409645,200540717,200278573,187302449,170066552,153420352,137495101,122749497,109511225,102826555",
        "slope": "0,0,0,0,0,0,0,0,0,0,0,0,0,0,0,0,0,0,0,0,0,0,0",
        "speed_limit": 25,
        "stopline_id": 0,
        "total_length": 64.73221892962384,
        "turn_type": 0,
        "uid": 137438962386
      }
    },
    {
      "type": "Feature",
      "geometry": {
        "type": "LineString",
        "coordinates": [
          [
            113.865459,
            22.495737
          ],
          [
            113.865487,
            22.495745
          ],
          [
            113.865515,
            22.495753
          ],
          [
            113.865543,
            22.495762
          ],
          [
            113.86557,
            22.49577
          ],
          [
            113.865598,
            22.495778
          ],
          [
            113.865626,
            22.495787
          ],
          [
            113.865654,
            22.495795
          ],
          [
            113.865681,
            22.495803
          ],
          [
            113.865709,
            22.495811
          ],
          [
            113.865737,
            22.49582
          ],
          [
            113.865765,
            22.495828
          ],
          [
            113.865792,
            22.495836
          ],
          [
            113.86582,
            22.495845
          ],
          [
            113.865848,
            22.495853
          ],
          [
            113.865876,
            22.495861
          ],
          [
            113.865903,
            22.49587
          ],
          [
            113.865931,
            22.495878
          ],
          [
            113.865959,
            22.495886
          ],
          [
            113.865987,
            22.495895
          ],
          [
            113.866014,
            22.495903
          ],
          [
            113.866042,
            22.495911
          ],
          [
            113.866059,
            22.495916
          ]
        ]
      },
      "properties": {
        "approx_heading": 17.864351398836664,
        "bidirection": 0,
        "cross_slope": "0,0,0,0,0,0,0,0,0,0,0,0,0,0,0,0,0,0,0,0,0,0,0",
        "info": "208",
        "lane_area_type": 22,
        "lane_type": 1,
        "left_border_id": 137438998465,
        "left_edge_dist": "19.43,21.14,23.11,25.29,27.62,30.07,32.61,34.02,34.03,34.03,34.16,34.24,34.06,34.08,34.1,32.94,30.38,27.91,25.56,23.36,21.35,19.6,18.7",
        "left_neighbor_id": 137438962386,
        "left_neighbor_type": 0,
        "left_opposite_neighbor_id": 0,
        "marker_ids": "",
        "next_ids": "137438976418,137439024258,137438976322,137438976354,137438976386,137439003938,137438976338,137438976370,137438976402,137439003922,137438976434,137439768018",
        "overlap": "[{\"element_id\":137439698051,\"priority\":0,\"s_end\":37.7574462890625,\"s_start\":0.0,\"type\":4}]",
        "preference": 50,
        "preferred_speed": 25,
        "previous_ids": "137439768226,137439066114,137439065634,137439065058,137439065218,137439066594,137439067010,137439065394,137439065874,137439066354,137439768178,137439066802,137439768242",
        "priority": 40,
        "right_border_id": 137438998641,
        "right_edge_dist": "2.08,2.05,2.47,2.07,2.85,2.11,2.04,2.04,2.03,2.13,4.17,4.12,2.14,2.07,2.07,2.07,2.16,3.47,2.26,2.23,2.19,2.19,2.23",
        "right_neighbor_id": 0,
        "right_neighbor_type": 0,
        "road_edge_dist": "127336656,138543309,151453943,165740751,181010717,197066963,213713100,222953676,223019211,223019221,223871393,224395676,223215830,223346895,223477967,215875791,199098584,182911323,167510242,153092319,139919579,128450779,122552543",
        "slope": "0,0,0,0,0,0,0,0,0,0,0,0,0,0,0,0,0,0,0,0,0,0,0",
        "speed_limit": 25,
        "stopline_id": 0,
        "total_length": 64.79150475714334,
        "turn_type": 0,
        "uid": 137438962402
      }
    },
    {
      "type": "Feature",
      "geometry": {
        "type": "LineString",
        "coordinates": [
          [
            113.865002,
            22.495666
          ],
          [
            113.865019,
            22.495671
          ],
          [
            113.865046,
            22.49568
          ],
          [
            113.865074,
            22.495688
          ],
          [
            113.865102,
            22.495696
          ],
          [
            113.86513,
            22.495705
          ],
          [
            113.865149,
            22.495711
          ]
        ]
      },
      "properties": {
        "approx_heading": 17.92814876152315,
        "bidirection": 0,
        "cross_slope": "0,0,0,0,0,0,0",
        "info": "191",
        "lane_area_type": 22,
        "lane_type": 1,
        "left_border_id": 137439715313,
        "left_edge_dist": "26.62,26.66,26.73,25.26,22.51,19.84,17.99",
        "left_neighbor_id": 0,
        "left_neighbor_type": 0,
        "left_opposite_neighbor_id": 0,
        "marker_ids": "",
        "next_ids": "137439065026,137439064994,137439065058,137439064962,137439064946,137439064978,137439065010,137439065042,137439065074",
        "overlap": "[{\"element_id\":137439698051,\"priority\":0,\"s_end\":4.820484638214111,\"s_start\":0.0,\"type\":4}]",
        "preference": 50,
        "preferred_speed": 25,
        "previous_ids": "137439069602,137439069154,137439068962,137439069250,137439069058,137439070658,137439070946,137439071234,137439071554,137439068882,137439068818,137439071090,137439070802,137439071378",
        "priority": 40,
        "right_border_id": 137439715297,
        "right_edge_dist": "9.98,10.02,10.57,10.77,10.19,10.16,10.16",
        "right_neighbor_id": 137439064818,
        "right_neighbor_type": 0,
        "road_edge_dist": "174457830,174719978,175178785,165545013,147522555,130024440,117900280",
        "slope": "0,0,0,0,0,0,0",
        "speed_limit": 25,
        "stopline_id": 0,
        "total_length": 15.886987971534284,
        "turn_type": 0,
        "uid": 137439064802
      }
    },
    {
      "type": "Feature",
      "geometry": {
        "type": "LineString",
        "coordinates": [
          [
            113.865013,
            22.495636
          ],
          [
            113.865028,
            22.495641
          ],
          [
            113.86504,
            22.495644
          ],
          [
            113.865067,
            22.495653
          ],
          [
            113.865095,
            22.495661
          ],
          [
            113.865123,
            22.495669
          ],
          [
            113.865139,
            22.495674
          ],
          [
            113.86516,
            22.49568
          ]
        ]
      },
      "properties": {
        "approx_heading": 17.870666876110885,
        "bidirection": 0,
        "cross_slope": "0,0,0,0,0,0,0,0",
        "info": "197",
        "lane_area_type": 22,
        "lane_type": 1,
        "left_border_id": 137439715297,
        "left_edge_dist": "30.12,30.15,30.19,28.41,25.78,23.26,21.83,20.11",
        "left_neighbor_id": 137439064802,
        "left_neighbor_type": 0,
        "left_opposite_neighbor_id": 0,
        "marker_ids": "",
        "next_ids": "137439065122,137439768322,137439065154,137439065186,137439065218,137439768354,137439768386,137439065202,137439065106,137439065138,137439065170,137439768338,137439065234,137439768370",
        "overlap": "[{\"element_id\":137439698051,\"priority\":0,\"s_end\":7.2391276359558105,\"s_start\":0.0,\"type\":4}]",
        "preference": 50,
        "preferred_speed": 25,
        "previous_ids": "137439068834,137439068898,137439070818,137439071106,137439071394,137439070962,137439069618,137439069170,137439069074,137439068978,137439069266,137439070674,137439071570,137439071250",
        "priority": 40,
        "right_border_id": 137439715281,
        "right_edge_dist": "6.48,6.52,6.7,7.15,7.09,6.66,6.65,6.65",
        "right_neighbor_id": 137439064834,
        "right_neighbor_type": 0,
        "road_edge_dist": "197395080,197591692,197853854,186188491,168952517,152437402,143065753,131793561",
        "slope": "0,0,0,0,0,0,0,0",
        "speed_limit": 25,
        "stopline_id": 0,
        "total_length": 15.904497347311668,
        "turn_type": 0,
        "uid": 137439064818
      }
    },
    {
      "type": "Feature",
      "geometry": {
        "type": "LineString",
        "coordinates": [
          [
            113.865024,
            22.495604
          ],
          [
            113.86503,
            22.495606
          ],
          [
            113.865034,
            22.495608
          ],
          [
            113.865039,
            22.49561
          ],
          [
            113.865044,
            22.495611
          ],
          [
            113.865073,
            22.49562
          ],
          [
            113.8651,
            22.495628
          ],
          [
            113.865128,
            22.495636
          ],
          [
            113.865156,
            22.495644
          ],
          [
            113.86517,
            22.495649
          ]
        ]
      },
      "properties": {
        "approx_heading": 18.368073483965308,
        "bidirection": 0,
        "cross_slope": "0,0,0,0,0,0,0,0,0,0",
        "info": "198",
        "lane_area_type": 22,
        "lane_type": 1,
        "left_border_id": 137439715281,
        "left_edge_dist": "33.92,33.86,33.84,33.79,33.37,30.78,28.31,25.96,23.8,22.7",
        "left_neighbor_id": 137439064818,
        "left_neighbor_type": 0,
        "left_opposite_neighbor_id": 0,
        "marker_ids": "",
        "next_ids": "137439065314,137439065282,137439065250,137439065346,137439768258,137439065378,137439065410,137439768290,137439065298,137439065362,137439065330,137439065394,137439768274,137439768306",
        "overlap": "[{\"element_id\":137439698051,\"priority\":0,\"s_end\":3.3729658126831055,\"s_start\":0.0,\"type\":4}]",
        "preference": 50,
        "preferred_speed": 25,
        "previous_ids": "137439069090,137439069634,137439069186,137439068994,137439069282,137439070370,137439070690,137439070978,137439071266,137439071586,137439068850,137439071122,137439068914,137439070834,137439071410",
        "priority": 40,
        "right_border_id": 137439715457,
        "right_edge_dist": "2.68,2.76,2.8,2.89,3.02,3.48,4.28,3.02,2.99,2.99",
        "right_neighbor_id": 0,
        "right_neighbor_type": 0,
        "road_edge_dist": "222298380,221905172,221774104,221446433,218693934,201720156,185532844,170131758,155975979,148767019",
        "slope": "0,0,0,0,0,0,0,0,0,0",
        "speed_limit": 25,
        "stopline_id": 0,
        "total_length": 15.895175112403326,
        "turn_type": 0,
        "uid": 137439064834
      }
    },
    {
      "type": "Feature",
      "geometry": {
        "type": "LineString",
        "coordinates": [
          [
            113.865119,
            22.495806
          ],
          [
            113.865091,
            22.495797
          ],
          [
            113.865063,
            22.495789
          ],
          [
            113.865036,
            22.495781
          ],
          [
            113.865008,
            22.495772
          ],
          [
            113.86498,
            22.495764
          ],
          [
            113.864971,
            22.495761
          ]
        ]
      },
      "properties": {
        "approx_heading": -162.13593602959835,
        "bidirection": 0,
        "cross_slope": "0,0,0,0,0,0,0",
        "info": "194",
        "lane_area_type": 22,
        "lane_type": 1,
        "left_border_id": 137439715361,
        "left_edge_dist": "14.98,17.98,20.98,21.58,21.21,21.01,20.99",
        "left_neighbor_id": 137439064866,
        "left_neighbor_type": 0,
        "left_opposite_neighbor_id": 0,
        "marker_ids": "",
        "next_ids": "137439072674,137439069954,137439069986,137439070018,137439072642,137439072706,137439069970,137439069938,137439070034,137439070002,137439072626,137439072658,137439072690,137439072722",
        "overlap": "[{\"element_id\":137439698051,\"priority\":0,\"s_end\":15.336893081665039,\"s_start\":0.0,\"type\":4}]",
        "preference": 50,
        "preferred_speed": 25,
        "previous_ids": "137439066850,137439066658,137439768386,137439066178,137439065698,137439067234,137439067058,137439065458,137439768274,137439065938,137439066418,137439067410",
        "priority": 40,
        "right_border_id": 137439715377,
        "right_edge_dist": "14.98,15.86,15.63,15.7,15.72,15.63,15.61",
        "right_neighbor_id": 137439064898,
        "right_neighbor_type": 0,
        "road_edge_dist": "98174426,117835314,137496091,141428258,139003428,137692699,137561625",
        "slope": "0,0,0,0,0,0,0",
        "speed_limit": 25,
        "stopline_id": 0,
        "total_length": 15.964640354339718,
        "turn_type": 0,
        "uid": 137439064882
      }
    },
    {
      "type": "Feature",
      "geometry": {
        "type": "LineString",
        "coordinates": [
          [
            113.865108,
            22.495837
          ],
          [
            113.86508,
            22.495829
          ],
          [
            113.865053,
            22.495821
          ],
          [
            113.865025,
            22.495812
          ],
          [
            113.864997,
            22.495804
          ],
          [
            113.864969,
            22.495796
          ],
          [
            113.86496,
            22.495793
          ]
        ]
      },
      "properties": {
        "approx_heading": -162.13593647602394,
        "bidirection": 0,
        "cross_slope": "0,0,0,0,0,0,0",
        "info": "194",
        "lane_area_type": 22,
        "lane_type": 1,
        "left_border_id": 137439715377,
        "left_edge_dist": "15.09,18.06,21.04,24.03,24.84,24.67,24.65",
        "left_neighbor_id": 137439064882,
        "left_neighbor_type": 0,
        "left_opposite_neighbor_id": 0,
        "marker_ids": "",
        "next_ids": "137439070146,137439070114,137439070178,137439072866,137439070082,137439072802,137439072770,137439072834,137439070098,137439070130,137439070162,137439072786,137439072818,137439072850",
        "overlap": "[{\"element_id\":137439698051,\"priority\":0,\"s_end\":16.303068161010742,\"s_start\":0.0,\"type\":4}]",
        "preference": 50,
        "preferred_speed": 25,
        "previous_ids": "137439768258,137439768322,137439066434,137439065954,137439065474,137439067074,137439067426,137439067250,137439065714,137439066194,137439066866,137439066674",
        "priority": 40,
        "right_border_id": 137439715425,
        "right_edge_dist": "13.26,12.27,11.98,12.04,12.05,11.97,11.95",
        "right_neighbor_id": 137439064914,
        "right_neighbor_type": 0,
        "road_edge_dist": "98895150,118359243,137888942,157484212,162792629,161678509,161547435",
        "slope": "0,0,0,0,0,0,0",
        "speed_limit": 25,
        "stopline_id": 0,
        "total_length": 16.01006862725373,
        "turn_type": 0,
        "uid": 137439064898
      }
    },
    {
      "type": "Feature",
      "geometry": {
        "type": "LineString",
        "coordinates": [
          [
            113.865097,
            22.495871
          ],
          [
            113.865069,
            22.495863
          ],
          [
            113.865041,
            22.495854
          ],
          [
            113.865013,
            22.495846
          ],
          [
            113.864986,
            22.495838
          ],
          [
            113.864958,
            22.49583
          ],
          [
            113.864949,
            22.495827
          ]
        ]
      },
      "properties": {
        "approx_heading": -162.135936843361,
        "bidirection": 0,
        "cross_slope": "0,0,0,0,0,0,0",
        "info": "195",
        "lane_area_type": 22,
        "lane_type": 1,
        "left_border_id": 137439715425,
        "left_edge_dist": "16.1,18.91,21.77,24.67,27.58,28.6,28.58",
        "left_neighbor_id": 137439064898,
        "left_neighbor_type": 0,
        "left_opposite_neighbor_id": 0,
        "marker_ids": "",
        "next_ids": "137439070370,137439072962,137439070242,137439070274,137439070306,137439072930,137439072994,137439070226,137439070258,137439070290,137439072914,137439070322,137439072946,137439072978,137439073010",
        "overlap": "[{\"element_id\":137439698051,\"priority\":0,\"s_end\":15.981903076171875,\"s_start\":0.0,\"type\":4}]",
        "preference": 50,
        "preferred_speed": 25,
        "previous_ids": "137439065250,137439066882,137439066690,137439066210,137439065730,137439067266,137439065970,137439768338,137439065490,137439066450,137439067090,137439067442",
        "priority": 40,
        "right_border_id": 137439715409,
        "right_edge_dist": "9.88,8.5,8.05,8.11,8.13,8.05,8.02",
        "right_neighbor_id": 0,
        "right_neighbor_type": 0,
        "road_edge_dist": "105513948,123929426,142672677,161678123,180749101,187433765,187302690",
        "slope": "0,0,0,0,0,0,0",
        "speed_limit": 25,
        "stopline_id": 0,
        "total_length": 15.99926556381125,
        "turn_type": 0,
        "uid": 137439064914
      }
    }
  ]
}