{"type":"FeatureCollection","features":[{"type":"Feature","geometry":{"type":"LineString","coordinates":[[113.864633,22.496304,0.375019],[113.864625,22.496329,0.380019],[113.864616,22.496355,0.405019],[113.864607,22.496381,0.415019],[113.864598,22.496407,0.415019],[113.864589,22.496433,0.420019],[113.86458,22.496458,0.420019],[113.864571,22.496484,0.425019],[113.864562,22.49651,0.425019],[113.864553,22.496536,0.415019],[113.864544,22.496562,0.425019],[113.864535,22.496587,0.425019],[113.864526,22.496613,0.425019],[113.864517,22.496639,0.440019],[113.864509,22.496665,0.425019],[113.8645,22.496691,0.425019],[113.864491,22.496716,0.435019],[113.864482,22.496742,0.435019],[113.864473,22.496768,0.435019],[113.864464,22.496794,0.435019],[113.864455,22.496819,0.430019],[113.864446,22.496845,0.440019],[113.864437,22.496871,0.425019],[113.864428,22.496897,0.435019],[113.864419,22.496923,0.425019],[113.86441,22.496948,0.435019],[113.864403,22.49697,0.440019],[113.864394,22.496995,0.435019],[113.864385,22.497021,0.445019],[113.864376,22.497047,0.445019],[113.864367,22.497073,0.445019],[113.864358,22.497098,0.445019],[113.864349,22.497124,0.445019],[113.86434,22.49715,0.445019],[113.864332,22.497176,0.455019],[113.864323,22.497202,0.455019],[113.864314,22.497227,0.445019],[113.864305,22.497253,0.440019],[113.864296,22.497279,0.440019],[113.86429,22.497296,0.445019]]},"properties":{"approx_heading":107.83652304634423,"bidirection":0,"cross_slope":"0,0,0,0,0,0,0,0,0,0,0,0,0,0,0,0,0,0,0,0,0,0,0,0,0,0,0,0,0,0,0,0,0,0,0,0,0,0,0,0","info":"82","lane_area_type":23,"lane_type":1,"left_border_id":137438953521,"left_edge_dist":"100,100,100,100,100,100,100,100,100,100,100,100,100,100,100,100,100,100,100,100,100,100,100,100,100,100,100,100,100,100,100,100,100,100,100,100,100,100,100,100","left_neighbor_id":0,"left_neighbor_type":0,"left_opposite_neighbor_id":137439003250,"marker_ids":"","next_ids":"137439003234","overlap":"[{\"element_id\":137440201523,\"priority\":0,\"s_end\":102.96806335449219,\"s_start\":0.0,\"type\":4}]","preference":50,"preferred_speed":25,"previous_ids":"137438988626","priority":80,"right_border_id":137438953505,"right_edge_dist":"2.33,2.33,2.32,2.32,2.31,2.31,2.31,2.3,2.3,2.3,2.3,2.31,2.31,2.32,2.32,2.32,2.33,2.33,2.32,2.32,2.32,2.32,2.32,2.32,2.31,2.31,2.31,2.31,2.31,2.31,2.31,2.31,2.31,2.31,2.31,2.31,2.31,2.31,2.31,2.31","right_neighbor_id":0,"right_neighbor_type":0,"road_edge_dist":"4294901993,4294901993,4294901992,4294901992,4294901991,4294901991,4294901991,4294901990,4294901990,4294901990,4294901990,4294901991,4294901991,4294901992,4294901992,4294901992,4294901993,4294901993,4294901992,4294901992,4294901992,4294901992,4294901992,4294901992,4294901991,4294901991,4294901991,4294901991,4294901991,4294901991,4294901991,4294901991,4294901991,4294901991,4294901991,4294901991,4294901991,4294901991,4294901991,4294901991","slope":"0,0,0,0,0,0,0,0,0,0,0,0,0,0,0,0,0,0,0,0,0,0,0,0,0,0,0,0,0,0,0,0,0,0,0,0,0,0,0,0","speed_limit":25,"stopline_id":0,"total_length":115.39991203810011,"turn_type":0,"uid":137438953490}},{"type":"Feature","geometry":{"type":"LineString","coordinates":[[113.863608,22.499145,0.416027],[113.863617,22.499119,0.416027],[113.863626,22.499093,0.416027],[113.863635,22.499067,0.416027],[113.863644,22.499042,0.416027],[113.863653,22.499016,0.416027],[113.863662,22.49899,0.411027],[113.863671,22.498964,0.406027],[113.86368,22.498938,0.396027],[113.863689,22.498913,0.391027],[113.863698,22.498887,0.396027],[113.863706,22.498861,0.391027],[113.863715,22.498835,0.396027],[113.863724,22.498809,0.396027],[113.863733,22.498784,0.386027],[113.863742,22.498758,0.386027],[113.863751,22.498732,0.381027],[113.86376,22.498706,0.391027],[113.863769,22.498681,0.396027],[113.863778,22.498655,0.391027],[113.863787,22.498629,0.396027],[113.863796,22.498603,0.396027],[113.863805,22.498577,0.406027],[113.863814,22.498552,0.401027],[113.863823,22.498526,0.406027],[113.863832,22.4985,0.416027],[113.863841,22.498474,0.416027],[113.863849,22.498448,0.416027],[113.863858,22.498423,0.416027],[113.863867,22.498397,0.416027],[113.863876,22.498371,0.416027],[113.863885,22.498345,0.416027],[113.863894,22.49832,0.426027],[113.863903,22.498294,0.426027],[113.863912,22.498268,0.426027],[113.863921,22.498242,0.426027],[113.86393,22.498216,0.416027],[113.863939,22.498191,0.421027],[113.863948,22.498165,0.436027],[113.863957,22.498139,0.431027],[113.863966,22.498113,0.426027],[113.863975,22.498087,0.421027],[113.863984,22.498062,0.431027],[113.863993,22.498036,0.426027],[113.864001,22.49801,0.426027],[113.86401,22.497984,0.431027],[113.864019,22.497958,0.426027],[113.864028,22.497933,0.426027],[113.864037,22.497907,0.426027],[113.864046,22.497881,0.431027],[113.864055,22.497855,0.426027],[113.864064,22.49783,0.431027],[113.864073,22.497804,0.451027],[113.864075,22.497798,0.441027]]},"properties":{"approx_heading":-72.14580130951033,"bidirection":0,"cross_slope":"0,0,0,0,0,0,0,0,0,0,0,0,0,0,0,0,0,0,0,0,0,0,0,0,0,0,0,0,0,0,0,0,0,0,0,0,0,0,0,0,0,0,0,0,0,0,0,0,0,0,0,0,0,0","info":"81","lane_area_type":23,"lane_type":1,"left_border_id":137438953537,"left_edge_dist":"6.33,6.32,6.32,6.31,6.31,6.3,6.3,6.3,6.3,6.3,6.3,6.3,6.3,6.3,6.3,6.3,6.3,6.3,6.3,6.3,6.3,6.3,6.3,6.3,6.3,6.3,6.31,6.31,6.31,6.31,6.31,6.31,6.31,6.31,6.31,6.31,6.31,6.31,6.31,6.31,6.31,6.31,6.31,6.31,6.31,6.31,6.31,6.31,6.31,6.31,6.31,6.31,6.31,6.31","left_neighbor_id":0,"left_neighbor_type":0,"left_opposite_neighbor_id":137439003266,"marker_ids":"","next_ids":"137439003282","overlap":"[{\"element_id\":137440201523,\"priority\":0,\"s_end\":63.379905700683594,\"s_start\":0.0,\"type\":4}]","preference":50,"preferred_speed":25,"previous_ids":"137439763906,137439752482,137438999362,137439752546,137439752514,137439767682,137438999346,137439763922,137439752498,137439752530,137439752562","priority":80,"right_border_id":137438953553,"right_edge_dist":"40.56,43.49,46.44,49.39,52.34,55.3,58.27,100,100,100,100,100,100,100,100,100,100,100,100,100,100,100,100,100,100,100,100,100,100,100,100,100,100,100,100,100,100,100,100,100,100,100,100,100,100,100,100,100,100,100,100,100,100,100","right_neighbor_id":0,"right_neighbor_type":0,"road_edge_dist":"41488344,41423101,41423396,41358155,41358450,41293210,41293507,41353215,41353215,41353215,41353215,41353215,41353215,41353215,41353215,41353215,41353215,41353215,41353215,41353215,41353215,41353215,41353215,41353215,41353215,41353215,41418751,41418751,41418751,41418751,41418751,41418751,41418751,41418751,41418751,41418751,41418751,41418751,41418751,41418751,41418751,41418751,41418751,41418751,41418751,41418751,41418751,41418751,41418751,41418751,41418751,41418751,41418751,41418751","slope":"0,0,0,0,0,0,0,0,0,0,0,0,0,0,0,0,0,0,0,0,0,0,0,0,0,0,0,0,0,0,0,0,0,0,0,0,0,0,0,0,0,0,0,0,0,0,0,0,0,0,0,0,0,0","speed_limit":25,"stopline_id":0,"total_length":156.70219581829414,"turn_type":0,"uid":137438953506}},{"type":"Feature","geometry":{"type":"LineString","coordinates":[[113.863977,22.499412,0.226027],[113.863986,22.499386,0.226027],[113.863995,22.499361,0.231027],[113.864002,22.49934,0.227072]]},"properties":{"approx_heading":-72.32518963939881,"bidirection":0,"cross_slope":"0,0,0,0","info":"91","lane_area_type":21,"lane_type":1,"left_border_id":137439119825,"left_edge_dist":"16.73,16.66,16.52,16.37","left_neighbor_id":137439016642,"left_neighbor_type":0,"left_opposite_neighbor_id":0,"marker_ids":"","next_ids":"137439774178","overlap":"[{\"element_id\":137439698067,\"priority\":0,\"s_end\":0.5,\"s_start\":0.0,\"type\":4}]","preference":50,"preferred_speed":20,"previous_ids":"137438962498,137438999138,137438999218,137438999058,137438962578","priority":0,"right_border_id":137439119809,"right_edge_dist":"3.94,2.25,1.76,1.73","right_neighbor_id":0,"right_neighbor_type":0,"road_edge_dist":"109642122,109183201,108265648,107282605","slope":"0,0,0,0","speed_limit":20,"stopline_id":0,"total_length":8.366856832857394,"turn_type":0,"uid":137439016626}},{"type":"Feature","geometry":{"type":"LineString","coordinates":[[113.864009,22.499422,0.261027],[113.864018,22.499396,0.276027],[113.864026,22.49937,0.266027],[113.864034,22.49935,0.266027]]},"properties":{"approx_heading":-72.15820463167336,"bidirection":0,"cross_slope":"0,0,0,0","info":"92","lane_area_type":21,"lane_type":1,"left_border_id":137439119857,"left_edge_dist":"13.37,13.25,13.16,12.96","left_neighbor_id":137439016658,"left_neighbor_type":0,"left_opposite_neighbor_id":0,"marker_ids":"","next_ids":"137439774162","overlap":"[{\"element_id\":137439698067,\"priority\":0,\"s_end\":0.4999937415122986,\"s_start\":0.0,\"type\":4}]","preference":50,"preferred_speed":20,"previous_ids":"137438999234,137438962594,137438999074,137438962514,137438999154","priority":0,"right_border_id":137439119841,"right_edge_dist":"6.64,5.55,5.16,5.14","right_neighbor_id":137439016626,"right_neighbor_type":0,"road_edge_dist":"87622296,86835755,86245892,84935170","slope":"0,0,0,0","speed_limit":20,"stopline_id":0,"total_length":8.400506518557714,"turn_type":0,"uid":137439016642}},{"type":"Feature","geometry":{"type":"LineString","coordinates":[[113.864045,22.499433,0.273527],[113.864054,22.499407,0.301027],[113.864063,22.499382,0.291027],[113.864071,22.499361,0.284853]]},"properties":{"approx_heading":-72.12506723042206,"bidirection":0,"cross_slope":"0,0,0,0","info":"93","lane_area_type":21,"lane_type":1,"left_border_id":137439119889,"left_edge_dist":"9.41,9.26,9.2,8.97","left_neighbor_id":137439016674,"left_neighbor_type":0,"left_opposite_neighbor_id":0,"marker_ids":"","next_ids":"137439774194","overlap":"[{\"element_id\":137439698067,\"priority\":0,\"s_end\":0.4999789595603943,\"s_start\":0.0,\"type\":4}]","preference":50,"preferred_speed":20,"previous_ids":"137438962530,137438999170,137438962610,137438999250,137438999090","priority":0,"right_border_id":137439119873,"right_edge_dist":"10.24,9.43,9.16,9.14","right_neighbor_id":137439016642,"right_neighbor_type":0,"road_edge_dist":"61670400,60687279,60294036,58786706","slope":"0,0,0,0","speed_limit":20,"stopline_id":0,"total_length":8.453420562235916,"turn_type":0,"uid":137439016658}},{"type":"Feature","geometry":{"type":"LineString","coordinates":[[113.864082,22.499444,0.238527],[113.864091,22.499419,0.248527],[113.8641,22.499393,0.248527],[113.864107,22.499372,0.244455]]},"properties":{"approx_heading":-72.17059071168724,"bidirection":0,"cross_slope":"0,0,0,0","info":"94","lane_area_type":21,"lane_type":1,"left_border_id":137439119921,"left_edge_dist":"5.52,5.29,5.24,4.99","left_neighbor_id":137439016690,"left_neighbor_type":0,"left_opposite_neighbor_id":0,"marker_ids":"","next_ids":"137439774146","overlap":"[{\"element_id\":137439698067,\"priority\":0,\"s_end\":0.49999722838401794,\"s_start\":0.0,\"type\":4}]","preference":50,"preferred_speed":20,"previous_ids":"137438962626,137438999106,137438999266,137438999186,137438962546","priority":0,"right_border_id":137439119905,"right_edge_dist":"14.03,13.35,13.13,13.11","right_neighbor_id":137439016658,"right_neighbor_type":0,"road_edge_dist":"36177275,34669879,34342177,32703775","slope":"0,0,0,0","speed_limit":20,"stopline_id":0,"total_length":8.443752053203577,"turn_type":0,"uid":137439016674}},{"type":"Feature","geometry":{"type":"LineString","coordinates":[[113.864114,22.499454,0.176027],[113.864123,22.499428,0.176027],[113.864132,22.499402,0.186027],[113.864139,22.499382,0.162232]]},"properties":{"approx_heading":-72.07628867193081,"bidirection":0,"cross_slope":"0,0,0,0","info":"95","lane_area_type":21,"lane_type":1,"left_border_id":137439119953,"left_edge_dist":"2.44,1.87,1.83,1.57","left_neighbor_id":0,"left_neighbor_type":0,"left_opposite_neighbor_id":0,"marker_ids":"","next_ids":"137439774210","overlap":"[]","preference":50,"preferred_speed":20,"previous_ids":"137438999202,137438962562,137438962642,137438999122,137438999282","priority":0,"right_border_id":137439119937,"right_edge_dist":"17.32,16.74,16.54,16.53","right_neighbor_id":137439016674,"right_neighbor_type":0,"road_edge_dist":"15992516,12256906,11994742,10290805","slope":"0,0,0,0","speed_limit":20,"stopline_id":0,"total_length":8.377963613321187,"turn_type":0,"uid":137439016690}},{"type":"Feature","geometry":{"type":"LineString","coordinates":[[113.865133,22.496078,0.230019],[113.865142,22.496053,0.225019],[113.865151,22.496027,0.225019],[113.865152,22.496024,0.227705]]},"properties":{"approx_heading":-72.26520012151558,"bidirection":0,"cross_slope":"0,0,0,0","info":"91","lane_area_type":21,"lane_type":1,"left_border_id":137438954065,"left_edge_dist":"16.53,16.53,16.38,16.38","left_neighbor_id":137438953730,"left_neighbor_type":0,"left_opposite_neighbor_id":0,"marker_ids":"","next_ids":"137439773954","overlap":"[{\"element_id\":137439697939,\"priority\":0,\"s_end\":0.9999985098838806,\"s_start\":0.0,\"type\":4}]","preference":50,"preferred_speed":20,"previous_ids":"137438953554","priority":0,"right_border_id":137438954049,"right_edge_dist":"1.74,1.73,1.65,1.64","right_neighbor_id":0,"right_neighbor_type":0,"road_edge_dist":"108331182,108331181,107348133,107348132","slope":"0,0,0,0","speed_limit":20,"stopline_id":0,"total_length":6.293090128410538,"turn_type":0,"uid":137438953714}},{"type":"Feature","geometry":{"type":"LineString","coordinates":[[113.865165,22.496086,0.267519],[113.865173,22.496063,0.272519],[113.865182,22.496037,0.275019],[113.865183,22.496033,0.274326]]},"properties":{"approx_heading":-72.09810275193233,"bidirection":0,"cross_slope":"0,0,0,0","info":"92","lane_area_type":21,"lane_type":1,"left_border_id":137438954097,"left_edge_dist":"13.13,13.13,12.97,12.97","left_neighbor_id":137438953746,"left_neighbor_type":0,"left_opposite_neighbor_id":0,"marker_ids":"","next_ids":"137439773906","overlap":"[{\"element_id\":137439697939,\"priority\":0,\"s_end\":0.9999983310699463,\"s_start\":0.0,\"type\":4}]","preference":50,"preferred_speed":20,"previous_ids":"137438953570","priority":0,"right_border_id":137438954081,"right_edge_dist":"5.13,5.13,5.06,5.05","right_neighbor_id":137438953714,"right_neighbor_type":0,"road_edge_dist":"86049281,86049281,85000698,85000697","slope":"0,0,0,0","speed_limit":20,"stopline_id":0,"total_length":6.171296783533713,"turn_type":0,"uid":137438953730}},{"type":"Feature","geometry":{"type":"LineString","coordinates":[[113.865202,22.496098,0.280019],[113.86521,22.496074,0.280019],[113.865219,22.496048,0.275019],[113.865221,22.496044,0.273142]]},"properties":{"approx_heading":-72.01480629412943,"bidirection":0,"cross_slope":"0,0,0,0","info":"93","lane_area_type":21,"lane_type":1,"left_border_id":137438954129,"left_edge_dist":"9.13,9.12,8.96,8.96","left_neighbor_id":137438953762,"left_neighbor_type":0,"left_opposite_neighbor_id":0,"marker_ids":"","next_ids":"137439773938","overlap":"[{\"element_id\":137439697939,\"priority\":0,\"s_end\":1.0,\"s_start\":0.0,\"type\":4}]","preference":50,"preferred_speed":20,"previous_ids":"137438953586","priority":0,"right_border_id":137438954113,"right_edge_dist":"9.13,9.14,9.07,9.06","right_neighbor_id":137438953730,"right_neighbor_type":0,"road_edge_dist":"59835281,59769746,58721163,58721162","slope":"0,0,0,0","speed_limit":20,"stopline_id":0,"total_length":6.192692169382563,"turn_type":0,"uid":137438953746}},{"type":"Feature","geometry":{"type":"LineString","coordinates":[[113.865239,22.496109,0.245019],[113.865247,22.496085,0.245019],[113.865256,22.496059,0.242519],[113.865257,22.496056,0.240628]]},"properties":{"approx_heading":-72.03482337842442,"bidirection":0,"cross_slope":"0,0,0,0","info":"94","lane_area_type":21,"lane_type":1,"left_border_id":137438954161,"left_edge_dist":"5.15,5.14,4.99,4.98","left_neighbor_id":137438953778,"left_neighbor_type":0,"left_opposite_neighbor_id":0,"marker_ids":"","next_ids":"137439773922","overlap":"[{\"element_id\":137439697939,\"priority\":0,\"s_end\":1.0,\"s_start\":0.0,\"type\":4}]","preference":50,"preferred_speed":20,"previous_ids":"137438953602","priority":0,"right_border_id":137438954145,"right_edge_dist":"13.12,13.12,13.05,13.04","right_neighbor_id":137438953746,"right_neighbor_type":0,"road_edge_dist":"33752352,33686816,32703769,32638232","slope":"0,0,0,0","speed_limit":20,"stopline_id":0,"total_length":6.224614349346411,"turn_type":0,"uid":137438953762}},{"type":"Feature","geometry":{"type":"LineString","coordinates":[[113.86527,22.49612,0.190019],[113.865279,22.496095,0.175019],[113.865287,22.496069,0.195019],[113.865289,22.496065,0.192485]]},"properties":{"approx_heading":-72.12726314130975,"bidirection":0,"cross_slope":"0,0,0,0","info":"95","lane_area_type":21,"lane_type":1,"left_border_id":137438954193,"left_edge_dist":"1.73,1.73,1.59,1.57","left_neighbor_id":0,"left_neighbor_type":0,"left_opposite_neighbor_id":0,"marker_ids":"","next_ids":"137439773970","overlap":"[{\"element_id\":137439697939,\"priority\":0,\"s_end\":0.999986469745636,\"s_start\":0.0,\"type\":4}]","preference":50,"preferred_speed":20,"previous_ids":"137438953618","priority":0,"right_border_id":137438954177,"right_edge_dist":"16.54,16.54,16.46,16.46","right_neighbor_id":137438953762,"right_neighbor_type":0,"road_edge_dist":"11339382,11339382,10421870,10290798","slope":"0,0,0,0","speed_limit":20,"stopline_id":0,"total_length":6.393060893205537,"turn_type":0,"uid":137438953778}},{"type":"Feature","geometry":{"type":"LineString","coordinates":[[113.864731,22.499774,0.040434],[113.864703,22.499766,0.045434],[113.864675,22.499758,0.045434],[113.864648,22.499749,0.050434],[113.86462,22.499741,0.065434],[113.864592,22.499733,0.070434],[113.864564,22.499724,0.060434],[113.864537,22.499716,0.075434],[113.864509,22.499708,0.095434],[113.864481,22.499699,0.095434],[113.864453,22.499691,0.095434],[113.864426,22.499683,0.095434],[113.864398,22.499674,0.110434],[113.86437,22.499666,0.115434],[113.864342,22.499658,0.120434],[113.864315,22.499649,0.130434],[113.864287,22.499641,0.135434],[113.864259,22.499633,0.145434],[113.864231,22.499624,0.190434],[113.864204,22.499616,0.206027],[113.864176,22.499608,0.196027],[113.864148,22.499599,0.211027],[113.86412,22.499591,0.211027],[113.864114,22.499589,0.216027]]},"properties":{"approx_heading":-162.10019757284454,"bidirection":0,"cross_slope":"0,0,0,0,0,0,0,0,0,0,0,0,0,0,0,0,0,0,0,0,0,0,0,0","info":"254","lane_area_type":22,"lane_type":1,"left_border_id":137438992449,"left_edge_dist":"15.7,15.74,15.74,15.71,15.69,16.07,15.69,15.61,15.61,15.62,15.63,15.71,15.7,15.68,15.68,15.68,15.69,15.76,16.31,16.09,15.7,15.71,15.74,15.74","left_neighbor_id":0,"left_neighbor_type":0,"left_opposite_neighbor_id":0,"marker_ids":"","next_ids":"137438962530,137438962498,137438998850,137438962562,137438962514,137438962546","overlap":"[{\"element_id\":137439698067,\"priority\":0,\"s_end\":30.44782066345215,\"s_start\":0.0,\"type\":4}]","preference":50,"preferred_speed":25,"previous_ids":"137438963618","priority":40,"right_border_id":137438992465,"right_edge_dist":"11.18,12.7,12.7,12.7,12.7,12.71,12.71,12.71,12.71,12.71,12.72,12.72,12.72,12.72,12.72,12.72,12.73,12.73,12.73,12.73,12.73,12.68,10.5,10.04","right_neighbor_id":137438958178,"right_neighbor_type":0,"road_edge_dist":"102892638,103154934,103154934,102958326,102827254,105317623,102827255,102302967,102302967,102368503,102434040,102958328,102892792,102761720,102761720,102761720,102827257,103286009,106890489,105448697,102892793,102958324,103154714,103154668","slope":"0,0,0,0,0,0,0,0,0,0,0,0,0,0,0,0,0,0,0,0,0,0,0,0","speed_limit":25,"stopline_id":0,"total_length":66.72791449697525,"turn_type":0,"uid":137438958162}},{"type":"Feature","geometry":{"type":"LineString","coordinates":[[113.864719,22.499809,-0.039566],[113.864692,22.4998,-0.029566],[113.864664,22.499792,-0.009566],[113.864636,22.499784,-0.014566],[113.864608,22.499776,-0.009566],[113.864581,22.499767,0.000434],[113.864553,22.499759,-0.009566],[113.864525,22.499751,0.005434],[113.864497,22.499742,0.010434],[113.86447,22.499734,0.025434],[113.864442,22.499726,0.025434],[113.864414,22.499717,0.020434],[113.864386,22.499709,0.025434],[113.864359,22.499701,0.025434],[113.864331,22.499692,0.040434],[113.864303,22.499684,0.055434],[113.864275,22.499676,0.085434],[113.864248,22.499667,0.095434],[113.86422,22.499659,0.100434],[113.864192,22.499651,0.120434],[113.864164,22.499643,0.120434],[113.864137,22.499634,0.120434],[113.864109,22.499626,0.130434],[113.864101,22.499624,0.130434]]},"properties":{"approx_heading":-162.13110296435468,"bidirection":0,"cross_slope":"0,0,0,0,0,0,0,0,0,0,0,0,0,0,0,0,0,0,0,0,0,0,0,0","info":"255","lane_area_type":22,"lane_type":1,"left_border_id":137438992465,"left_edge_dist":"19.7,19.74,19.75,19.71,19.69,19.99,19.69,19.62,19.63,19.63,19.64,19.71,19.71,19.7,19.7,19.71,19.71,19.77,20.21,20.05,19.73,19.74,19.77,19.78","left_neighbor_id":137438958162,"left_neighbor_type":0,"left_opposite_neighbor_id":0,"marker_ids":"","next_ids":"137438962626,137438962594,137438962610,137438962578,137438962642,137438998898","overlap":"[{\"element_id\":137439698067,\"priority\":0,\"s_end\":47.49424362182617,\"s_start\":0.0,\"type\":4}]","preference":50,"preferred_speed":25,"previous_ids":"137438963794","priority":40,"right_border_id":137438992481,"right_edge_dist":"8.7,8.7,8.7,8.7,8.7,8.7,8.7,8.7,8.7,8.7,8.7,8.7,8.7,8.7,8.7,8.7,8.7,8.7,8.7,8.7,8.7,8.7,7.95,7.22","right_neighbor_id":0,"right_neighbor_type":0,"road_edge_dist":"129106790,129368934,129434470,129172326,129041254,131007334,129041254,128582502,128648038,128648038,128713574,129172326,129172326,129106790,129106790,129172326,129172326,129565542,132449126,131400550,129303398,129368934,129565467,129630930","slope":"0,0,0,0,0,0,0,0,0,0,0,0,0,0,0,0,0,0,0,0,0,0,0,0","speed_limit":25,"stopline_id":0,"total_length":66.85497573282895,"turn_type":0,"uid":137438958178}},{"type":"Feature","geometry":{"type":"LineString","coordinates":[[113.864126,22.499551,0.266027],[113.864153,22.499559,0.266027],[113.864181,22.499567,0.256027],[113.864209,22.499576,0.246027],[113.864237,22.499584,0.226027],[113.864264,22.499592,0.216027],[113.864292,22.499601,0.216027],[113.86432,22.499609,0.216027],[113.864348,22.499617,0.201027],[113.864375,22.499626,0.200434],[113.864403,22.499634,0.190434],[113.864431,22.499642,0.175434],[113.864459,22.499651,0.170434],[113.864486,22.499659,0.165434],[113.864514,22.499667,0.160434],[113.864542,22.499676,0.155434],[113.864569,22.499684,0.145434],[113.864597,22.499692,0.140434],[113.864625,22.499701,0.140434],[113.864653,22.499709,0.130434],[113.86468,22.499717,0.130434],[113.864708,22.499726,0.125434],[113.864736,22.499734,0.120434],[113.864744,22.499736,0.120434]]},"properties":{"approx_heading":17.930825982266107,"bidirection":0,"cross_slope":"0,0,0,0,0,0,0,0,0,0,0,0,0,0,0,0,0,0,0,0,0,0,0,0","info":"253","lane_area_type":22,"lane_type":1,"left_border_id":137438992433,"left_edge_dist":"13.73,15.29,17.16,17.16,17.15,17.15,17.15,17.14,17.14,17.14,17.13,17.13,17.13,17.12,17.12,17.12,17.11,17.11,17.11,17.1,17.1,17.03,15.12,14.65","left_neighbor_id":0,"left_neighbor_type":0,"left_opposite_neighbor_id":0,"marker_ids":"","next_ids":"137438963202,137438963170,137438963234,137438963186,137438963218,137438963250","overlap":"[{\"element_id\":137439698067,\"priority\":0,\"s_end\":46.66055679321289,\"s_start\":0.0,\"type\":4}]","preference":50,"preferred_speed":25,"previous_ids":"137438998914","priority":40,"right_border_id":137438992417,"right_edge_dist":"11.32,11.29,11.26,11.59,12.46,11.5,11.27,11.27,11.26,11.26,11.26,11.49,11.22,11.21,11.21,11.2,11.23,11.81,11.36,11.3,11.34,11.35,11.31,11.3","right_neighbor_id":137438958210,"right_neighbor_type":0,"road_edge_dist":"89982060,100205673,112460902,112460935,112395486,112395390,112395367,112329831,112329830,112329830,112264294,112264317,112264290,112198753,112198753,112198752,112133219,112133277,112133232,112067690,112067694,111608943,99091563,96011370","slope":"0,0,0,0,0,0,0,0,0,0,0,0,0,0,0,0,0,0,0,0,0,0,0,0","speed_limit":25,"stopline_id":0,"total_length":66.84848375658366,"turn_type":0,"uid":137438958194}},{"type":"Feature","geometry":{"type":"LineString","coordinates":[[113.864137,22.499517,0.231027],[113.864165,22.499525,0.221027],[113.864192,22.499533,0.221027],[113.86422,22.499542,0.216027],[113.864248,22.49955,0.211027],[113.864276,22.499558,0.186027],[113.864303,22.499567,0.166027],[113.864331,22.499575,0.171027],[113.864359,22.499584,0.141027],[113.864386,22.499592,0.136027],[113.864414,22.4996,0.126027],[113.864442,22.499609,0.121027],[113.86447,22.499617,0.111027],[113.864497,22.499625,0.125434],[113.864525,22.499634,0.120434],[113.864553,22.499642,0.115434],[113.864581,22.49965,0.110434],[113.864608,22.499659,0.110434],[113.864636,22.499667,0.105434],[113.864664,22.499675,0.095434],[113.864692,22.499684,0.080434],[113.864719,22.499692,0.075434],[113.864747,22.4997,0.075434],[113.864755,22.499703,0.065434]]},"properties":{"approx_heading":17.93082610444502,"bidirection":0,"cross_slope":"0,0,0,0,0,0,0,0,0,0,0,0,0,0,0,0,0,0,0,0,0,0,0,0","info":"252","lane_area_type":22,"lane_type":1,"left_border_id":137438992417,"left_edge_dist":"17.32,18.57,20.19,21.08,21.07,21.07,21.07,21.06,21.06,21.06,21.05,21.05,21.05,21.04,21.04,21.04,21.03,21.03,21.02,21.02,21.02,20.09,18.49,18.1","left_neighbor_id":137438958194,"left_neighbor_type":0,"left_opposite_neighbor_id":0,"marker_ids":"","next_ids":"137438963394,137438963362,137438963426,137438963330,137438963346,137438963378","overlap":"[{\"element_id\":137439698067,\"priority\":0,\"s_end\":46.66720199584961,\"s_start\":0.0,\"type\":4}]","preference":50,"preferred_speed":25,"previous_ids":"137438998978","priority":40,"right_border_id":137438992401,"right_edge_dist":"7.4,7.37,7.35,7.81,8.76,7.72,7.35,7.35,7.34,7.34,7.34,7.73,7.3,7.29,7.29,7.28,7.32,8.06,7.5,7.38,7.42,7.43,7.4,7.39","right_neighbor_id":137438958226,"right_neighbor_type":0,"road_edge_dist":"113509092,121701089,132317919,138150669,138085228,138085124,138085087,138019551,138019550,138019550,137954014,137954053,137954010,137888473,137888473,137888472,137822940,137823014,137757422,137757410,137757414,131662567,121176804,118620899","slope":"0,0,0,0,0,0,0,0,0,0,0,0,0,0,0,0,0,0,0,0,0,0,0,0","speed_limit":25,"stopline_id":0,"total_length":66.84878775156307,"turn_type":0,"uid":137438958210}},{"type":"Feature","geometry":{"type":"LineString","coordinates":[[113.864148,22.499483,0.176027],[113.864176,22.499492,0.146027],[113.864204,22.4995,0.131027],[113.864232,22.499508,0.131027],[113.864259,22.499517,0.116027],[113.864287,22.499525,0.121027],[113.864315,22.499533,0.116027],[113.864343,22.499542,0.091027],[113.86437,22.49955,0.091027],[113.864398,22.499558,0.061027],[113.864426,22.499567,0.041027],[113.864454,22.499575,0.061027],[113.864481,22.499583,0.046027],[113.864509,22.499592,0.046027],[113.864537,22.4996,0.041027],[113.864565,22.499608,0.021027],[113.864592,22.499617,0.016027],[113.86462,22.499625,0.030434],[113.864648,22.499633,0.030434],[113.864676,22.499642,0.025434],[113.864703,22.49965,0.020434],[113.864731,22.499658,-0.004566],[113.864759,22.499667,0.005434],[113.864767,22.499669,0.010434]]},"properties":{"approx_heading":17.930826468444682,"bidirection":0,"cross_slope":"0,0,0,0,0,0,0,0,0,0,0,0,0,0,0,0,0,0,0,0,0,0,0,0","info":"251","lane_area_type":22,"lane_type":1,"left_border_id":137438992401,"left_edge_dist":"21.02,22.06,23.44,24.97,24.97,24.97,24.96,24.96,24.96,24.95,24.95,24.95,24.94,24.94,24.94,24.93,24.93,24.93,24.92,24.92,24.91,23.35,21.84,21.4","left_neighbor_id":137438958210,"left_neighbor_type":0,"left_opposite_neighbor_id":0,"marker_ids":"","next_ids":"137438963522,137438963490,137438963554,137438963538,137438963602,137438963506","overlap":"[{\"element_id\":137439698067,\"priority\":0,\"s_end\":46.665645599365234,\"s_start\":0.0,\"type\":4}]","preference":50,"preferred_speed":25,"previous_ids":"137438999042","priority":40,"right_border_id":137438992497,"right_edge_dist":"3.5,3.48,3.45,4.35,4.91,4.19,3.45,3.45,3.45,3.44,3.44,4.24,3.4,3.4,3.39,3.39,3.46,4.67,3.75,3.48,3.52,3.54,3.5,3.49","right_neighbor_id":0,"right_neighbor_type":0,"road_edge_dist":"137757022,144572764,153616729,163643827,163643883,163643811,163578201,163578201,163578201,163512664,163512664,163512744,163447124,163447124,163447123,163381587,163381594,163381715,163316087,163316060,163250528,153026914,143130974,140247389","slope":"0,0,0,0,0,0,0,0,0,0,0,0,0,0,0,0,0,0,0,0,0,0,0,0","speed_limit":25,"stopline_id":0,"total_length":66.84915390525067,"turn_type":0,"uid":137438958226}},{"type":"Feature","geometry":{"type":"LineString","coordinates":[[113.865277,22.495663,0.234929],[113.865286,22.495637,0.234929],[113.865289,22.495628,0.238304]]},"properties":{"approx_heading":-72.16967186769597,"bidirection":0,"cross_slope":"0,0,0","info":"31","lane_area_type":21,"lane_type":1,"left_border_id":137438995809,"left_edge_dist":"17.13,16.61,16.51","left_neighbor_id":137438958738,"left_neighbor_type":0,"left_opposite_neighbor_id":0,"marker_ids":"","next_ids":"137439774418","overlap":"[]","preference":50,"preferred_speed":20,"previous_ids":"137439065762,137439065282,137439066914,137439066722,137439066242,137439067298,137439065522,137439064946,137439065106,137439066002,137439067122,137439066482,137439067474","priority":0,"right_border_id":137438995793,"right_edge_dist":"4.36,2.03,1.75","right_neighbor_id":0,"right_neighbor_type":0,"road_edge_dist":"112263604,108855499,108200111","slope":"0,0,0","speed_limit":20,"stopline_id":0,"total_length":4.012372456390191,"turn_type":0,"uid":137438958722}},{"type":"Feature","geometry":{"type":"LineString","coordinates":[[113.865308,22.495672,0.243589],[113.865317,22.495646,0.253589],[113.86532,22.495637,0.252735]]},"properties":{"approx_heading":-72.16966103290461,"bidirection":0,"cross_slope":"0,0,0","info":"32","lane_area_type":21,"lane_type":1,"left_border_id":137438995841,"left_edge_dist":"13.86,13.24,13.12","left_neighbor_id":137438958754,"left_neighbor_type":0,"left_opposite_neighbor_id":0,"marker_ids":"","next_ids":"137439774450","overlap":"[]","preference":50,"preferred_speed":20,"previous_ids":"137439066018,137439065538,137439066498,137439065122,137439064962,137439067490,137439067138,137439065298,137439065778,137439066258,137439066930,137439066738,137439067314","priority":0,"right_border_id":137438995825,"right_edge_dist":"6.54,5.25,5.15","right_neighbor_id":137438958722,"right_neighbor_type":0,"road_edge_dist":"90833550,86770189,85983747","slope":"0,0,0","speed_limit":20,"stopline_id":0,"total_length":4.024967173181849,"turn_type":0,"uid":137438958738}},{"type":"Feature","geometry":{"type":"LineString","coordinates":[[113.865347,22.495679,0.251089],[113.865356,22.495653,0.261089],[113.865358,22.495648,0.26251]]},"properties":{"approx_heading":-72.49929930860232,"bidirection":0,"cross_slope":"0,0,0","info":"33","lane_area_type":21,"lane_type":1,"left_border_id":137438995873,"left_edge_dist":"9.87,9.17,9.11","left_neighbor_id":137438958770,"left_neighbor_type":0,"left_opposite_neighbor_id":0,"marker_ids":"","next_ids":"137439774386","overlap":"[]","preference":50,"preferred_speed":20,"previous_ids":"137439065314,137439065794,137439066274,137439066946,137439066754,137439067330,137439064978,137439065138,137439065554,137439066034,137439066514,137439067154,137439067506","priority":0,"right_border_id":137438995857,"right_edge_dist":"9.86,9.2,9.18","right_neighbor_id":137438958738,"right_neighbor_type":0,"road_edge_dist":"64685018,60097432,59704214","slope":"0,0,0","speed_limit":20,"stopline_id":0,"total_length":3.5686084457026905,"turn_type":0,"uid":137438958754}},{"type":"Feature","geometry":{"type":"LineString","coordinates":[[113.865382,22.495695,0.233589],[113.865391,22.495669,0.233589],[113.865394,22.495659,0.236308]]},"properties":{"approx_heading":-72.20659178940171,"bidirection":0,"cross_slope":"0,0,0","info":"34","lane_area_type":21,"lane_type":1,"left_border_id":137438995905,"left_edge_dist":"6.71,5.37,5.19","left_neighbor_id":137438958786,"left_neighbor_type":0,"left_opposite_neighbor_id":0,"marker_ids":"","next_ids":"137439774434","overlap":"[]","preference":50,"preferred_speed":20,"previous_ids":"137439065570,137439066050,137439064994,137439065154,137439066530,137439067170,137439067522,137439065810,137439065330,137439066962,137439066290,137439066770,137439067346","priority":0,"right_border_id":137438995889,"right_edge_dist":"13.76,13.18,13.13","right_neighbor_id":137438958754,"right_neighbor_type":0,"road_edge_dist":"43976032,35194150,34014497","slope":"0,0,0","speed_limit":20,"stopline_id":0,"total_length":4.087689909455885,"turn_type":0,"uid":137438958770}},{"type":"Feature","geometry":{"type":"LineString","coordinates":[[113.865414,22.495704,0.204929],[113.865422,22.495678,0.174929],[113.865426,22.495669,0.18242]]},"properties":{"approx_heading":-72.22430858955958,"bidirection":0,"cross_slope":"0,0,0","info":"35","lane_area_type":21,"lane_type":1,"left_border_id":137438995937,"left_edge_dist":"4.59,2.21,1.83","left_neighbor_id":0,"left_neighbor_type":0,"left_opposite_neighbor_id":0,"marker_ids":"","next_ids":"137439774402","overlap":"[]","preference":50,"preferred_speed":20,"previous_ids":"137439065826,137439066306,137439065346,137439066978,137439067362,137439066786,137439065586,137439066546,137439065010,137439065170,137439066066,137439067186,137439067538","priority":0,"right_border_id":137438995921,"right_edge_dist":"17.05,16.58,16.54","right_neighbor_id":137438958770,"right_neighbor_type":0,"road_edge_dist":"30082729,14485114,11994742","slope":"0,0,0","speed_limit":20,"stopline_id":0,"total_length":4.123780478632834,"turn_type":0,"uid":137438958786}},{"type":"Feature","geometry":{"type":"LineString","coordinates":[[113.865313,22.495559,0.234929],[113.865321,22.495535,0.234929],[113.865322,22.495532,0.234929],[113.865331,22.495506,0.234929],[113.86534,22.495481,0.259929],[113.865345,22.495465,0.254929],[113.865354,22.49544,0.244929],[113.865363,22.495414,0.254929],[113.865372,22.495388,0.254929],[113.865381,22.495362,0.249929],[113.86539,22.495336,0.249929],[113.865398,22.495311,0.244929],[113.865407,22.495285,0.244929],[113.865416,22.495259,0.274929],[113.865425,22.495233,0.284929],[113.865434,22.495208,0.294929],[113.865443,22.495182,0.274929],[113.865452,22.495156,0.294929],[113.865461,22.49513,0.309929],[113.86547,22.495104,0.329929],[113.865479,22.495079,0.344929],[113.865488,22.495053,0.339929],[113.865496,22.495029,0.329929],[113.865505,22.495002,0.344929],[113.865514,22.494976,0.349929],[113.865523,22.494949,0.339929],[113.865532,22.494924,0.344929],[113.865541,22.494898,0.349929],[113.86555,22.494872,0.344929],[113.865559,22.494846,0.339929],[113.865568,22.494821,0.364929],[113.865577,22.494795,0.359929],[113.865586,22.494769,0.364929],[113.865594,22.494745,0.364929],[113.865603,22.494719,0.359929],[113.865612,22.494694,0.354929],[113.865621,22.494668,0.364929],[113.86563,22.494642,0.364929],[113.865639,22.494616,0.354929],[113.865648,22.49459,0.359929],[113.865657,22.494564,0.354929],[113.865666,22.494538,0.354929],[113.865675,22.494512,0.339929],[113.865684,22.494487,0.354929],[113.865692,22.494461,0.354929],[113.865695,22.494455,0.354929],[113.865704,22.494429,0.359929],[113.865712,22.494404,0.354929],[113.865721,22.494378,0.374929],[113.86573,22.494353,0.419929],[113.865739,22.494327,0.414929],[113.865748,22.494302,0.424929],[113.865757,22.494277,0.444929],[113.865766,22.494251,0.444929],[113.865774,22.494225,0.444929],[113.865783,22.494199,0.419929],[113.865792,22.494173,0.424929],[113.865801,22.494148,0.434929],[113.86581,22.494123,0.434929],[113.865819,22.494096,0.424929],[113.865828,22.49407,0.424929],[113.865837,22.494044,0.424929],[113.865842,22.494031,0.404929],[113.865851,22.494005,0.414929],[113.86586,22.493979,0.424929],[113.865866,22.493962,0.429929],[113.865875,22.493937,0.439929],[113.865883,22.493911,0.444929],[113.865892,22.493886,0.439929],[113.865901,22.49386,0.449929],[113.86591,22.493834,0.444845],[113.865919,22.493808,0.424845],[113.865928,22.493782,0.419845],[113.865937,22.493757,0.409845],[113.865939,22.49375,0.399845],[113.865948,22.493724,0.399845],[113.865955,22.493705,0.414845],[113.865964,22.49368,0.399845],[113.865973,22.493654,0.399845],[113.865982,22.493628,0.399845],[113.865991,22.493602,0.409845],[113.866,22.493576,0.394845],[113.866009,22.493551,0.374845],[113.866017,22.493527,0.369845],[113.866027,22.493499,0.374845],[113.866036,22.493473,0.374845],[113.866045,22.493447,0.359845],[113.866054,22.493421,0.359845],[113.866057,22.493412,0.359845],[113.866066,22.493386,0.359845],[113.866074,22.493361,0.359845],[113.866083,22.493335,0.359845],[113.866092,22.493309,0.359845],[113.866095,22.493302,0.359845],[113.866101,22.493283,0.359845],[113.86611,22.493258,0.364845],[113.866119,22.493232,0.359845],[113.866128,22.493206,0.339845],[113.866137,22.49318,0.344845],[113.866146,22.493154,0.344845],[113.866155,22.493129,0.334845],[113.866164,22.493103,0.314845],[113.866173,22.493077,0.299845],[113.866182,22.493051,0.299845],[113.866191,22.493025,0.274845],[113.8662,22.492999,0.279845],[113.866209,22.492974,0.274845],[113.866218,22.492948,0.264845],[113.866227,22.492923,0.264845],[113.866236,22.492896,0.264845],[113.866245,22.492871,0.254845],[113.866254,22.492845,0.239845],[113.866263,22.492819,0.249845],[113.866272,22.492793,0.239845],[113.866281,22.492768,0.219845],[113.86629,22.492742,0.214845],[113.866299,22.492716,0.199845],[113.866308,22.49269,0.199845],[113.866316,22.492664,0.179845],[113.866325,22.492639,0.189845],[113.866334,22.492613,0.184845],[113.866343,22.492587,0.184845],[113.866352,22.492561,0.179845],[113.866362,22.492533,0.174845],[113.866371,22.492508,0.179845],[113.866376,22.492494,0.179845]]},"properties":{"approx_heading":-72.14035637218163,"bidirection":0,"cross_slope":"0,0,0,0,0,0,0,0,0,0,0,0,0,0,0,0,0,0,0,0,0,0,0,0,0,0,0,0,0,0,0,0,0,0,0,0,0,0,0,0,0,0,0,0,0,0,0,0,0,0,0,0,0,0,0,0,0,0,0,0,0,0,0,0,0,0,0,0,0,0,0,0,0,0,0,0,0,0,0,0,0,0,0,0,0,0,0,0,0,0,0,0,0,0,0,0,0,0,0,0,0,0,0,0,0,0,0,0,0,0,0,0,0,0,0,0,0,0,0,0,0,0,0,0,0,0","info":"31","lane_area_type":21,"lane_type":1,"left_border_id":137438995969,"left_edge_dist":"16.56,16.63,16.63,16.64,16.63,16.64,16.63,16.64,16.65,16.64,16.64,16.61,16.61,16.6,16.61,16.61,16.62,16.62,16.62,16.61,16.63,16.64,16.63,16.64,16.64,16.66,16.64,16.63,16.64,16.63,16.62,16.62,16.62,16.61,16.61,16.62,16.6,16.59,16.59,16.58,16.61,16.59,16.61,16.58,16.6,16.63,16.63,16.62,16.61,16.63,16.64,16.63,16.62,16.62,16.63,16.64,16.64,16.62,16.63,16.64,16.63,16.64,16.59,16.6,16.58,16.61,16.6,16.63,16.64,16.62,16.63,16.65,16.65,16.64,16.61,16.59,16.63,16.63,16.64,16.64,16.61,16.63,16.62,16.62,16.6,16.62,16.63,16.65,16.63,16.62,16.61,16.59,16.62,16.65,16.62,16.6,16.59,16.61,16.59,16.6,16.58,16.59,16.58,16.61,16.6,16.6,16.58,16.58,16.58,16.6,16.6,16.57,16.57,16.62,16.59,16.56,16.56,16.57,16.61,16.6,16.59,16.57,16.52,16.56,16.58,16.6","left_neighbor_id":137438958818,"left_neighbor_type":0,"left_opposite_neighbor_id":0,"marker_ids":"","next_ids":"137438958882","overlap":"[{\"element_id\":137439697955,\"priority\":0,\"s_end\":74.22554779052734,\"s_start\":0.0,\"type\":4}]","preference":50,"preferred_speed":20,"previous_ids":"137439774418","priority":0,"right_border_id":137438995953,"right_edge_dist":"1.77,1.81,1.77,1.76,1.76,1.83,1.84,1.84,1.84,1.84,1.84,1.85,1.84,1.84,1.85,1.86,1.85,1.84,1.84,1.83,1.83,1.82,1.81,1.82,1.82,1.83,1.82,1.83,1.84,1.85,1.85,1.84,1.85,1.85,1.86,1.84,1.86,1.86,1.86,1.85,1.84,1.84,1.84,1.85,1.84,1.83,1.83,1.84,1.84,1.84,1.84,1.85,1.86,1.87,1.85,1.85,1.84,1.86,1.85,1.85,1.86,1.86,1.86,1.87,1.87,1.83,1.81,1.82,1.81,1.85,1.8,1.78,1.78,1.78,1.76,1.78,1.8,1.8,1.81,1.8,1.81,1.82,1.8,1.85,1.82,1.83,1.81,1.81,1.81,1.8,1.82,1.82,1.82,1.82,1.8,1.83,1.84,1.84,1.85,1.85,1.82,1.85,1.85,1.83,1.83,1.85,1.86,1.86,1.86,1.86,1.84,1.86,1.86,1.86,1.84,1.83,1.84,1.83,1.83,1.83,1.84,1.85,1.86,1.88,1.88,1.86","right_neighbor_id":0,"right_neighbor_type":0,"road_edge_dist":"108527793,108986549,108986545,109052080,108986544,109052087,108986552,109052088,109117624,109052088,109052088,108855481,108855480,108789944,108855481,108855482,108921017,108921016,108921016,108855479,108986551,109052086,108986549,109052086,109052086,109183159,109052086,108986551,109052088,108986553,108921017,108921016,108921017,108855481,108855482,108921016,108789946,108724410,108724410,108658873,108855480,108724408,108855480,108658873,108789944,108986551,108986551,108921016,108855480,108986552,109052088,108986553,108921018,108921019,108986553,109052089,109052088,108921018,108986553,109052089,108986554,109052090,108724410,108789947,108658875,108855479,108789941,108986550,109052085,108921017,108986548,109117618,109117618,109052082,108855472,108724402,108986548,108986548,109052085,109052084,108855477,108986550,108921012,108921017,108789942,108921015,108986549,109117621,108986549,108921012,108855478,108724406,108921014,109117622,108921012,108789943,108724408,108855480,108724409,108789945,108658870,108724409,108658873,108855479,108789943,108789945,108658874,108658874,108658874,108789946,108789944,108593338,108593338,108921018,108724408,108527799,108527800,108593335,108855479,108789943,108724408,108593337,108265658,108527804,108658876,108789946","slope":"0,0,0,0,0,0,0,0,0,0,0,0,0,0,0,0,0,0,0,0,0,0,0,0,0,0,0,0,0,0,0,0,0,0,0,0,0,0,0,0,0,0,0,0,0,0,0,0,0,0,0,0,0,0,0,0,0,0,0,0,0,0,0,0,0,0,0,0,0,0,0,0,0,0,0,0,0,0,0,0,0,0,0,0,0,0,0,0,0,0,0,0,0,0,0,0,0,0,0,0,0,0,0,0,0,0,0,0,0,0,0,0,0,0,0,0,0,0,0,0,0,0,0,0,0,0","speed_limit":20,"stopline_id":0,"total_length":356.64711777177854,"turn_type":0,"uid":137438958802}},{"type":"Feature","geometry":{"type":"LineString","coordinates":[[113.865344,22.49557,0.251089],[113.865353,22.495542,0.251089],[113.865362,22.495516,0.263589],[113.865371,22.49549,0.286089],[113.86538,22.495464,0.281089],[113.865389,22.495439,0.276089],[113.865398,22.495413,0.273589],[113.865407,22.495387,0.263589],[113.865416,22.495361,0.273589],[113.865425,22.495335,0.286089],[113.865434,22.49531,0.286089],[113.865443,22.495284,0.303589],[113.865451,22.495259,0.311089],[113.86546,22.495233,0.318589],[113.865469,22.495207,0.321089],[113.865478,22.495182,0.316089],[113.865487,22.495156,0.313589],[113.865496,22.49513,0.328589],[113.865505,22.495104,0.341089],[113.865514,22.495079,0.346089],[113.865523,22.495053,0.346089],[113.865528,22.495037,0.350509],[113.865537,22.495011,0.345509],[113.865546,22.494985,0.350509],[113.865555,22.494959,0.352429],[113.865564,22.494934,0.354929],[113.865573,22.494908,0.359929],[113.865582,22.494882,0.377429],[113.86559,22.494856,0.404929],[113.865599,22.49483,0.407429],[113.865608,22.494805,0.407429],[113.865617,22.494779,0.412429],[113.865626,22.494753,0.422429],[113.865628,22.494748,0.422429],[113.865637,22.494723,0.422429],[113.865646,22.494697,0.419929],[113.865654,22.494671,0.417429],[113.865663,22.494645,0.437429],[113.865672,22.494619,0.419929],[113.865681,22.494593,0.407429],[113.865685,22.494584,0.394929],[113.865694,22.494558,0.384929],[113.865702,22.494532,0.377429],[113.865704,22.494527,0.374929],[113.865713,22.494502,0.377429],[113.865722,22.494476,0.379929],[113.865726,22.494466,0.379929],[113.865735,22.49444,0.387429],[113.865744,22.494414,0.399929],[113.865753,22.494388,0.417429],[113.865762,22.494363,0.434929],[113.865763,22.49436,0.434929],[113.865771,22.494334,0.442429],[113.86578,22.494309,0.442429],[113.865783,22.4943,0.449929],[113.865792,22.494274,0.459929],[113.865801,22.494249,0.467429],[113.86581,22.494223,0.464929],[113.865819,22.494197,0.464887],[113.865828,22.494171,0.459845],[113.865837,22.494145,0.454845],[113.865846,22.49412,0.454845],[113.865855,22.494094,0.452345],[113.865857,22.494088,0.454845],[113.865866,22.494063,0.454845],[113.865873,22.494042,0.459845],[113.865882,22.494016,0.454845],[113.86589,22.493991,0.457345],[113.865899,22.493965,0.457345],[113.865908,22.493939,0.462345],[113.865917,22.493913,0.477345],[113.865926,22.493888,0.469845],[113.865935,22.493864,0.469845],[113.865943,22.493838,0.469845],[113.865953,22.49381,0.462345],[113.865962,22.493784,0.454845],[113.865971,22.493758,0.447345],[113.86598,22.493733,0.444845],[113.865989,22.493707,0.444845],[113.865993,22.493696,0.444845],[113.866002,22.49367,0.437345],[113.866011,22.493645,0.432345],[113.866012,22.49364,0.432345],[113.866021,22.493614,0.434845],[113.866029,22.493593,0.437345],[113.866034,22.493578,0.424845],[113.866043,22.493553,0.429845],[113.86605,22.493531,0.414845],[113.866059,22.493506,0.422345],[113.866068,22.49348,0.402345],[113.866069,22.493477,0.399845],[113.866078,22.493451,0.397345],[113.866087,22.493425,0.397345],[113.866088,22.493422,0.394845],[113.866097,22.493397,0.387345],[113.866106,22.493371,0.384845],[113.866115,22.493345,0.379845],[113.866124,22.493319,0.377345],[113.866127,22.49331,0.382345],[113.866136,22.493284,0.387345],[113.866145,22.493258,0.379845],[113.866154,22.493233,0.377345],[113.866157,22.493224,0.377345],[113.866166,22.493199,0.379845],[113.866174,22.493173,0.372345],[113.866177,22.493166,0.369845],[113.866186,22.49314,0.367345],[113.866195,22.493114,0.359845],[113.866203,22.49309,0.359845],[113.866212,22.493064,0.352345],[113.866221,22.493038,0.344845],[113.866231,22.493011,0.322345],[113.86624,22.492985,0.317345],[113.866244,22.492975,0.314845],[113.866252,22.492949,0.302345],[113.866261,22.492923,0.297345],[113.866262,22.49292,0.294845],[113.866271,22.492894,0.284845],[113.86628,22.492869,0.279845],[113.866284,22.492858,0.284845],[113.866293,22.492832,0.267345],[113.866301,22.49281,0.274845],[113.86631,22.492784,0.264845],[113.866319,22.492758,0.257345],[113.866328,22.492732,0.244845],[113.866336,22.492707,0.229845],[113.866346,22.492681,0.229845],[113.866354,22.492655,0.212345],[113.866363,22.492629,0.219845],[113.866372,22.492603,0.222345],[113.866381,22.492578,0.214845],[113.86639,22.492552,0.199845],[113.866394,22.492541,0.197345],[113.866403,22.492515,0.199845],[113.866407,22.492503,0.199845]]},"properties":{"approx_heading":-72.14054291871132,"bidirection":0,"cross_slope":"0,0,0,0,0,0,0,0,0,0,0,0,0,0,0,0,0,0,0,0,0,0,0,0,0,0,0,0,0,0,0,0,0,0,0,0,0,0,0,0,0,0,0,0,0,0,0,0,0,0,0,0,0,0,0,0,0,0,0,0,0,0,0,0,0,0,0,0,0,0,0,0,0,0,0,0,0,0,0,0,0,0,0,0,0,0,0,0,0,0,0,0,0,0,0,0,0,0,0,0,0,0,0,0,0,0,0,0,0,0,0,0,0,0,0,0,0,0,0,0,0,0,0,0,0,0,0,0,0,0,0,0,0,0,0","info":"32","lane_area_type":21,"lane_type":1,"left_border_id":137438996001,"left_edge_dist":"13.19,13.22,13.24,13.23,13.22,13.22,13.24,13.22,13.23,13.2,13.2,13.18,13.21,13.22,13.22,13.21,13.2,13.18,13.2,13.21,13.21,13.21,13.22,13.23,13.24,13.22,13.21,13.23,13.23,13.23,13.22,13.22,13.22,13.22,13.22,13.22,13.22,13.23,13.23,13.23,13.19,13.17,13.19,13.19,13.18,13.18,13.22,13.22,13.22,13.22,13.21,13.2,13.22,13.23,13.21,13.2,13.18,13.18,13.17,13.16,13.17,13.19,13.15,13.16,13.21,13.19,13.2,13.18,13.19,13.18,13.2,13.18,13.19,13.18,13.18,13.2,13.2,13.19,13.2,13.22,13.22,13.23,13.23,13.22,13.22,13.19,13.19,13.2,13.19,13.22,13.21,13.19,13.2,13.2,13.19,13.18,13.17,13.2,13.23,13.23,13.23,13.23,13.22,13.22,13.23,13.21,13.19,13.19,13.18,13.21,13.19,13.19,13.18,13.23,13.23,13.24,13.24,13.24,13.24,13.18,13.18,13.23,13.19,13.16,13.18,13.18,13.22,13.22,13.2,13.18,13.14,13.16,13.18,13.19,13.2","left_neighbor_id":137438958834,"left_neighbor_type":0,"left_opposite_neighbor_id":0,"marker_ids":"","next_ids":"137438958898","overlap":"[{\"element_id\":137439697955,\"priority\":0,\"s_end\":261.8756408691406,\"s_start\":0.0,\"type\":4}]","preference":50,"preferred_speed":20,"previous_ids":"137439774450","priority":0,"right_border_id":137438995985,"right_edge_dist":"5.17,5.18,5.17,5.16,5.18,5.17,5.16,5.18,5.2,5.17,5.18,5.18,5.19,5.19,5.2,5.19,5.18,5.19,5.21,5.21,5.18,5.25,5.25,5.25,5.25,5.25,5.25,5.25,5.25,5.25,5.24,5.25,5.26,5.23,5.24,5.22,5.23,5.22,5.22,5.2,5.16,5.18,5.19,5.24,5.24,5.23,5.24,5.22,5.22,5.25,5.26,5.25,5.22,5.19,5.19,5.22,5.21,5.21,5.19,5.18,5.2,5.19,5.19,5.27,5.25,5.2,5.21,5.2,5.21,5.18,5.2,5.19,5.26,5.15,5.17,5.16,5.15,5.16,5.17,5.24,5.24,5.24,5.2,5.21,5.25,5.17,5.16,5.16,5.15,5.17,5.18,5.18,5.25,5.25,5.16,5.24,5.18,5.2,5.24,5.24,5.25,5.25,5.19,5.2,5.19,5.19,5.15,5.16,5.15,5.13,5.13,5.17,5.19,5.26,5.25,5.25,5.25,5.25,5.25,5.18,5.16,5.17,5.17,5.16,5.13,5.14,5.15,5.16,5.17,5.2,5.19,5.18,5.28,5.29,5.21","right_neighbor_id":137438958802,"right_neighbor_type":0,"road_edge_dist":"86442501,86639110,86770181,86704644,86639110,86639109,86770180,86639110,86704648,86508037,86508038,86376966,86573575,86639111,86639112,86573575,86508038,86376967,86508041,86573577,86573574,86573581,86639117,86704653,86770189,86639117,86573581,86704653,86704653,86704653,86639116,86639117,86639118,86639115,86639116,86639114,86639115,86704650,86704650,86704648,86442500,86311430,86442503,86442508,86376972,86376971,86639116,86639114,86639114,86639117,86573582,86508045,86639114,86704647,86573575,86508042,86376969,86376969,86311431,86245894,86311432,86442503,86180359,86245903,86573581,86442504,86508041,86376968,86442505,86376966,86508040,86376967,86442510,86376963,86376965,86508036,86508035,86442500,86508037,86639116,86639116,86704652,86704648,86639113,86639117,86442501,86442500,86508036,86442499,86639109,86573574,86442502,86508045,86508045,86442500,86376972,86311430,86508040,86704652,86704652,86704653,86704653,86639111,86639112,86704647,86573575,86442499,86442500,86376963,86573569,86442497,86442501,86376967,86704654,86704653,86770189,86770189,86770189,86770189,86376966,86376964,86704645,86442501,86245892,86376961,86376962,86639107,86639108,86508037,86376968,86114823,86245894,86376976,86442513,86508041","slope":"0,0,0,0,0,0,0,0,0,0,0,0,0,0,0,0,0,0,0,0,0,0,0,0,0,0,0,0,0,0,0,0,0,0,0,0,0,0,0,0,0,0,0,0,0,0,0,0,0,0,0,0,0,0,0,0,0,0,0,0,0,0,0,0,0,0,0,0,0,0,0,0,0,0,0,0,0,0,0,0,0,0,0,0,0,0,0,0,0,0,0,0,0,0,0,0,0,0,0,0,0,0,0,0,0,0,0,0,0,0,0,0,0,0,0,0,0,0,0,0,0,0,0,0,0,0,0,0,0,0,0,0,0,0,0","speed_limit":20,"stopline_id":0,"total_length":356.78396283843017,"turn_type":0,"uid":137438958818}},{"type":"Feature","geometry":{"type":"LineString","coordinates":[[113.865381,22.495581,0.268589],[113.86539,22.495553,0.273589],[113.865399,22.495527,0.286089],[113.865408,22.495502,0.293589],[113.865417,22.495476,0.291089],[113.865426,22.49545,0.286089],[113.865435,22.495424,0.278589],[113.865444,22.495398,0.268589],[113.865453,22.495373,0.286089],[113.865462,22.495347,0.298589],[113.86547,22.495321,0.308589],[113.865479,22.495295,0.318589],[113.865488,22.495269,0.328589],[113.865497,22.495244,0.326089],[113.865506,22.495218,0.326089],[113.865515,22.495192,0.331089],[113.865524,22.495167,0.328009],[113.865533,22.495141,0.325509],[113.865542,22.495115,0.340509],[113.865551,22.495089,0.348009],[113.865559,22.495063,0.354929],[113.865568,22.495038,0.354929],[113.865577,22.495013,0.354929],[113.865582,22.494999,0.354929],[113.865591,22.494973,0.354929],[113.8656,22.494947,0.354929],[113.865609,22.494921,0.357429],[113.865617,22.494895,0.372429],[113.865626,22.49487,0.392429],[113.865635,22.494844,0.409929],[113.865644,22.494818,0.422429],[113.865653,22.494792,0.434929],[113.865662,22.494766,0.442429],[113.865664,22.494762,0.442429],[113.865673,22.494736,0.447429],[113.865682,22.494708,0.447429],[113.865691,22.494682,0.449929],[113.8657,22.494657,0.449929],[113.865709,22.494631,0.449929],[113.865718,22.494605,0.437429],[113.865721,22.494595,0.432429],[113.86573,22.494571,0.419929],[113.865739,22.494545,0.412429],[113.865741,22.494538,0.407429],[113.86575,22.494513,0.404929],[113.86576,22.494484,0.412429],[113.865769,22.494459,0.424929],[113.865778,22.494433,0.434929],[113.865787,22.494407,0.452429],[113.865796,22.494381,0.454929],[113.865799,22.494371,0.454929],[113.865808,22.494346,0.454929],[113.865817,22.49432,0.462429],[113.865819,22.494313,0.462429],[113.865828,22.494287,0.464929],[113.865838,22.49426,0.474929],[113.865846,22.494235,0.469929],[113.865855,22.494209,0.474929],[113.865864,22.494184,0.482387],[113.865873,22.494157,0.472345],[113.865882,22.494131,0.464845],[113.865891,22.494106,0.459845],[113.865893,22.4941,0.459845],[113.865902,22.494075,0.459845],[113.865909,22.494054,0.462345],[113.865918,22.494028,0.484845],[113.865927,22.494003,0.479845],[113.865932,22.493989,0.472345],[113.865941,22.493964,0.472345],[113.86595,22.493938,0.482345],[113.865954,22.493927,0.482345],[113.865963,22.493901,0.484845],[113.865972,22.493874,0.484845],[113.865981,22.493848,0.482345],[113.86599,22.493822,0.479845],[113.865999,22.493797,0.474845],[113.866008,22.493771,0.469845],[113.866017,22.493745,0.459845],[113.866026,22.493719,0.459845],[113.86603,22.493708,0.459845],[113.866039,22.493682,0.459845],[113.866048,22.493656,0.459845],[113.866049,22.493653,0.459845],[113.866058,22.493628,0.459845],[113.866067,22.493601,0.459845],[113.86607,22.493591,0.459845],[113.866079,22.493565,0.449845],[113.866088,22.493541,0.449845],[113.866097,22.493515,0.452345],[113.866106,22.493488,0.444845],[113.866115,22.493462,0.437345],[113.866124,22.493437,0.442345],[113.866125,22.493433,0.427345],[113.866134,22.493407,0.422345],[113.866143,22.493382,0.414845],[113.866152,22.493357,0.409845],[113.86616,22.493333,0.409845],[113.866164,22.493321,0.407345],[113.866172,22.493297,0.409845],[113.866181,22.493271,0.399845],[113.86619,22.493245,0.387345],[113.866193,22.493238,0.387345],[113.866202,22.493212,0.387345],[113.866203,22.49321,0.387345],[113.866212,22.493183,0.377345],[113.866213,22.493178,0.374845],[113.866223,22.493152,0.382345],[113.866231,22.493127,0.372345],[113.86624,22.4931,0.374845],[113.86625,22.493074,0.369845],[113.866259,22.493048,0.364845],[113.866267,22.493024,0.364845],[113.866276,22.492998,0.349845],[113.86628,22.492987,0.337345],[113.866289,22.492961,0.324845],[113.866298,22.492935,0.322345],[113.866307,22.492909,0.314845],[113.866316,22.492883,0.302345],[113.866321,22.49287,0.307345],[113.86633,22.492844,0.294845],[113.866336,22.492826,0.289845],[113.866345,22.4928,0.284845],[113.866354,22.492774,0.279845],[113.866363,22.492748,0.274845],[113.866372,22.492723,0.264845],[113.866381,22.492697,0.264845],[113.86639,22.492671,0.252345],[113.866398,22.492645,0.232345],[113.866407,22.492619,0.232345],[113.866416,22.492594,0.224845],[113.866425,22.492568,0.222345],[113.866431,22.492552,0.229845],[113.86644,22.492527,0.232345],[113.866444,22.492514,0.224845]]},"properties":{"approx_heading":-72.14115017512577,"bidirection":0,"cross_slope":"0,0,0,0,0,0,0,0,0,0,0,0,0,0,0,0,0,0,0,0,0,0,0,0,0,0,0,0,0,0,0,0,0,0,0,0,0,0,0,0,0,0,0,0,0,0,0,0,0,0,0,0,0,0,0,0,0,0,0,0,0,0,0,0,0,0,0,0,0,0,0,0,0,0,0,0,0,0,0,0,0,0,0,0,0,0,0,0,0,0,0,0,0,0,0,0,0,0,0,0,0,0,0,0,0,0,0,0,0,0,0,0,0,0,0,0,0,0,0,0,0,0,0,0,0,0,0,0,0,0,0,0,0,0","info":"33","lane_area_type":21,"lane_type":1,"left_border_id":137438996033,"left_edge_dist":"9.23,9.24,9.27,9.25,9.24,9.25,9.25,9.24,9.25,9.22,9.22,9.21,9.23,9.24,9.24,9.24,9.23,9.21,9.23,9.24,9.24,9.25,9.26,9.24,9.26,9.24,9.23,9.25,9.26,9.26,9.24,9.24,9.24,9.24,9.25,9.25,9.26,9.26,9.26,9.25,9.21,9.2,9.21,9.2,9.19,9.21,9.22,9.22,9.2,9.17,9.22,9.23,9.24,9.22,9.23,9.2,9.2,9.19,9.18,9.18,9.2,9.17,9.17,9.23,9.21,9.21,9.19,9.23,9.24,9.23,9.21,9.19,9.18,9.18,9.2,9.21,9.21,9.19,9.2,9.22,9.23,9.23,9.23,9.23,9.22,9.2,9.2,9.21,9.19,9.24,9.2,9.19,9.18,9.18,9.17,9.17,9.21,9.23,9.25,9.25,9.25,9.25,9.24,9.23,9.24,9.21,9.19,9.2,9.19,9.22,9.2,9.21,9.19,9.23,9.24,9.25,9.25,9.25,9.19,9.19,9.25,9.25,9.23,9.26,9.24,9.26,9.26,9.26,9.25,9.21,9.24,9.2,9.2,9.23","left_neighbor_id":137438958850,"left_neighbor_type":0,"left_opposite_neighbor_id":0,"marker_ids":"","next_ids":"137438958914","overlap":"[{\"element_id\":137439697955,\"priority\":0,\"s_end\":308.1331787109375,\"s_start\":0.0,\"type\":4}]","preference":50,"preferred_speed":20,"previous_ids":"137439774386","priority":0,"right_border_id":137438996017,"right_edge_dist":"9.16,9.16,9.15,9.15,9.16,9.16,9.15,9.16,9.19,9.16,9.17,9.17,9.18,9.17,9.19,9.17,9.16,9.16,9.18,9.18,9.16,9.18,9.17,9.22,9.22,9.22,9.22,9.22,9.22,9.22,9.21,9.22,9.23,9.2,9.22,9.17,9.18,9.17,9.17,9.16,9.13,9.15,9.17,9.22,9.21,9.22,9.22,9.23,9.23,9.25,9.23,9.2,9.18,9.17,9.19,9.18,9.18,9.17,9.15,9.17,9.17,9.17,9.21,9.18,9.17,9.19,9.19,9.26,9.24,9.26,9.18,9.17,9.27,9.15,9.14,9.14,9.13,9.15,9.15,9.24,9.24,9.24,9.2,9.21,9.21,9.16,9.14,9.15,9.14,9.15,9.17,9.26,9.26,9.17,9.25,9.17,9.17,9.22,9.21,9.23,9.23,9.18,9.2,9.18,9.18,9.17,9.13,9.14,9.14,9.12,9.12,9.15,9.17,9.26,9.25,9.24,9.24,9.24,9.17,9.15,9.19,9.18,9.17,9.14,9.16,9.16,9.18,9.19,9.21,9.2,9.19,9.21,9.23,9.19","right_neighbor_id":137438958818,"right_neighbor_type":0,"road_edge_dist":"60490644,60556180,60752787,60621715,60556180,60621716,60621715,60556180,60621719,60425108,60425109,60359573,60490646,60556181,60556183,60556181,60490644,60359572,60490646,60556182,60556180,60621718,60687253,60556186,60687258,60556186,60490650,60621722,60687258,60687258,60556185,60556186,60556187,60556184,60621722,60621717,60687254,60687253,60687253,60621716,60359569,60294035,60359573,60294042,60228505,60359578,60425114,60425115,60294043,60097437,60425115,60490648,60556182,60425109,60490647,60294038,60294038,60228501,60162963,60162965,60294037,60097429,60097433,60490646,60359573,60359575,60228503,60490654,60556188,60490654,60359574,60228501,60162975,60162963,60294034,60359570,60359569,60228499,60294035,60425116,60490652,60490652,60490648,60490649,60425113,60294036,60294034,60359571,60228498,60556179,60294037,60228510,60162974,60162965,60097437,60097429,60359573,60490650,60621721,60621723,60621723,60621718,60556184,60490646,60556182,60359573,60228497,60294034,60228498,60425104,60294032,60359571,60228501,60490654,60556189,60621724,60621724,60621724,60228501,60228499,60621719,60621718,60490645,60687250,60556180,60687252,60687254,60687255,60621721,60359576,60556183,60294041,60294043,60490647","slope":"0,0,0,0,0,0,0,0,0,0,0,0,0,0,0,0,0,0,0,0,0,0,0,0,0,0,0,0,0,0,0,0,0,0,0,0,0,0,0,0,0,0,0,0,0,0,0,0,0,0,0,0,0,0,0,0,0,0,0,0,0,0,0,0,0,0,0,0,0,0,0,0,0,0,0,0,0,0,0,0,0,0,0,0,0,0,0,0,0,0,0,0,0,0,0,0,0,0,0,0,0,0,0,0,0,0,0,0,0,0,0,0,0,0,0,0,0,0,0,0,0,0,0,0,0,0,0,0,0,0,0,0,0,0","speed_limit":20,"stopline_id":0,"total_length":356.7298386248005,"turn_type":0,"uid":137438958834}},{"type":"Feature","geometry":{"type":"LineString","coordinates":[[113.865418,22.495591,0.241089],[113.865427,22.495564,0.258589],[113.865436,22.495539,0.253589],[113.865445,22.495513,0.253589],[113.865449,22.495502,0.253589],[113.865458,22.495476,0.251089],[113.865467,22.49545,0.246089],[113.865476,22.495425,0.248589],[113.865485,22.495399,0.246089],[113.865494,22.495373,0.256089],[113.865503,22.495347,0.268589],[113.865512,22.495321,0.283589],[113.86552,22.495295,0.296089],[113.865529,22.49527,0.313009],[113.865538,22.495244,0.308009],[113.865547,22.495218,0.310509],[113.865556,22.495192,0.309929],[113.865565,22.495166,0.302429],[113.865574,22.495141,0.307429],[113.865583,22.495115,0.334929],[113.865585,22.495108,0.334929],[113.865594,22.495082,0.337429],[113.865603,22.495056,0.352429],[113.865604,22.495053,0.339929],[113.865609,22.495037,0.339929],[113.865618,22.495012,0.344929],[113.865627,22.494986,0.347429],[113.865636,22.49496,0.342429],[113.865645,22.494934,0.339929],[113.865654,22.494908,0.344929],[113.865663,22.494883,0.354929],[113.865672,22.494857,0.379929],[113.865681,22.494831,0.397429],[113.86569,22.494805,0.409929],[113.865699,22.494779,0.417429],[113.8657,22.494775,0.414929],[113.865709,22.494749,0.404929],[113.865718,22.494723,0.417429],[113.865727,22.494697,0.429929],[113.865736,22.494671,0.437429],[113.865739,22.494664,0.434929],[113.865745,22.494646,0.437429],[113.865754,22.49462,0.434929],[113.865763,22.494594,0.419929],[113.865772,22.494569,0.417429],[113.865777,22.494553,0.404929],[113.865783,22.494536,0.394929],[113.865792,22.494511,0.394929],[113.865798,22.494493,0.402429],[113.865807,22.494467,0.404929],[113.86581,22.494459,0.404929],[113.865818,22.494436,0.432429],[113.865828,22.494407,0.439929],[113.865837,22.494382,0.444929],[113.865846,22.494356,0.444929],[113.865855,22.49433,0.452429],[113.865856,22.494327,0.452429],[113.865865,22.494301,0.442429],[113.865873,22.494277,0.454929],[113.865882,22.494251,0.452429],[113.865891,22.494225,0.457429],[113.865893,22.49422,0.457429],[113.865901,22.494195,0.454887],[113.865908,22.494175,0.459845],[113.865913,22.494162,0.459845],[113.865922,22.494137,0.452345],[113.865931,22.494109,0.449845],[113.86594,22.494083,0.449845],[113.865949,22.494057,0.449845],[113.865958,22.494032,0.462345],[113.865967,22.494006,0.454845],[113.865969,22.494001,0.444845],[113.865977,22.493977,0.444845],[113.865985,22.493954,0.452345],[113.865989,22.493942,0.452345],[113.865998,22.493917,0.452345],[113.866003,22.493903,0.452345],[113.866009,22.493886,0.452345],[113.866012,22.493878,0.452345],[113.866021,22.493852,0.447345],[113.866029,22.493828,0.447345],[113.866038,22.493802,0.442345],[113.866048,22.493773,0.437345],[113.866057,22.493748,0.437345],[113.866066,22.493722,0.434845],[113.866075,22.493695,0.422345],[113.866084,22.49367,0.427345],[113.866086,22.493663,0.429845],[113.866095,22.493637,0.429845],[113.866101,22.493619,0.427345],[113.866103,22.493614,0.424845],[113.866112,22.493588,0.422345],[113.866121,22.493562,0.422345],[113.866126,22.49355,0.419845],[113.866135,22.493524,0.424845],[113.866144,22.493498,0.422345],[113.866153,22.493472,0.414845],[113.866162,22.493446,0.407345],[113.866164,22.493439,0.397345],[113.866173,22.493413,0.392345],[113.866182,22.493388,0.384845],[113.866191,22.493362,0.379845],[113.8662,22.493336,0.374845],[113.866209,22.493311,0.379845],[113.866218,22.493285,0.374845],[113.86622,22.49328,0.372345],[113.866229,22.493253,0.364845],[113.866238,22.493227,0.357345],[113.86624,22.493219,0.357345],[113.866249,22.493193,0.352345],[113.866258,22.49317,0.342345],[113.866267,22.493144,0.337345],[113.866275,22.493118,0.342345],[113.86628,22.493106,0.337345],[113.866289,22.493081,0.334845],[113.866298,22.493053,0.319845],[113.866307,22.493028,0.312345],[113.866316,22.493002,0.304845],[113.866317,22.492998,0.297345],[113.866326,22.492972,0.294845],[113.866335,22.492946,0.294845],[113.866344,22.49292,0.287345],[113.866353,22.492894,0.284845],[113.866356,22.492886,0.287345],[113.866365,22.49286,0.274845],[113.866374,22.492834,0.274845],[113.866375,22.492832,0.274845],[113.866383,22.492807,0.272345],[113.866393,22.49278,0.264845],[113.866401,22.492754,0.259845],[113.86641,22.492728,0.254845],[113.866416,22.492713,0.247345],[113.866425,22.492687,0.219845],[113.866434,22.492661,0.197345],[113.866442,22.492636,0.182345],[113.866451,22.49261,0.184845],[113.86646,22.492584,0.194845],[113.866469,22.492558,0.202345],[113.866478,22.492532,0.207345],[113.866481,22.492526,0.202345]]},"properties":{"approx_heading":-72.14256678588848,"bidirection":0,"cross_slope":"0,0,0,0,0,0,0,0,0,0,0,0,0,0,0,0,0,0,0,0,0,0,0,0,0,0,0,0,0,0,0,0,0,0,0,0,0,0,0,0,0,0,0,0,0,0,0,0,0,0,0,0,0,0,0,0,0,0,0,0,0,0,0,0,0,0,0,0,0,0,0,0,0,0,0,0,0,0,0,0,0,0,0,0,0,0,0,0,0,0,0,0,0,0,0,0,0,0,0,0,0,0,0,0,0,0,0,0,0,0,0,0,0,0,0,0,0,0,0,0,0,0,0,0,0,0,0,0,0,0,0,0,0,0,0,0,0,0,0,0","info":"34","lane_area_type":21,"lane_type":1,"left_border_id":137438996065,"left_edge_dist":"5.25,5.23,5.26,5.25,5.2,5.19,5.2,5.21,5.19,5.2,5.17,5.17,5.17,5.19,5.19,5.19,5.19,5.19,5.18,5.19,5.25,5.25,5.25,5.25,5.21,5.22,5.23,5.21,5.2,5.22,5.23,5.22,5.21,5.21,5.22,5.23,5.22,5.22,5.22,5.22,5.21,5.22,5.22,5.22,5.21,5.18,5.22,5.21,5.21,5.21,5.21,5.2,5.22,5.2,5.2,5.2,5.21,5.22,5.23,5.23,5.23,5.17,5.16,5.23,5.17,5.2,5.2,5.23,5.22,5.22,5.2,5.21,5.22,5.21,5.2,5.21,5.2,5.17,5.21,5.21,5.19,5.21,5.22,5.22,5.22,5.21,5.2,5.2,5.2,5.21,5.2,5.21,5.22,5.18,5.15,5.19,5.16,5.17,5.2,5.2,5.21,5.19,5.21,5.23,5.21,5.22,5.22,5.22,5.22,5.22,5.22,5.22,5.22,5.19,5.21,5.22,5.23,5.23,5.24,5.24,5.24,5.24,5.24,5.24,5.25,5.26,5.26,5.24,5.2,5.21,5.2,5.27,5.27,5.27,5.28,5.29,5.28,5.28,5.29,5.29","left_neighbor_id":137438958866,"left_neighbor_type":0,"left_opposite_neighbor_id":0,"marker_ids":"","next_ids":"137438958930","overlap":"[{\"element_id\":137439697955,\"priority\":0,\"s_end\":213.24366760253906,\"s_start\":0.0,\"type\":4}]","preference":50,"preferred_speed":20,"previous_ids":"137439774434","priority":0,"right_border_id":137438996049,"right_edge_dist":"13.14,13.17,13.16,13.17,13.22,13.23,13.23,13.23,13.24,13.27,13.23,13.24,13.24,13.25,13.25,13.26,13.25,13.23,13.23,13.25,13.25,13.21,13.24,13.22,13.24,13.24,13.23,13.23,13.21,13.2,13.23,13.24,13.23,13.23,13.23,13.23,13.24,13.23,13.23,13.24,13.19,13.24,13.21,13.24,13.25,13.2,13.18,13.19,13.25,13.24,13.17,13.19,13.21,13.25,13.23,13.21,13.2,13.22,13.2,13.2,13.18,13.19,13.17,13.2,13.23,13.23,13.23,13.22,13.25,13.27,13.27,13.27,13.25,13.24,13.22,13.19,13.24,13.28,13.26,13.21,13.2,13.2,13.21,13.22,13.22,13.24,13.25,13.2,13.2,13.22,13.23,13.21,13.22,13.17,13.17,13.2,13.21,13.28,13.27,13.21,13.27,13.22,13.24,13.17,13.26,13.27,13.24,13.24,13.19,13.2,13.17,13.17,13.17,13.19,13.17,13.18,13.2,13.21,13.25,13.25,13.25,13.23,13.25,13.18,13.16,13.15,13.15,13.14,13.13,13.11,13.12,13.19,13.2,13.2,13.21,13.21,13.21,13.23,13.22,13.16","right_neighbor_id":137438958834,"right_neighbor_type":0,"road_edge_dist":"34407714,34276645,34473252,34407717,34080042,34014507,34080043,34145579,34014508,34080047,33883435,33883436,33883436,34014509,34014509,34014510,34014509,34014507,33948971,34014509,34407725,34407721,34407724,34407722,34145580,34211116,34276651,34145579,34080041,34211112,34276651,34211116,34145579,34145579,34211115,34276651,34211116,34211115,34211115,34211116,34145575,34211116,34211113,34211116,34145581,33948968,34211110,34145575,34145581,34145580,34145573,34080039,34211113,34080045,34080043,34080041,34145576,34211114,34276648,34276648,34276646,33883431,33817893,34276648,33883435,34080043,34080043,34276650,34211117,34211119,34080047,34145583,34211117,34145580,34080042,34145575,34080044,33883440,34145582,34145577,34014504,34145576,34211113,34211114,34211114,34145580,34080045,34080040,34080040,34145578,34080043,34145577,34211114,33948965,33752357,34014504,33817897,33883440,34080047,34080041,34145583,34014506,34145580,34276645,34145582,34211119,34211116,34211116,34211111,34211112,34211109,34211109,34211109,34014503,34145573,34211110,34276648,34276649,34342189,34342189,34342189,34342187,34342189,34342182,34407716,34473251,34473251,34342178,34080033,34145567,34080032,34538791,34538792,34538792,34604329,34669865,34604329,34604331,34669866,34669860","slope":"0,0,0,0,0,0,0,0,0,0,0,0,0,0,0,0,0,0,0,0,0,0,0,0,0,0,0,0,0,0,0,0,0,0,0,0,0,0,0,0,0,0,0,0,0,0,0,0,0,0,0,0,0,0,0,0,0,0,0,0,0,0,0,0,0,0,0,0,0,0,0,0,0,0,0,0,0,0,0,0,0,0,0,0,0,0,0,0,0,0,0,0,0,0,0,0,0,0,0,0,0,0,0,0,0,0,0,0,0,0,0,0,0,0,0,0,0,0,0,0,0,0,0,0,0,0,0,0,0,0,0,0,0,0,0,0,0,0,0,0","speed_limit":20,"stopline_id":0,"total_length":356.6079623240118,"turn_type":0,"uid":137438958850}},{"type":"Feature","geometry":{"type":"LineString","coordinates":[[113.86545,22.4956,0.209929],[113.865459,22.495574,0.204929],[113.865468,22.495548,0.224929],[113.865477,22.495522,0.224929],[113.86548,22.495512,0.229929],[113.865489,22.495486,0.219929],[113.865498,22.49546,0.229929],[113.865507,22.495434,0.234929],[113.865516,22.495409,0.229929],[113.865525,22.495382,0.239929],[113.865534,22.495356,0.254929],[113.865543,22.49533,0.269929],[113.865552,22.495304,0.274929],[113.865561,22.49528,0.284929],[113.865569,22.495254,0.279929],[113.865578,22.495228,0.274929],[113.865582,22.495218,0.269929],[113.865591,22.495192,0.274929],[113.865599,22.495167,0.284929],[113.865608,22.495141,0.274929],[113.865617,22.495115,0.279929],[113.865626,22.495089,0.304929],[113.865635,22.495063,0.299929],[113.865644,22.495038,0.304929],[113.865653,22.495012,0.314929],[113.865662,22.494986,0.314929],[113.865671,22.494961,0.309929],[113.86568,22.494935,0.314929],[113.865689,22.494909,0.324929],[113.865698,22.494883,0.324929],[113.865706,22.494857,0.344929],[113.865715,22.494831,0.354929],[113.865724,22.494806,0.359929],[113.865731,22.494785,0.364929],[113.86574,22.494759,0.354929],[113.865749,22.494733,0.364929],[113.865758,22.494707,0.374929],[113.865767,22.494682,0.379929],[113.865776,22.494656,0.394929],[113.865785,22.49463,0.379929],[113.865794,22.494604,0.379929],[113.865803,22.494578,0.384929],[113.865812,22.494553,0.354929],[113.865821,22.494527,0.354929],[113.86583,22.494501,0.359929],[113.865839,22.494475,0.354929],[113.865848,22.49445,0.369929],[113.865857,22.494424,0.389929],[113.865866,22.494398,0.379929],[113.865867,22.494395,0.379929],[113.865875,22.49437,0.384929],[113.865885,22.494343,0.409929],[113.865892,22.49432,0.404929],[113.865901,22.494295,0.409929],[113.865904,22.494286,0.419929],[113.865913,22.494261,0.424929],[113.865922,22.494235,0.409929],[113.865924,22.49423,0.404929],[113.865933,22.494204,0.394929],[113.86594,22.494184,0.414929],[113.865944,22.494173,0.424929],[113.865953,22.494147,0.429929],[113.865962,22.49412,0.434929],[113.865971,22.494094,0.419929],[113.865981,22.494067,0.404929],[113.86599,22.494041,0.409929],[113.865998,22.494017,0.394929],[113.866,22.494009,0.399929],[113.866009,22.493984,0.409929],[113.866016,22.493965,0.404929],[113.86602,22.493953,0.404929],[113.866029,22.493927,0.409929],[113.866034,22.493913,0.394929],[113.86604,22.493895,0.414929],[113.866049,22.49387,0.409929],[113.866058,22.493844,0.404929],[113.866061,22.493836,0.389845],[113.86607,22.49381,0.389845],[113.866079,22.493784,0.394845],[113.866088,22.493759,0.389845],[113.866097,22.493732,0.379845],[113.866099,22.493726,0.364845],[113.866108,22.4937,0.359845],[113.866117,22.493673,0.364845],[113.866127,22.493647,0.369845],[113.866133,22.493629,0.374845],[113.866135,22.493624,0.374845],[113.866144,22.493598,0.374845],[113.866152,22.493572,0.374845],[113.866157,22.49356,0.364845],[113.866166,22.493534,0.369845],[113.866175,22.493508,0.359845],[113.866184,22.493482,0.369845],[113.866193,22.493456,0.359845],[113.866195,22.493449,0.359845],[113.866204,22.493423,0.364845],[113.866213,22.493397,0.344845],[113.866222,22.493371,0.349845],[113.866231,22.493345,0.344845],[113.86624,22.49332,0.354845],[113.866249,22.493294,0.344845],[113.866252,22.493286,0.339845],[113.866261,22.49326,0.329845],[113.86627,22.493235,0.299845],[113.866272,22.493229,0.299845],[113.866281,22.493203,0.309845],[113.866289,22.493178,0.284845],[113.866298,22.493152,0.294845],[113.866307,22.493126,0.289845],[113.86631,22.493118,0.289845],[113.86632,22.493091,0.279845],[113.866329,22.493064,0.274845],[113.866338,22.493038,0.269845],[113.866347,22.493012,0.269845],[113.866349,22.493006,0.269845],[113.866358,22.49298,0.269845],[113.866367,22.492955,0.269845],[113.866376,22.49293,0.259845],[113.866385,22.492903,0.259845],[113.866394,22.492877,0.259845],[113.866403,22.492851,0.264845],[113.866406,22.492842,0.264845],[113.866415,22.492816,0.259845],[113.866424,22.49279,0.249845],[113.866433,22.492764,0.239845],[113.866442,22.492739,0.229845],[113.866447,22.492722,0.219845],[113.866456,22.492697,0.174845],[113.866465,22.492671,0.169845],[113.866474,22.492645,0.164845],[113.866483,22.492619,0.154845],[113.866492,22.492594,0.159845],[113.866501,22.492568,0.149845],[113.86651,22.492542,0.154845],[113.866512,22.492535,0.139845]]},"properties":{"approx_heading":-72.14119526253454,"bidirection":0,"cross_slope":"0,0,0,0,0,0,0,0,0,0,0,0,0,0,0,0,0,0,0,0,0,0,0,0,0,0,0,0,0,0,0,0,0,0,0,0,0,0,0,0,0,0,0,0,0,0,0,0,0,0,0,0,0,0,0,0,0,0,0,0,0,0,0,0,0,0,0,0,0,0,0,0,0,0,0,0,0,0,0,0,0,0,0,0,0,0,0,0,0,0,0,0,0,0,0,0,0,0,0,0,0,0,0,0,0,0,0,0,0,0,0,0,0,0,0,0,0,0,0,0,0,0,0,0,0,0,0,0,0,0,0,0,0,0,0","info":"35","lane_area_type":21,"lane_type":1,"left_border_id":137438996097,"left_edge_dist":"1.84,1.83,1.86,1.85,1.81,1.79,1.81,1.81,1.8,1.81,1.81,1.81,1.81,1.8,1.81,1.82,1.85,1.86,1.87,1.87,1.86,1.85,1.85,1.84,1.84,1.85,1.84,1.84,1.83,1.83,1.82,1.82,1.83,1.83,1.83,1.82,1.82,1.82,1.81,1.81,1.81,1.81,1.81,1.82,1.82,1.82,1.8,1.81,1.81,1.81,1.81,1.8,1.83,1.82,1.82,1.82,1.82,1.78,1.77,1.83,1.79,1.82,1.84,1.83,1.82,1.82,1.82,1.82,1.82,1.82,1.81,1.81,1.82,1.8,1.79,1.81,1.82,1.82,1.82,1.82,1.8,1.81,1.82,1.81,1.8,1.8,1.8,1.8,1.82,1.8,1.76,1.81,1.78,1.79,1.81,1.83,1.84,1.83,1.82,1.82,1.82,1.82,1.83,1.83,1.83,1.82,1.83,1.83,1.83,1.78,1.82,1.82,1.82,1.82,1.82,1.82,1.82,1.82,1.82,1.83,1.83,1.84,1.84,1.84,1.85,1.85,1.85,1.85,1.86,1.87,1.87,1.87,1.86,1.88,1.88","left_neighbor_id":0,"left_neighbor_type":0,"left_opposite_neighbor_id":0,"marker_ids":"","next_ids":"137438958946","overlap":"[{\"element_id\":137439697955,\"priority\":0,\"s_end\":226.9925537109375,\"s_start\":0.0,\"type\":4}]","preference":50,"preferred_speed":20,"previous_ids":"137439774402","priority":0,"right_border_id":137438996081,"right_edge_dist":"16.54,16.57,16.56,16.57,16.61,16.63,16.62,16.62,16.64,16.68,16.63,16.64,16.64,16.63,16.62,16.64,16.61,16.58,16.59,16.6,16.61,16.59,16.62,16.62,16.61,16.61,16.58,16.58,16.6,16.62,16.6,16.6,16.59,16.62,16.63,16.62,16.63,16.63,16.64,16.62,16.64,16.64,16.62,16.62,16.62,16.61,16.62,16.65,16.66,16.65,16.64,16.62,16.66,16.65,16.61,16.61,16.59,16.59,16.58,16.59,16.61,16.6,16.6,16.59,16.64,16.66,16.63,16.63,16.61,16.62,16.61,16.59,16.62,16.68,16.56,16.56,16.59,16.59,16.58,16.59,16.61,16.6,16.59,16.59,16.6,16.62,16.63,16.61,16.61,16.57,16.57,16.58,16.6,16.66,16.65,16.58,16.63,16.59,16.63,16.58,16.66,16.66,16.6,16.61,16.59,16.6,16.55,16.55,16.56,16.57,16.56,16.56,16.59,16.6,16.63,16.64,16.65,16.64,16.65,16.62,16.62,16.57,16.56,16.54,16.53,16.54,16.59,16.61,16.62,16.62,16.61,16.61,16.63,16.62,16.57","right_neighbor_id":137438958850,"right_neighbor_type":0,"road_edge_dist":"12060278,11994745,12191352,12125817,11863677,11732607,11863678,11863678,11798144,11863684,11863679,11863680,11863680,11798143,11863678,11929216,12125821,12191354,12256891,12256892,12191357,12125819,12125822,12060286,12060285,12125821,12060282,12060282,11994748,11994750,11929212,11929212,11994747,11994750,11994751,11929214,11929215,11929215,11863680,11863678,11863680,11863680,11863678,11929214,11929214,11929213,11798142,11863681,11863682,11863681,11863680,11798142,11994754,11929217,11929213,11929213,11929211,11667067,11601530,11994747,11732605,11929212,12060284,11994747,11929216,11929218,11929215,11929215,11929213,11929214,11863677,11863675,11929214,11798148,11732600,11863672,11929211,11929211,11929210,11929211,11798141,11863676,11929211,11863675,11798140,11798142,11798143,11798141,11929213,11798137,11535993,11863674,11667068,11732610,11863681,11994746,12060287,11994747,11929215,11929210,11929218,11929218,11994748,11994749,11994747,11929212,11994743,11994743,11994744,11667065,11929208,11929208,11929211,11929212,11929215,11929216,11929217,11929216,11929217,11994750,11994750,12060281,12060280,12060278,12125813,12125814,12125819,12125821,12191358,12256894,12256893,12256893,12191359,12322430,12322425","slope":"0,0,0,0,0,0,0,0,0,0,0,0,0,0,0,0,0,0,0,0,0,0,0,0,0,0,0,0,0,0,0,0,0,0,0,0,0,0,0,0,0,0,0,0,0,0,0,0,0,0,0,0,0,0,0,0,0,0,0,0,0,0,0,0,0,0,0,0,0,0,0,0,0,0,0,0,0,0,0,0,0,0,0,0,0,0,0,0,0,0,0,0,0,0,0,0,0,0,0,0,0,0,0,0,0,0,0,0,0,0,0,0,0,0,0,0,0,0,0,0,0,0,0,0,0,0,0,0,0,0,0,0,0,0,0","speed_limit":20,"stopline_id":0,"total_length":356.56258474101577,"turn_type":0,"uid":137438958866}},{"type":"Feature","geometry":{"type":"LineString","coordinates":[[113.866407,22.492503,0.199845],[113.86641,22.492493,0.199845],[113.866419,22.492469,0.204845],[113.866426,22.492447,0.207345],[113.866433,22.492426,0.192345],[113.866437,22.492414,0.189845]]},"properties":{"approx_heading":-72.43801316250762,"bidirection":0,"cross_slope":"0,0,0,0,0,0","info":"32","lane_area_type":21,"lane_type":1,"left_border_id":137438996161,"left_edge_dist":"13.2,13.17,13.1,12.94,13.16,13.18","left_neighbor_id":137438958914,"left_neighbor_type":0,"left_opposite_neighbor_id":0,"marker_ids":"","next_ids":"137438978722,137439020162,137439020066,137439020098,137439020130,137438978738,137438978706,137439020082,137439020114,137439020146","overlap":"[{\"element_id\":137439697955,\"priority\":0,\"s_end\":6.379877090454102,\"s_start\":0.0,\"type\":4}]","preference":50,"preferred_speed":20,"previous_ids":"137438958818","priority":0,"right_border_id":137438996145,"right_edge_dist":"5.21,5.22,5.28,5.09,5.11,5.39","right_neighbor_id":137438958882,"right_neighbor_type":0,"road_edge_dist":"86508041,86311434,85852688,84804093,86245887,86376987","slope":"0,0,0,0,0,0","speed_limit":20,"stopline_id":0,"total_length":10.382967287428473,"turn_type":0,"uid":137438958898}},{"type":"Feature","geometry":{"type":"LineString","coordinates":[[113.866376,22.492494,0.179845],[113.866382,22.492474,0.179845],[113.866391,22.492448,0.179845],[113.866393,22.492441,0.184845],[113.866402,22.492418,0.169845],[113.866406,22.492404,0.159845]]},"properties":{"approx_heading":-72.38058132705149,"bidirection":0,"cross_slope":"0,0,0,0,0,0","info":"31","lane_area_type":21,"lane_type":1,"left_border_id":137438996129,"left_edge_dist":"16.6,16.64,16.37,16.35,16.49,16.58","left_neighbor_id":137438958898,"left_neighbor_type":0,"left_opposite_neighbor_id":0,"marker_ids":"","next_ids":"137439020034,137439019970,137438978594,137439020002,137439020018,137438978578,137438978610,137439019954,137439019986,137439020050","overlap":"[{\"element_id\":137439697955,\"priority\":0,\"s_end\":6.999892711639404,\"s_start\":0.0,\"type\":4}]","preference":50,"preferred_speed":20,"previous_ids":"137438958802","priority":0,"right_border_id":137439815905,"right_edge_dist":"1.86,1.88,1.7,1.67,1.73,2.46","right_neighbor_id":0,"right_neighbor_type":0,"road_edge_dist":"108789946,109052092,107282602,107151527,108069037,108658934","slope":"0,0,0,0,0,0","speed_limit":20,"stopline_id":0,"total_length":10.390840592750186,"turn_type":0,"uid":137438958882}},{"type":"Feature","geometry":{"type":"LineString","coordinates":[[113.866444,22.492514,0.224845],[113.866449,22.492501,0.219845],[113.866457,22.492475,0.217345],[113.866462,22.49246,0.219845],[113.86647,22.492439,0.214845],[113.866475,22.492425,0.202345]]},"properties":{"approx_heading":-72.14107381013167,"bidirection":0,"cross_slope":"0,0,0,0,0,0","info":"33","lane_area_type":21,"lane_type":1,"left_border_id":137438996193,"left_edge_dist":"9.23,9.21,9.08,8.95,9.17,9.14","left_neighbor_id":137438958930,"left_neighbor_type":0,"left_opposite_neighbor_id":0,"marker_ids":"","next_ids":"137439020194,137439020226,137438978850,137439020258,137439020274,137438978834,137438978866,137439020210,137439020178,137439020242","overlap":"[{\"element_id\":137439697955,\"priority\":0,\"s_end\":3.0744972229003906,\"s_start\":0.0,\"type\":4}]","preference":50,"preferred_speed":20,"previous_ids":"137438958834","priority":0,"right_border_id":137438996177,"right_edge_dist":"9.19,9.23,9.14,9.08,9.14,9.3","right_neighbor_id":137438958898,"right_neighbor_type":0,"road_edge_dist":"60490647,60359579,59507602,58655628,60097426,59900834","slope":"0,0,0,0,0,0","speed_limit":20,"stopline_id":0,"total_length":10.396461782909816,"turn_type":0,"uid":137438958914}},{"type":"Feature","geometry":{"type":"LineString","coordinates":[[113.866481,22.492526,0.202345],[113.866484,22.492516,0.197345],[113.866492,22.492491,0.189845],[113.866499,22.492471,0.189845],[113.866507,22.49245,0.179845],[113.866512,22.492435,0.164845]]},"properties":{"approx_heading":-72.09459666177,"bidirection":0,"cross_slope":"0,0,0,0,0,0","info":"34","lane_area_type":21,"lane_type":1,"left_border_id":137438996225,"left_edge_dist":"5.29,5.21,5.22,4.97,5.31,5.16","left_neighbor_id":137438958946,"left_neighbor_type":0,"left_opposite_neighbor_id":0,"marker_ids":"","next_ids":"137438978978,137439020386,137439020290,137439020322,137439020354,137438978994,137438978962,137439020306,137439020338,137439020370","overlap":"[{\"element_id\":137439697955,\"priority\":0,\"s_end\":4.24846887588501,\"s_start\":0.0,\"type\":4}]","preference":50,"preferred_speed":20,"previous_ids":"137438958850","priority":0,"right_border_id":137438996209,"right_edge_dist":"13.16,13.16,13.16,13.06,13.11,13.25","right_neighbor_id":137438958914,"right_neighbor_type":0,"road_edge_dist":"34669860,34145572,34211108,32572698,34800927,33817901","slope":"0,0,0,0,0,0","speed_limit":20,"stopline_id":0,"total_length":10.495344779927766,"turn_type":0,"uid":137438958930}},{"type":"Feature","geometry":{"type":"LineString","coordinates":[[113.866512,22.492535,0.139845],[113.866519,22.492516,0.139845],[113.866528,22.492488,0.139845],[113.866531,22.492481,0.134845],[113.866538,22.49246,0.119845],[113.866543,22.492446,0.119845]]},"properties":{"approx_heading":-72.10549554225014,"bidirection":0,"cross_slope":"0,0,0,0,0,0","info":"35","lane_area_type":21,"lane_type":1,"left_border_id":137438996257,"left_edge_dist":"1.88,1.9,1.69,1.56,1.89,1.75","left_neighbor_id":0,"left_neighbor_type":0,"left_opposite_neighbor_id":0,"marker_ids":"","next_ids":"137439020450,137439020482,137438979106,137439020418,137439020434,137438979090,137438979122,137439020402,137439020466,137439020498","overlap":"[{\"element_id\":137439697955,\"priority\":0,\"s_end\":4.46401309967041,\"s_start\":0.0,\"type\":4}]","preference":50,"preferred_speed":20,"previous_ids":"137438958866","priority":0,"right_border_id":137438996241,"right_edge_dist":"16.57,16.61,16.46,16.47,16.53,16.62","right_neighbor_id":137438958930,"right_neighbor_type":0,"road_edge_dist":"12322425,12453501,11077230,10225263,12387957,11470462","slope":"0,0,0,0,0,0","speed_limit":20,"stopline_id":0,"total_length":10.367749262915526,"turn_type":0,"uid":137438958946}},{"type":"Feature","geometry":{"type":"LineString","coordinates":[[113.867223,22.492504,0.199845],[113.867196,22.492496,0.189845],[113.867168,22.492487,0.184845],[113.86714,22.492479,0.179845],[113.867113,22.49247,0.184845],[113.867085,22.492462,0.179845],[113.867063,22.492455,0.179845],[113.867035,22.492447,0.174845],[113.867007,22.492439,0.169845],[113.86698,22.492431,0.164845],[113.866952,22.492422,0.154845],[113.866924,22.492414,0.159845],[113.866896,22.492406,0.159845],[113.866869,22.492397,0.159845],[113.866844,22.49239,0.169845],[113.866816,22.492382,0.169845],[113.866789,22.492373,0.169845],[113.866761,22.492365,0.169845],[113.866758,22.492364,0.169845]]},"properties":{"approx_heading":-162.1068267235433,"bidirection":0,"cross_slope":"0,0,0,0,0,0,0,0,0,0,0,0,0,0,0,0,0,0,0","info":"151","lane_area_type":22,"lane_type":1,"left_border_id":137438999713,"left_edge_dist":"18.4,18.94,19.92,18.99,18.31,18.11,18.05,18.11,18.2,18.55,18.54,18.57,18.83,18.59,18.6,18.38,18.2,18.18,18.18","left_neighbor_id":0,"left_neighbor_type":0,"left_opposite_neighbor_id":0,"marker_ids":"","next_ids":"137439019698,137439019762,137439019778,137439019794","overlap":"[{\"element_id\":137439698083,\"priority\":0,\"s_end\":29.79525375366211,\"s_start\":0.0,\"type\":4}]","preference":50,"preferred_speed":25,"previous_ids":"137438995666,137438995410,137438995282,137438995538,137438996178,137438995922,137438995794,137438996050,137438996306","priority":40,"right_border_id":137438999441,"right_edge_dist":"13.2,13.14,13.36,13.39,13.48,13.41,13.4,13.39,13.37,13.38,13.39,13.35,13.35,13.35,13.36,13.37,13.37,13.68,13.75","right_neighbor_id":137438961714,"right_neighbor_type":0,"road_edge_dist":"120587560,124126498,130549048,124454203,119997764,118687037,118293820,118687035,119276857,121570618,121505083,121701687,123405623,121832759,121898296,120456505,119276857,119145816,119145823","slope":"0,0,0,0,0,0,0,0,0,0,0,0,0,0,0,0,0,0,0","speed_limit":25,"stopline_id":0,"total_length":50.323953826066514,"turn_type":0,"uid":137438961698}},{"type":"Feature","geometry":{"type":"LineString","coordinates":[[113.867213,22.492536,0.189845],[113.867185,22.492527,0.184845],[113.867157,22.492519,0.189845],[113.86713,22.49251,0.189845],[113.867102,22.492502,0.184845],[113.867074,22.492494,0.179845],[113.867052,22.492487,0.179845],[113.867024,22.492479,0.174845],[113.866997,22.49247,0.169845],[113.866969,22.492462,0.169845],[113.866941,22.492454,0.169845],[113.866913,22.492446,0.169845],[113.866886,22.492437,0.159845],[113.866858,22.492429,0.169845],[113.866833,22.492422,0.164845],[113.866806,22.492413,0.169845],[113.866778,22.492405,0.174845],[113.86675,22.492397,0.179845],[113.866747,22.492396,0.179845]]},"properties":{"approx_heading":-162.1002492193114,"bidirection":0,"cross_slope":"0,0,0,0,0,0,0,0,0,0,0,0,0,0,0,0,0,0,0","info":"152","lane_area_type":22,"lane_type":1,"left_border_id":137438999441,"left_edge_dist":"22.05,22.5,23.32,22.53,21.95,21.78,21.72,21.78,21.86,22.21,22.2,22.22,22.46,22.25,22.26,22.02,21.86,21.84,21.84","left_neighbor_id":137438961698,"left_neighbor_type":0,"left_opposite_neighbor_id":0,"marker_ids":"","next_ids":"137439019730,137439019842,137439019810,137439019826","overlap":"[{\"element_id\":137439698083,\"priority\":0,\"s_end\":31.598108291625977,\"s_start\":0.0,\"type\":4}]","preference":50,"preferred_speed":25,"previous_ids":"137438996322,137438995426,137438995682,137438995810,137438995298,137438995554,137438996066,137438995938,137438996194","priority":40,"right_border_id":137438999457,"right_edge_dist":"9.56,9.47,9.7,9.73,9.84,9.75,9.74,9.72,9.71,9.72,9.72,9.69,9.69,9.69,9.7,9.71,9.71,10.13,10.22","right_neighbor_id":137438961730,"right_neighbor_type":0,"road_edge_dist":"144507836,147456947,152830922,147653581,143852504,142738383,142345166,142738380,143262667,145556428,145490892,145621961,147194825,145818569,145884106,144311243,143262667,143131637,143131646","slope":"0,0,0,0,0,0,0,0,0,0,0,0,0,0,0,0,0,0,0","speed_limit":25,"stopline_id":0,"total_length":50.35575893936415,"turn_type":0,"uid":137438961714}},{"type":"Feature","geometry":{"type":"LineString","coordinates":[[113.867203,22.492566,0.209845],[113.867175,22.492557,0.209845],[113.867147,22.492549,0.214845],[113.867119,22.492541,0.224845],[113.867092,22.492532,0.214845],[113.867064,22.492524,0.204845],[113.867036,22.492516,0.189845],[113.867009,22.492507,0.179845],[113.866981,22.492499,0.179845],[113.866953,22.492491,0.179845],[113.866925,22.492482,0.169845],[113.866898,22.492474,0.169845],[113.86687,22.492466,0.174845],[113.866842,22.492457,0.179845],[113.866825,22.492452,0.169845],[113.866797,22.492444,0.179845],[113.866769,22.492436,0.179845],[113.866741,22.492427,0.179845],[113.866737,22.492426,0.179845]]},"properties":{"approx_heading":-162.0886415118867,"bidirection":0,"cross_slope":"0,0,0,0,0,0,0,0,0,0,0,0,0,0,0,0,0,0,0","info":"153","lane_area_type":22,"lane_type":1,"left_border_id":137438999457,"left_edge_dist":"25.54,25.93,26.64,25.95,25.45,25.3,25.26,25.3,25.4,25.72,25.7,25.74,25.89,25.73,25.75,25.51,25.36,25.34,25.34","left_neighbor_id":137438961714,"left_neighbor_type":0,"left_opposite_neighbor_id":0,"marker_ids":"","next_ids":"137439019746,137439019858,137439019874,137439019890","overlap":"[{\"element_id\":137439698083,\"priority\":0,\"s_end\":49.87159729003906,\"s_start\":0.0,\"type\":4}]","preference":50,"preferred_speed":25,"previous_ids":"137438995570,137438995442,137438995698,137438995314,137438996210,137438995954,137438995826,137438996082,137438996338","priority":40,"right_border_id":137438999473,"right_edge_dist":"6.07,5.96,6.21,6.21,6.37,6.24,6.21,6.2,6.2,6.21,6.22,6.18,6.19,6.21,6.21,6.22,6.21,6.77,6.98","right_neighbor_id":137438961746,"right_neighbor_type":0,"road_edge_dist":"167379551,169935444,174588525,170066541,166789757,165806704,165544557,165806700,166462060,168559213,168428142,168690282,169673323,168624749,168755821,167182958,166199917,166068901,166068922","slope":"0,0,0,0,0,0,0,0,0,0,0,0,0,0,0,0,0,0,0","speed_limit":25,"stopline_id":0,"total_length":50.382866563975696,"turn_type":0,"uid":137438961730}},{"type":"Feature","geometry":{"type":"LineString","coordinates":[[113.866718,22.492309,0.194845],[113.866733,22.492313,0.189845],[113.866761,22.492321,0.179845],[113.866788,22.49233,0.179845],[113.866816,22.492338,0.174845],[113.866844,22.492346,0.169845],[113.866854,22.492349,0.169845],[113.866882,22.492358,0.179845],[113.86691,22.492366,0.179845],[113.866938,22.492374,0.179845],[113.866965,22.492383,0.179845],[113.866993,22.492391,0.189845],[113.867021,22.492399,0.189845],[113.867048,22.492408,0.189845],[113.867076,22.492416,0.189845],[113.867098,22.492422,0.199845]]},"properties":{"approx_heading":17.888938392032927,"bidirection":0,"cross_slope":"0,0,0,0,0,0,0,0,0,0,0,0,0,0,0,0","info":"M0521","lane_area_type":22,"lane_type":1,"left_border_id":137438999425,"left_edge_dist":"17.66,17.82,18.51,18.04,17.99,17.99,17.99,17.98,17.96,17.96,17.99,17.98,17.97,17.97,17.98,18.01","left_neighbor_id":0,"left_neighbor_type":0,"left_opposite_neighbor_id":0,"marker_ids":"","next_ids":"137439008226,137439008194,137439008162,137439008178,137439008146,137439008210,137439008242","overlap":"[{\"element_id\":137439698083,\"priority\":0,\"s_end\":26.348102569580078,\"s_start\":0.0,\"type\":4}]","preference":50,"preferred_speed":25,"previous_ids":"137439008706,137439008930,137439020290,137439020066,137439008594,137439008818,137439019954,137439020178,137439020402","priority":40,"right_border_id":137438999393,"right_edge_dist":"13.36,13.44,13.62,13.59,13.63,14.04,13.98,13.97,14.26,13.96,13.93,13.95,13.63,13.53,13.48,13.51","right_neighbor_id":137438961778,"right_neighbor_type":0,"road_edge_dist":"115737912,116786496,121308498,118228303,117900627,117900668,117900662,117835125,117704082,117704052,117900657,117835123,117769555,117769545,117835076,118031687","slope":"0,0,0,0,0,0,0,0,0,0,0,0,0,0,0,0","speed_limit":25,"stopline_id":0,"total_length":41.01654326803189,"turn_type":0,"uid":137438961762}},{"type":"Feature","geometry":{"type":"LineString","coordinates":[[113.86673,22.492278,0.179845],[113.866745,22.492282,0.179845],[113.866772,22.49229,0.179845],[113.8668,22.492299,0.174845],[113.866828,22.492307,0.149845],[113.866856,22.492315,0.144845],[113.866866,22.492318,0.139845],[113.866893,22.492327,0.139845],[113.866921,22.492335,0.154845],[113.866949,22.492343,0.164845],[113.866977,22.492352,0.169845],[113.867004,22.49236,0.169845],[113.867032,22.492368,0.179845],[113.86706,22.492377,0.179845],[113.867087,22.492385,0.179845],[113.867108,22.492391,0.17631]]},"properties":{"approx_heading":17.889598998279386,"bidirection":0,"cross_slope":"0,0,0,0,0,0,0,0,0,0,0,0,0,0,0,0","info":"M0522","lane_area_type":22,"lane_type":1,"left_border_id":137438999393,"left_edge_dist":"21.29,21.43,22.04,21.66,21.63,21.63,21.63,21.61,21.6,21.59,21.63,21.61,21.6,21.61,21.62,21.64","left_neighbor_id":137438961762,"left_neighbor_type":0,"left_opposite_neighbor_id":0,"marker_ids":"","next_ids":"137439008354,137439008258,137439008290,137439008322,137439008274,137439008306,137439008338","overlap":"[{\"element_id\":137439698083,\"priority\":0,\"s_end\":19.522411346435547,\"s_start\":0.0,\"type\":4}]","preference":50,"preferred_speed":25,"previous_ids":"137439020194,137439019970,137439008610,137439008834,137439020418,137439008946,137439008722,137439020082,137439020306","priority":40,"right_border_id":137438999377,"right_edge_dist":"9.73,9.84,9.99,9.96,10.02,10.44,10.35,10.34,10.72,10.33,10.3,10.32,10,9.89,9.84,9.87","right_neighbor_id":137438961794,"right_neighbor_type":0,"road_edge_dist":"139527117,140444632,144442343,141951972,141755370,141755412,141755403,141624330,141558832,141493257,141755398,141624328,141558760,141624285,141689816,141820891","slope":"0,0,0,0,0,0,0,0,0,0,0,0,0,0,0,0","speed_limit":25,"stopline_id":0,"total_length":40.87540700513216,"turn_type":0,"uid":137438961778}},{"type":"Feature","geometry":{"type":"LineString","coordinates":[[113.866742,22.492248,0.179845],[113.866756,22.492252,0.174845],[113.866784,22.49226,0.174845],[113.866812,22.492269,0.134845],[113.866839,22.492277,0.119845],[113.866867,22.492285,0.099845],[113.866877,22.492288,0.089845],[113.866905,22.492297,0.104845],[113.866933,22.492305,0.089845],[113.86696,22.492313,0.119845],[113.866988,22.492322,0.139845],[113.867016,22.49233,0.134845],[113.867044,22.492338,0.149845],[113.867071,22.492347,0.164845],[113.867099,22.492355,0.17131],[113.867118,22.492361,0.16631]]},"properties":{"approx_heading":17.88933664951264,"bidirection":0,"cross_slope":"0,0,0,0,0,0,0,0,0,0,0,0,0,0,0,0","info":"M0523","lane_area_type":22,"lane_type":1,"left_border_id":137438999377,"left_edge_dist":"24.81,24.94,25.49,25.17,25.15,25.15,25.15,25.13,25.12,25.12,25.15,25.14,25.12,25.13,25.14,25.17","left_neighbor_id":137438961778,"left_neighbor_type":0,"left_opposite_neighbor_id":0,"marker_ids":"","next_ids":"137439008450,137439008418,137439008386,137439008402,137439008370,137439008434,137439008466","overlap":"[{\"element_id\":137439698083,\"priority\":0,\"s_end\":6.643129825592041,\"s_start\":0.0,\"type\":4}]","preference":50,"preferred_speed":25,"previous_ids":"137439008962,137439008738,137439020322,137439020098,137439019986,137439008850,137439008626,137439020210,137439020434","priority":40,"right_border_id":137438999361,"right_edge_dist":"6.2,6.39,6.47,6.44,6.53,6.95,6.82,6.83,7.39,6.8,6.79,6.81,6.49,6.37,6.32,6.35","right_neighbor_id":137438961810,"right_neighbor_type":0,"road_edge_dist":"162595436,163447423,167051911,164954756,164823693,164823735,164823722,164692651,164627171,164627112,164823719,164758185,164627081,164692605,164758136,164954747","slope":"0,0,0,0,0,0,0,0,0,0,0,0,0,0,0,0","speed_limit":25,"stopline_id":0,"total_length":40.73914067070691,"turn_type":0,"uid":137438961794}},{"type":"Feature","geometry":{"type":"LineString","coordinates":[[113.866753,22.492218,0.159845],[113.866767,22.492222,0.149845],[113.866795,22.492231,0.119845],[113.866823,22.492239,0.094845],[113.866851,22.492247,0.079845],[113.866879,22.492255,0.064845],[113.866888,22.492258,0.064845],[113.866916,22.492267,0.059845],[113.866943,22.492275,0.064845],[113.866971,22.492283,0.074845],[113.866999,22.492292,0.079845],[113.867027,22.4923,0.079845],[113.867054,22.492308,0.089845],[113.867082,22.492317,0.114845],[113.86711,22.492325,0.11631],[113.867128,22.49233,0.13131]]},"properties":{"approx_heading":17.889380415285853,"bidirection":0,"cross_slope":"0,0,0,0,0,0,0,0,0,0,0,0,0,0,0,0","info":"M0524","lane_area_type":22,"lane_type":1,"left_border_id":137438999361,"left_edge_dist":"28.31,28.42,28.92,28.66,28.65,28.65,28.65,28.63,28.62,28.62,28.65,28.63,28.62,28.63,28.64,28.66","left_neighbor_id":137438961794,"left_neighbor_type":0,"left_opposite_neighbor_id":0,"marker_ids":"","next_ids":"137439008482,137439008514,137439008578,137439008498,137439008562,137439008530","overlap":"[{\"element_id\":137439698083,\"priority\":0,\"s_end\":40.95473861694336,\"s_start\":0.0,\"type\":4}]","preference":50,"preferred_speed":25,"previous_ids":"137439020450,137439020226,137439020002,137439008866,137439008642,137439008754,137439008978,137439020114,137439020338","priority":40,"right_border_id":137438999409,"right_edge_dist":"2.7,2.98,2.97,2.95,3.15,3.48,3.33,3.36,4.35,3.32,3.31,3.33,3.05,2.87,2.83,2.85","right_neighbor_id":0,"right_neighbor_type":0,"road_edge_dist":"185532686,186253610,189530409,187826471,187760955,187760988,187760973,187629904,187564467,187564364,187760971,187629901,187564337,187629855,187695387,187826461","slope":"0,0,0,0,0,0,0,0,0,0,0,0,0,0,0,0","speed_limit":25,"stopline_id":0,"total_length":40.602956811452415,"turn_type":0,"uid":137438961810}},{"type":"Feature","geometry":{"type":"LineString","coordinates":[[113.866434,22.492267,0.214845],[113.866406,22.492259,0.204845],[113.866378,22.492251,0.199845],[113.86635,22.492243,0.199845],[113.866323,22.492234,0.204845],[113.866295,22.492226,0.209845],[113.866267,22.492218,0.219845],[113.866254,22.492214,0.224845]]},"properties":{"approx_heading":-162.2345982620087,"bidirection":0,"cross_slope":"0,0,0,0,0,0,0,0","info":"141","lane_area_type":22,"lane_type":1,"left_border_id":137438999633,"left_edge_dist":"18.01,18,17.99,17.98,17.97,17.96,17.95,17.93","left_neighbor_id":0,"left_neighbor_type":0,"left_opposite_neighbor_id":0,"marker_ids":"","next_ids":"137439018178,137439018050,137439018818,137439018082,137439018114,137439023042,137439023010,137439022978,137439018066,137439018130,137439018098,137439018162,137439018194,137439022994,137439023026,137439023058","overlap":"[{\"element_id\":137439698083,\"priority\":0,\"s_end\":17.959674835205078,\"s_start\":0.0,\"type\":4}]","preference":50,"preferred_speed":25,"previous_ids":"137439018946,137439018882,137439019010,137439019074,137438978706,137438978578,137438978962,137438978834,137438979090","priority":40,"right_border_id":137438998753,"right_edge_dist":"8.91,8.93,8.91,8.93,8.93,8.84,9.29,9.8","right_neighbor_id":137438961842,"right_neighbor_type":0,"road_edge_dist":"118031227,117965693,117900155,117834621,117769085,117703540,117638049,117507028","slope":"0,0,0,0,0,0,0,0","speed_limit":25,"stopline_id":0,"total_length":19.460552912568005,"turn_type":0,"uid":137438961826}},{"type":"Feature","geometry":{"type":"LineString","coordinates":[[113.866422,22.492299,0.229845],[113.866395,22.492291,0.229845],[113.866367,22.492282,0.234845],[113.866339,22.492274,0.214845],[113.866311,22.492266,0.224845],[113.866284,22.492258,0.229845],[113.866256,22.492249,0.229845],[113.866242,22.492245,0.224845]]},"properties":{"approx_heading":-162.2346375260992,"bidirection":0,"cross_slope":"0,0,0,0,0,0,0,0","info":"142","lane_area_type":22,"lane_type":1,"left_border_id":137438998753,"left_edge_dist":"21.68,21.67,21.66,21.65,21.64,21.63,21.62,21.61","left_neighbor_id":137438961826,"left_neighbor_type":0,"left_opposite_neighbor_id":0,"marker_ids":"","next_ids":"137439018210,137439018242,137439018274,137439018338,137439023106,137439023074,137439023138,137439018226,137439018354,137439018290,137439018258,137439018322,137439018834,137439023090,137439023122,137439023154","overlap":"[{\"element_id\":137439698083,\"priority\":0,\"s_end\":18.075870513916016,\"s_start\":0.0,\"type\":4}]","preference":50,"preferred_speed":25,"previous_ids":"137438978978,137438978722,137438978850,137438978594,137438979106,137439019026,137439018898,137439018962,137439019090","priority":40,"right_border_id":137438998769,"right_edge_dist":"5.27,5.26,5.26,5.26,5.26,5.19,5.87,6.65","right_neighbor_id":137438961858,"right_neighbor_type":0,"road_edge_dist":"142082575,142017038,141951502,141885966,141820430,141754887,141689419,141623961","slope":"0,0,0,0,0,0,0,0","speed_limit":25,"stopline_id":0,"total_length":19.46357835180746,"turn_type":0,"uid":137438961842}},{"type":"Feature","geometry":{"type":"LineString","coordinates":[[113.866412,22.492329,0.229845],[113.866384,22.492321,0.229845],[113.866356,22.492312,0.234845],[113.866328,22.492304,0.229845],[113.866301,22.492296,0.234845],[113.866273,22.492288,0.244845],[113.866245,22.492279,0.254845],[113.866234,22.492276,0.264845]]},"properties":{"approx_heading":-162.23455314053345,"bidirection":0,"cross_slope":"0,0,0,0,0,0,0,0","info":"143","lane_area_type":22,"lane_type":1,"left_border_id":137438998769,"left_edge_dist":"25.19,25.18,25.17,25.15,25.14,25.13,25.12,25.11","left_neighbor_id":137438961842,"left_neighbor_type":0,"left_opposite_neighbor_id":0,"marker_ids":"","next_ids":"137439018434,137439018402,137439018498,137439018850,137439018370,137439023170,137439023202,137439023234,137439018386,137439018418,137439018450,137439023218,137439018482,137439018514,137439023186,137439023250","overlap":"[{\"element_id\":137439698083,\"priority\":0,\"s_end\":9.92927074432373,\"s_start\":0.0,\"type\":4}]","preference":50,"preferred_speed":25,"previous_ids":"137439018914,137439019042,137439018978,137439019106,137438978738,137438978610,137438978994,137438978866,137438979122","priority":40,"right_border_id":137438998785,"right_edge_dist":"1.86,1.75,1.75,1.75,1.76,1.75,3.16,4.27","right_neighbor_id":0,"right_neighbor_type":0,"road_edge_dist":"165085370,165019823,164954287,164823215,164757680,164692143,164626748,164561323","slope":"0,0,0,0,0,0,0,0","speed_limit":25,"stopline_id":0,"total_length":19.254650531621763,"turn_type":0,"uid":137438961858}},{"type":"Feature","geometry":{"type":"LineString","coordinates":[[113.866184,22.49215,0.299845],[113.866212,22.492158,0.279845],[113.86624,22.492166,0.279845],[113.866268,22.492174,0.269845],[113.866295,22.492183,0.244845],[113.866323,22.492191,0.229845],[113.866351,22.492199,0.229845],[113.866379,22.492207,0.229845],[113.866406,22.492216,0.229845],[113.866434,22.492224,0.229845],[113.866462,22.492232,0.229845],[113.86649,22.492241,0.239845],[113.866517,22.492249,0.234845],[113.866545,22.492257,0.229845],[113.866561,22.492262,0.229845]]},"properties":{"approx_heading":17.835704437588255,"bidirection":0,"cross_slope":"0,0,0,0,0,0,0,0,0,0,0,0,0,0,0","info":"M0511","lane_area_type":22,"lane_type":1,"left_border_id":137438998737,"left_edge_dist":"18.74,16.8,15.22,14.1,13.56,13.46,13.52,13.45,13.52,13.47,13.67,14.49,15.83,17.57,18.69","left_neighbor_id":0,"left_neighbor_type":0,"left_opposite_neighbor_id":0,"marker_ids":"","next_ids":"137439008674,137439008610,137439008642,137439008594,137439008626,137439008658,137439008690","overlap":"[{\"element_id\":137439698083,\"priority\":0,\"s_end\":14.889702796936035,\"s_start\":0.4999888837337494,\"type\":4}]","preference":50,"preferred_speed":25,"previous_ids":"137438978434,137439007634,137439007378,137438976914,137438977234,137439017970,137439008018,137438976754,137438977074,137438977394,137438977554,137439007762,137439007506,137439007890","priority":40,"right_border_id":137438998705,"right_edge_dist":"13.26,13.28,13.32,13.35,13.36,13.37,13.38,13.39,13.4,13.41,13.44,13.46,13.43,13.39,13.44","right_neighbor_id":137438961906,"right_neighbor_type":0,"road_edge_dist":"122815790,110101808,99747124,92407095,88868152,88212793,88606010,88147259,88606012,88278333,89589056,94963010,103744831,115148091,122488128","slope":"0,0,0,0,0,0,0,0,0,0,0,0,0,0,0","speed_limit":25,"stopline_id":0,"total_length":40.68183186803458,"turn_type":0,"uid":137438961890}},{"type":"Feature","geometry":{"type":"LineString","coordinates":[[113.866194,22.492118,0.314845],[113.866222,22.492126,0.284845],[113.86625,22.492135,0.279845],[113.866278,22.492143,0.274845],[113.866305,22.492151,0.259845],[113.866333,22.492159,0.229845],[113.866361,22.492168,0.229845],[113.866389,22.492176,0.229845],[113.866416,22.492184,0.229845],[113.866444,22.492192,0.229845],[113.866472,22.492201,0.234845],[113.8665,22.492209,0.234845],[113.866527,22.492218,0.229845],[113.866555,22.492226,0.229845],[113.866572,22.492231,0.229845]]},"properties":{"approx_heading":17.83552468288002,"bidirection":0,"cross_slope":"0,0,0,0,0,0,0,0,0,0,0,0,0,0,0","info":"M0512","lane_area_type":22,"lane_type":1,"left_border_id":137438998705,"left_edge_dist":"21.57,19.89,18.56,17.63,17.18,17.08,17.16,17.08,17.16,17.1,17.25,17.9,18.98,20.44,21.48","left_neighbor_id":137438961890,"left_neighbor_type":0,"left_opposite_neighbor_id":0,"marker_ids":"","next_ids":"137439008706,137439008738,137439008770,137439008802,137439008722,137439008754,137439008786","overlap":"[{\"element_id\":137439698083,\"priority\":0,\"s_end\":24.95102310180664,\"s_start\":0.9999499917030334,\"type\":4}]","preference":50,"preferred_speed":25,"previous_ids":"137438976930,137439008034,137438976770,137439007778,137438977090,137438977410,137438977250,137438977570,137439007522,137439007394,137439007650,137439017986,137439007906,137438978450","priority":40,"right_border_id":137438998689,"right_edge_dist":"9.63,9.65,9.68,9.71,9.72,9.73,9.75,9.76,9.77,9.78,9.8,9.83,9.8,9.76,9.83","right_neighbor_id":137438961922,"right_neighbor_type":0,"road_edge_dist":"141362115,130352069,121635784,115540939,112591820,111936461,112460751,111936464,112460753,112067538,113050580,117310423,124388308,133956560,140772311","slope":"0,0,0,0,0,0,0,0,0,0,0,0,0,0,0","speed_limit":25,"stopline_id":0,"total_length":40.80463399633675,"turn_type":0,"uid":137438961906}},{"type":"Feature","geometry":{"type":"LineString","coordinates":[[113.866206,22.492088,0.304845],[113.866234,22.492096,0.284845],[113.866261,22.492105,0.274845],[113.866289,22.492113,0.254845],[113.866317,22.492121,0.219845],[113.866345,22.49213,0.214845],[113.866372,22.492138,0.204845],[113.8664,22.492146,0.194845],[113.866428,22.492154,0.204845],[113.866456,22.492163,0.214845],[113.866483,22.492171,0.219845],[113.866511,22.492179,0.229845],[113.866539,22.492188,0.229845],[113.866567,22.492196,0.229845],[113.866582,22.492201,0.219845]]},"properties":{"approx_heading":17.817378300553145,"bidirection":0,"cross_slope":"0,0,0,0,0,0,0,0,0,0,0,0,0,0,0","info":"M0513","lane_area_type":22,"lane_type":1,"left_border_id":137438998689,"left_edge_dist":"24.4,22.95,21.82,21.05,20.67,20.61,20.68,20.6,20.68,20.62,20.76,21.32,22.26,23.54,24.37","left_neighbor_id":137438961906,"left_neighbor_type":0,"left_opposite_neighbor_id":0,"marker_ids":"","next_ids":"137439008866,137439008834,137439008898,137439008850,137439008818,137439008882,137439008914","overlap":"[{\"element_id\":137439698083,\"priority\":0,\"s_end\":12.67828369140625,\"s_start\":0.9999777674674988,\"type\":4}]","preference":50,"preferred_speed":25,"previous_ids":"137438978466,137439007666,137439007410,137439007922,137439018002,137439008050,137438977586,137438976786,137438977106,137438976946,137438977266,137438977426,137439007794,137439007538","priority":40,"right_border_id":137438998673,"right_edge_dist":"6.1,6.13,6.16,6.19,6.2,6.21,6.22,6.23,6.25,6.26,6.28,6.3,6.27,6.22,6.33","right_neighbor_id":137438961938,"right_neighbor_type":0,"road_edge_dist":"159908450,150405733,143000168,137953899,135463532,135070317,135529070,135004783,135529073,135135858,136053364,139723382,145883763,154272366,159711865","slope":"0,0,0,0,0,0,0,0,0,0,0,0,0,0,0","speed_limit":25,"stopline_id":0,"total_length":40.655060928290474,"turn_type":0,"uid":137438961922}},{"type":"Feature","geometry":{"type":"LineString","coordinates":[[113.866217,22.492058,0.299845],[113.866244,22.492067,0.274845],[113.866272,22.492075,0.244845],[113.8663,22.492083,0.219845],[113.866328,22.492091,0.204845],[113.866355,22.4921,0.179845],[113.866383,22.492108,0.169845],[113.866411,22.492116,0.159845],[113.866439,22.492124,0.164845],[113.866467,22.492133,0.179845],[113.866494,22.492141,0.189845],[113.866522,22.492149,0.189845],[113.86655,22.492158,0.199845],[113.866577,22.492166,0.199845],[113.866593,22.492171,0.204845]]},"properties":{"approx_heading":17.886923439362114,"bidirection":0,"cross_slope":"0,0,0,0,0,0,0,0,0,0,0,0,0,0,0","info":"M0514","lane_area_type":22,"lane_type":1,"left_border_id":137438998673,"left_edge_dist":"27.4,26.12,25.14,24.49,24.15,24.1,24.18,24.1,24.18,24.12,24.23,24.71,25.53,26.64,27.39","left_neighbor_id":137438961922,"left_neighbor_type":0,"left_opposite_neighbor_id":0,"marker_ids":"","next_ids":"137439008930,137439008994,137439008962,137439009026,137439008946,137439008978","overlap":"[{\"element_id\":137439698083,\"priority\":0,\"s_end\":14.139654159545898,\"s_start\":0.999965250492096,\"type\":4}]","preference":50,"preferred_speed":25,"previous_ids":"137438977442,137438976962,137438977282,137438976802,137438977122,137438977602,137439007810,137439007554,137439007426,137439007682,137439018018,137439007938,137438978482,137439008066","priority":40,"right_border_id":137438998721,"right_edge_dist":"2.61,2.63,2.66,2.69,2.7,2.71,2.73,2.74,2.75,2.76,2.79,2.82,2.8,2.77,3.03","right_neighbor_id":0,"right_neighbor_type":0,"road_edge_dist":"179568901,171180295,164757770,160497933,158269710,157942031,158466321,157942034,158466323,158073108,158794007,161939738,167313688,174588181,179503407","slope":"0,0,0,0,0,0,0,0,0,0,0,0,0,0,0","speed_limit":25,"stopline_id":0,"total_length":40.67303106536802,"turn_type":0,"uid":137438961938}},{"type":"Feature","geometry":{"type":"LineString","coordinates":[[113.864875,22.495488,0.386089],[113.864884,22.495462,0.396089],[113.864893,22.495436,0.366089],[113.864902,22.49541,0.351089],[113.864911,22.495384,0.346089],[113.86492,22.495359,0.346089],[113.864928,22.495333,0.331089],[113.864937,22.495307,0.331089],[113.864946,22.495281,0.341089],[113.864955,22.495255,0.361089],[113.864964,22.49523,0.386089],[113.864973,22.495204,0.411089],[113.864974,22.4952,0.411089],[113.864983,22.495174,0.436089],[113.864992,22.495148,0.456089],[113.865001,22.495123,0.466089],[113.86501,22.495097,0.496089],[113.865019,22.495071,0.491089],[113.865028,22.495045,0.511089],[113.865037,22.495019,0.521089],[113.865046,22.494994,0.531089],[113.865055,22.494968,0.531089],[113.865064,22.494942,0.571089],[113.865073,22.494916,0.586089],[113.865082,22.494891,0.581089],[113.865091,22.494865,0.606089],[113.8651,22.494839,0.596089],[113.865108,22.494813,0.596089],[113.865117,22.494787,0.606089],[113.865126,22.494762,0.616089],[113.865135,22.494736,0.621089],[113.865144,22.49471,0.616089],[113.865153,22.494684,0.579929],[113.865157,22.494672,0.604929],[113.865166,22.494646,0.604929],[113.865175,22.494621,0.574929],[113.865184,22.494595,0.599929],[113.865193,22.494569,0.599929],[113.865202,22.494543,0.589929],[113.865211,22.494518,0.589929],[113.86522,22.494492,0.619929],[113.865229,22.494466,0.624929],[113.865238,22.49444,0.614929],[113.865247,22.494414,0.579929],[113.865256,22.494389,0.584929],[113.865265,22.494363,0.574929],[113.865274,22.494337,0.554929],[113.865283,22.494311,0.544929],[113.865292,22.494286,0.539929],[113.865301,22.49426,0.534929],[113.86531,22.494234,0.554929],[113.865319,22.494208,0.564929],[113.865328,22.494182,0.55037],[113.865337,22.494157,0.54537],[113.865346,22.494131,0.54037],[113.865352,22.494112,0.53537],[113.865361,22.494087,0.52537],[113.86537,22.494061,0.52537],[113.865379,22.494035,0.52537],[113.865388,22.494009,0.53037],[113.865397,22.493984,0.52037],[113.865406,22.493958,0.49537],[113.865415,22.493932,0.48537],[113.865424,22.493906,0.51037],[113.865433,22.49388,0.51037],[113.865442,22.493855,0.51037],[113.865451,22.493829,0.49537],[113.86546,22.493803,0.50537],[113.865469,22.493777,0.51537],[113.865478,22.493752,0.52537],[113.865487,22.493726,0.51037],[113.865496,22.4937,0.50537],[113.865505,22.493674,0.48537],[113.865507,22.493667,0.49537]]},"properties":{"approx_heading":-72.12390450950866,"bidirection":0,"cross_slope":"0,0,0,0,0,0,0,0,0,0,0,0,0,0,0,0,0,0,0,0,0,0,0,0,0,0,0,0,0,0,0,0,0,0,0,0,0,0,0,0,0,0,0,0,0,0,0,0,0,0,0,0,0,0,0,0,0,0,0,0,0,0,0,0,0,0,0,0,0,0,0,0,0,0","info":"21","lane_area_type":23,"lane_type":1,"left_border_id":137438997041,"left_edge_dist":"6.71,6.54,6.52,6.48,6.53,6.55,6.51,6.54,6.56,6.54,6.55,6.55,6.56,6.54,6.52,6.51,6.5,6.5,6.51,6.49,6.52,6.5,6.5,6.51,6.51,6.51,6.51,6.51,6.51,6.51,6.51,6.51,6.52,6.52,6.52,6.52,6.52,6.52,6.52,6.52,6.52,6.53,6.54,6.51,6.52,6.53,6.52,6.52,6.51,6.54,6.54,6.54,6.55,6.53,6.53,6.53,6.53,6.53,6.55,6.53,6.54,6.53,6.53,6.54,6.53,6.56,6.54,6.55,6.54,6.55,6.55,6.57,6.55,6.55","left_neighbor_id":0,"left_neighbor_type":0,"left_opposite_neighbor_id":137439003474,"marker_ids":"","next_ids":"137439003490","overlap":"[{\"element_id\":137440201523,\"priority\":0,\"s_end\":135.90660095214844,\"s_start\":0.0,\"type\":4}]","preference":50,"preferred_speed":15,"previous_ids":"137439068802,137439068930,137439070850,137439070082,137439069202,137439070226,137439070994,137439071138,137439069106,137439071282,137439068866,137439069010,137439069650,137439069794,137439070562,137439070706,137438993138,137439069938","priority":80,"right_border_id":137438997009,"right_edge_dist":"100,100,100,100,100,100,100,100,100,100,100,100,100,100,100,100,100,100,100,100,100,100,100,100,100,100,100,100,100,100,100,100,100,100,100,100,100,100,100,100,100,100,100,100,100,100,100,100,100,100,100,100,100,100,100,100,100,100,100,100,100,100,100,100,100,100,100,100,100,100,100,100,100,100","right_neighbor_id":0,"right_neighbor_type":0,"road_edge_dist":"44040191,42926079,42795007,42532863,42860543,42991615,42729471,42926079,43057151,42926079,42991615,42991615,43057151,42926079,42795007,42729471,42663935,42663935,42729471,42598399,42795007,42663935,42663935,42729471,42729471,42729471,42729471,42729471,42729471,42729471,42729471,42729471,42795007,42795007,42795007,42795007,42795007,42795007,42795007,42795007,42795007,42860543,42926079,42729471,42795007,42860543,42795007,42795007,42729471,42926079,42926079,42926079,42991615,42860543,42860543,42860543,42860543,42860543,42991615,42860543,42926079,42860543,42860543,42926079,42860543,43057151,42926079,42991615,42926079,42991615,42991615,43122687,42991615,42991615","slope":"0,0,0,0,0,0,0,0,0,0,0,0,0,0,0,0,0,0,0,0,0,0,0,0,0,0,0,0,0,0,0,0,0,0,0,0,0,0,0,0,0,0,0,0,0,0,0,0,0,0,0,0,0,0,0,0,0,0,0,0,0,0,0,0,0,0,0,0,0,0,0,0,0,0","speed_limit":15,"stopline_id":0,"total_length":211.82709086692478,"turn_type":0,"uid":137438961970}},{"type":"Feature","geometry":{"type":"LineString","coordinates":[[113.865981,22.496136,0.046859],[113.865953,22.496128,0.066859],[113.865926,22.49612,0.076859],[113.865898,22.496112,0.096859],[113.86587,22.496103,0.096859],[113.865842,22.496095,0.116859],[113.865815,22.496087,0.106859],[113.865787,22.496078,0.091859],[113.865759,22.49607,0.086859],[113.865731,22.496062,0.086859],[113.865704,22.496054,0.081859],[113.865676,22.496045,0.076859],[113.865648,22.496037,0.091859],[113.86562,22.496029,0.116859],[113.865593,22.49602,0.131859],[113.865565,22.496012,0.136859],[113.865537,22.496004,0.144929],[113.865509,22.495995,0.154929],[113.865482,22.495987,0.164929],[113.865454,22.495979,0.159929],[113.865426,22.495971,0.154929],[113.865398,22.495962,0.154929],[113.865386,22.495959,0.149929]]},"properties":{"approx_heading":-162.170150941858,"bidirection":0,"cross_slope":"0,0,0,0,0,0,0,0,0,0,0,0,0,0,0,0,0,0,0,0,0,0,0","info":"205","lane_area_type":22,"lane_type":1,"left_border_id":137438998593,"left_edge_dist":"10.76,13.32,16.04,18.84,21.69,24.58,27.5,27.74,27.75,27.75,27.81,28.17,27.81,27.71,27.72,27.73,27.39,24.48,21.59,18.74,15.94,13.23,12.05","left_neighbor_id":137438962306,"left_neighbor_type":0,"left_opposite_neighbor_id":0,"marker_ids":"","next_ids":"137439066658,137439066626,137439066722,137439768162,137439066754,137439066690,137439066786,137439066802,137439768146,137439066770,137439066642,137439066674,137439066738","overlap":"[{\"element_id\":137439698051,\"priority\":0,\"s_end\":45.99686050415039,\"s_start\":0.0,\"type\":4}]","preference":50,"preferred_speed":25,"previous_ids":"137438975106,137438973986,137438973762,137438973538,137438974434,137438974210,137438974658,137438975330,137438974882,137439768034,137439003922,137439768098,137438975554","priority":40,"right_border_id":137438998609,"right_edge_dist":"8.29,8.29,8.3,8.31,8.28,8.56,8.35,8.42,8.42,8.39,8.58,9.54,8.51,8.35,8.33,8.32,8.31,8.68,8.44,8.38,8.36,8.36,8.37","right_neighbor_id":137438962290,"right_neighbor_type":0,"road_edge_dist":"70517565,87294781,105120574,123470655,142148412,161088344,180224835,181797706,181863242,181863239,182256474,184615866,182256467,181601091,181666625,181732160,179503935,160432996,141493068,122815302,104465220,86704964,78971717","slope":"0,0,0,0,0,0,0,0,0,0,0,0,0,0,0,0,0,0,0,0,0,0,0","speed_limit":25,"stopline_id":0,"total_length":64.35708672682065,"turn_type":0,"uid":137438962274}},{"type":"Feature","geometry":{"type":"LineString","coordinates":[[113.866005,22.496069,0.051859],[113.865977,22.496061,0.076859],[113.865949,22.496052,0.096859],[113.865922,22.496044,0.116859],[113.865894,22.496036,0.136859],[113.865866,22.496027,0.141859],[113.865838,22.496019,0.136859],[113.865811,22.496011,0.126859],[113.865783,22.496002,0.114929],[113.865755,22.495994,0.099929],[113.865727,22.495986,0.074929],[113.8657,22.495977,0.089929],[113.865672,22.495969,0.094929],[113.865644,22.495961,0.109929],[113.865616,22.495953,0.139929],[113.865589,22.495944,0.144929],[113.865561,22.495936,0.159929],[113.865533,22.495928,0.174929],[113.865505,22.495919,0.174929],[113.865478,22.495911,0.164929],[113.86545,22.495903,0.164929],[113.865422,22.495894,0.159929],[113.865408,22.49589,0.154929]]},"properties":{"approx_heading":-162.13564986878302,"bidirection":0,"cross_slope":"0,0,0,0,0,0,0,0,0,0,0,0,0,0,0,0,0,0,0,0,0,0,0","info":"204","lane_area_type":22,"lane_type":1,"left_border_id":137438998545,"left_edge_dist":"8.75,11.75,14.75,17.75,20.08,20,19.86,19.86,19.86,19.86,19.95,20.44,19.96,19.82,19.83,19.83,19.84,19.92,19.85,17.74,14.74,11.74,10.26","left_neighbor_id":137438962338,"left_neighbor_type":0,"left_opposite_neighbor_id":0,"marker_ids":"","next_ids":"","overlap":"[{\"element_id\":137439698051,\"priority\":0,\"s_end\":62.03758239746094,\"s_start\":0.0,\"type\":4}]","preference":50,"preferred_speed":25,"previous_ids":"137439768066,137438975410,137438975186,137439767922,137438975634,137438973842,137438974066,137438974738,137438974514,137438974962,137438973618","priority":40,"right_border_id":137438998561,"right_edge_dist":"8.75,11.75,14.75,16.18,16.16,16.3,16.22,16.3,16.3,16.28,16.37,16.89,16.32,16.24,16.23,16.22,16.21,16.4,16.32,16.28,14.74,11.74,10.26","right_neighbor_id":137438962306,"right_neighbor_type":0,"road_edge_dist":"57344875,77005975,96667075,116328018,131597904,131073630,130156118,130156126,130156126,130156124,130745957,133957273,130811488,129893976,129959511,129959510,130025045,130549352,130090592,116262492,96601538,76940438,67240962","slope":"0,0,0,0,0,0,0,0,0,0,0,0,0,0,0,0,0,0,0,0,0,0,0","speed_limit":25,"stopline_id":0,"total_length":64.48173852342886,"turn_type":0,"uid":137438962354}},{"type":"Feature","geometry":{"type":"LineString","coordinates":[[113.865439,22.495797,0.144929],[113.865467,22.495806,0.149929],[113.865495,22.495814,0.164929],[113.865522,22.495822,0.194929],[113.86555,22.49583,0.204929],[113.865578,22.495839,0.189929],[113.865606,22.495847,0.149929],[113.865633,22.495855,0.134929],[113.865661,22.495864,0.114929],[113.865689,22.495872,0.089929],[113.865717,22.49588,0.069929],[113.865744,22.495889,0.054929],[113.865772,22.495897,0.079929],[113.8658,22.495905,0.099929],[113.865828,22.495914,0.104929],[113.865855,22.495922,0.124929],[113.865883,22.49593,0.134929],[113.865911,22.495939,0.134929],[113.865939,22.495947,0.114929],[113.865966,22.495955,0.089929],[113.865994,22.495963,0.074929],[113.866022,22.495972,0.054929],[113.866037,22.495976,0.044929]]},"properties":{"approx_heading":17.864350900123092,"bidirection":0,"cross_slope":"0,0,0,0,0,0,0,0,0,0,0,0,0,0,0,0,0,0,0,0,0,0,0","info":"201","lane_area_type":22,"lane_type":1,"left_border_id":137438998497,"left_edge_dist":"13.97,16.28,18.79,21.42,24.14,26.92,26.99,27,27.01,27.02,27.18,27.26,27.04,27.06,27.08,27.04,26.99,24.33,21.6,18.95,16.43,14.1,12.92","left_neighbor_id":0,"left_neighbor_type":0,"left_opposite_neighbor_id":0,"marker_ids":"","next_ids":"137438975906,137438975938,137439768098,137438975970,137438975874,137439768114,137439768082,137438975890,137438975954,137438975922,137438975986,137439024210","overlap":"[{\"element_id\":137439698051,\"priority\":0,\"s_end\":22.257936477661133,\"s_start\":0.0,\"type\":4}]","preference":50,"preferred_speed":25,"previous_ids":"137439065026,137439066082,137439065602,137439768130,137439065186,137439066562,137439768146,137439768210,137439065362,137439065842,137439066322","priority":40,"right_border_id":137438998481,"right_edge_dist":"9.1,9.06,9.17,9.09,9.29,9.07,9.06,9.05,9.05,9.07,9.79,9.73,9.1,9.09,9.09,9.09,9.12,9.62,9.28,9.24,9.21,9.21,9.22","right_neighbor_id":137438962386,"right_neighbor_type":0,"road_edge_dist":"91554702,106693514,123143061,140379021,158204833,176423819,176882570,176948105,177013641,177079179,178127827,178652109,177210254,177341325,177472397,177210253,176882576,159450050,141558688,124191644,107676569,92406681,84673434","slope":"0,0,0,0,0,0,0,0,0,0,0,0,0,0,0,0,0,0,0,0,0,0,0","speed_limit":25,"stopline_id":0,"total_length":64.67257606837927,"turn_type":0,"uid":137438962370}},{"type":"Feature","geometry":{"type":"LineString","coordinates":[[113.865449,22.495767,0.149929],[113.865477,22.495775,0.149929],[113.865505,22.495784,0.154929],[113.865533,22.495792,0.194929],[113.86556,22.4958,0.204929],[113.865588,22.495808,0.184929],[113.865616,22.495817,0.154929],[113.865644,22.495825,0.144929],[113.865671,22.495833,0.124929],[113.865699,22.495842,0.109929],[113.865727,22.49585,0.079929],[113.865755,22.495858,0.069929],[113.865782,22.495867,0.094929],[113.86581,22.495875,0.104929],[113.865838,22.495883,0.114929],[113.865866,22.495892,0.134929],[113.865893,22.4959,0.134929],[113.865921,22.495908,0.139929],[113.865949,22.495916,0.119929],[113.865977,22.495925,0.094929],[113.866004,22.495933,0.084929],[113.866032,22.495941,0.069929],[113.866048,22.495946,0.054929]]},"properties":{"approx_heading":17.864351150905186,"bidirection":0,"cross_slope":"0,0,0,0,0,0,0,0,0,0,0,0,0,0,0,0,0,0,0,0,0,0,0","info":"207","lane_area_type":22,"lane_type":1,"left_border_id":137438998481,"left_edge_dist":"16.56,18.54,20.77,23.17,25.7,28.32,30.51,30.52,30.52,30.53,30.68,30.76,30.56,30.58,30.6,30.56,28.58,25.95,23.41,20.98,18.73,16.71,15.69","left_neighbor_id":137438962370,"left_neighbor_type":0,"left_opposite_neighbor_id":0,"marker_ids":"","next_ids":"137439768066,137439003906,137438976098,137439024226,137439768034,137438976162,137438976130,137438976194,137439768050,137438976114,137438976146,137438976178,137438976210","overlap":"[{\"element_id\":137439698051,\"priority\":0,\"s_end\":30.028118133544922,\"s_start\":0.0,\"type\":4}]","preference":50,"preferred_speed":25,"previous_ids":"137439066338,137439065858,137439065378,137439768162,137439768194,137439065202,137439065042,137439065618,137439066578,137439066098,137439066994","priority":40,"right_border_id":137438998465,"right_edge_dist":"5.58,5.55,5.71,5.57,5.9,5.57,5.54,5.54,5.53,5.57,6.65,6.59,5.59,5.57,5.57,5.57,5.61,6.32,5.76,5.73,5.69,5.69,5.71","right_neighbor_id":137438962402,"right_neighbor_type":0,"road_edge_dist":"108528174,121504299,136118843,151847469,168428110,185598509,199950890,200016426,200016425,200081965,201065113,201589395,200278575,200409645,200540717,200278573,187302449,170066552,153420352,137495101,122749497,109511225,102826555","slope":"0,0,0,0,0,0,0,0,0,0,0,0,0,0,0,0,0,0,0,0,0,0,0","speed_limit":25,"stopline_id":0,"total_length":64.73221892962384,"turn_type":0,"uid":137438962386}},{"type":"Feature","geometry":{"type":"LineString","coordinates":[[113.865459,22.495737,0.144929],[113.865487,22.495745,0.144929],[113.865515,22.495753,0.149929],[113.865543,22.495762,0.184929],[113.86557,22.49577,0.184929],[113.865598,22.495778,0.179929],[113.865626,22.495787,0.144929],[113.865654,22.495795,0.144929],[113.865681,22.495803,0.119929],[113.865709,22.495811,0.094929],[113.865737,22.49582,0.089929],[113.865765,22.495828,0.074929],[113.865792,22.495836,0.094929],[113.86582,22.495845,0.109929],[113.865848,22.495853,0.114929],[113.865876,22.495861,0.124929],[113.865903,22.49587,0.134929],[113.865931,22.495878,0.134929],[113.865959,22.495886,0.104929],[113.865987,22.495895,0.094929],[113.866014,22.495903,0.084929],[113.866042,22.495911,0.064929],[113.866059,22.495916,0.054929]]},"properties":{"approx_heading":17.864351398836664,"bidirection":0,"cross_slope":"0,0,0,0,0,0,0,0,0,0,0,0,0,0,0,0,0,0,0,0,0,0,0","info":"208","lane_area_type":22,"lane_type":1,"left_border_id":137438998465,"left_edge_dist":"19.43,21.14,23.11,25.29,27.62,30.07,32.61,34.02,34.03,34.03,34.16,34.24,34.06,34.08,34.1,32.94,30.38,27.91,25.56,23.36,21.35,19.6,18.7","left_neighbor_id":137438962386,"left_neighbor_type":0,"left_opposite_neighbor_id":0,"marker_ids":"","next_ids":"137438976418,137439024258,137438976322,137438976354,137438976386,137439003938,137438976338,137438976370,137438976402,137439003922,137438976434,137439768018","overlap":"[{\"element_id\":137439698051,\"priority\":0,\"s_end\":37.7574462890625,\"s_start\":0.0,\"type\":4}]","preference":50,"preferred_speed":25,"previous_ids":"137439768226,137439066114,137439065634,137439065058,137439065218,137439066594,137439067010,137439065394,137439065874,137439066354,137439768178,137439066802,137439768242","priority":40,"right_border_id":137438998641,"right_edge_dist":"2.08,2.05,2.47,2.07,2.85,2.11,2.04,2.04,2.03,2.13,4.17,4.12,2.14,2.07,2.07,2.07,2.16,3.47,2.26,2.23,2.19,2.19,2.23","right_neighbor_id":0,"right_neighbor_type":0,"road_edge_dist":"127336656,138543309,151453943,165740751,181010717,197066963,213713100,222953676,223019211,223019221,223871393,224395676,223215830,223346895,223477967,215875791,199098584,182911323,167510242,153092319,139919579,128450779,122552543","slope":"0,0,0,0,0,0,0,0,0,0,0,0,0,0,0,0,0,0,0,0,0,0,0","speed_limit":25,"stopline_id":0,"total_length":64.79150475714334,"turn_type":0,"uid":137438962402}},{"type":"Feature","geometry":{"type":"LineString","coordinates":[[113.864597,22.496292,0.405019],[113.864606,22.496265,0.400019],[113.864615,22.496239,0.390019],[113.864624,22.496214,0.390019],[113.864633,22.496188,0.390019],[113.864642,22.496162,0.355019],[113.864651,22.496136,0.345019],[113.86466,22.496111,0.345019],[113.864669,22.496085,0.335019],[113.864678,22.496059,0.335019],[113.864687,22.496033,0.335019],[113.864696,22.496007,0.335019],[113.864702,22.495987,0.335019]]},"properties":{"approx_heading":-72.1515244672352,"bidirection":0,"cross_slope":"0,0,0,0,0,0,0,0,0,0,0,0,0","info":"81","lane_area_type":23,"lane_type":1,"left_border_id":137438954545,"left_edge_dist":"6.33,6.33,6.33,6.33,6.34,6.33,6.31,6.3,6.28,6.26,6.24,6.22,6.23","left_neighbor_id":0,"left_neighbor_type":0,"left_opposite_neighbor_id":137438988626,"marker_ids":"","next_ids":"137439071426,137439071490,137439071458,137439071586,137439071554,137439071442,137438993138,137439071474,137439071506,137439071570","overlap":"[{\"element_id\":137440201523,\"priority\":0,\"s_end\":26.694570541381836,\"s_start\":0.0,\"type\":4}]","preference":50,"preferred_speed":25,"previous_ids":"137439003250","priority":80,"right_border_id":137438954529,"right_edge_dist":"100,100,100,100,100,100,100,100,100,100,100,100,100","right_neighbor_id":0,"right_neighbor_type":0,"road_edge_dist":"41549823,41549823,41549823,41549823,41615359,41549823,41418751,41353215,41222143,41091071,40959999,40828927,40894463","slope":"0,0,0,0,0,0,0,0,0,0,0,0,0","speed_limit":25,"stopline_id":0,"total_length":35.49085696650242,"turn_type":0,"uid":137438988594}},{"type":"Feature","geometry":{"type":"LineString","coordinates":[[113.86474,22.495997,0.315019],[113.864731,22.496023,0.325019],[113.864722,22.496049,0.335019],[113.864713,22.496075,0.335019],[113.864704,22.496101,0.335019],[113.864695,22.496126,0.325019],[113.864686,22.496152,0.335019],[113.864677,22.496178,0.340019],[113.864668,22.496204,0.365019],[113.864659,22.496229,0.365019],[113.86465,22.496255,0.380019],[113.864641,22.496281,0.385019],[113.864633,22.496304,0.375019]]},"properties":{"approx_heading":107.92764764356995,"bidirection":0,"cross_slope":"0,0,0,0,0,0,0,0,0,0,0,0,0","info":"82","lane_area_type":23,"lane_type":1,"left_border_id":137438954225,"left_edge_dist":"100,100,100,100,100,100,100,100,100,100,100,100,100","left_neighbor_id":0,"left_neighbor_type":0,"left_opposite_neighbor_id":137438988594,"marker_ids":"","next_ids":"137438953490","overlap":"[{\"element_id\":137440201523,\"priority\":0,\"s_end\":10.096117973327637,\"s_start\":0.0,\"type\":4}]","preference":50,"preferred_speed":25,"previous_ids":"137438993122,137439070722,137439071010,137439071298,137439072866,137439072578,137439070578,137439071154,137439070866,137439072434,137439072722,137439073010","priority":80,"right_border_id":137438954209,"right_edge_dist":"2.18,2.2,2.22,2.24,2.27,2.28,2.3,2.32,2.33,2.33,2.33,2.33,2.33","right_neighbor_id":0,"right_neighbor_type":0,"road_edge_dist":"4294901978,4294901980,4294901982,4294901984,4294901987,4294901988,4294901990,4294901992,4294901993,4294901993,4294901993,4294901993,4294901993","slope":"0,0,0,0,0,0,0,0,0,0,0,0,0","speed_limit":25,"stopline_id":0,"total_length":35.64044156216164,"turn_type":0,"uid":137438988626}},{"type":"Feature","geometry":{"type":"LineString","coordinates":[[113.864912,22.495501,0.346089],[113.864903,22.495526,0.336089],[113.864894,22.495551,0.321089],[113.864886,22.495576,0.326089],[113.864877,22.495601,0.326089],[113.864869,22.495626,0.326089],[113.86486,22.495651,0.326089],[113.864852,22.495675,0.336089],[113.864843,22.4957,0.341089],[113.864835,22.495725,0.346089],[113.864826,22.495749,0.328731],[113.864818,22.495774,0.333731],[113.864809,22.495798,0.333731],[113.864801,22.495823,0.338731],[113.864792,22.495847,0.328731],[113.864784,22.495872,0.328731],[113.864775,22.495897,0.333731],[113.864766,22.495922,0.328731],[113.864758,22.495947,0.323731],[113.864749,22.495972,0.303731],[113.86474,22.495997,0.298731]]},"properties":{"approx_heading":107.80693679013733,"bidirection":0,"cross_slope":"0,0,0,0,0,0,0,0,0,0,0,0,0,0,0,0,0,0,0,0,0","info":"","lane_area_type":23,"lane_type":9,"left_border_id":137439071521,"left_edge_dist":"100,100,100,100,100,100,100,100,100,100,100,100,100,100,100,100,100,100,100,100,100","left_neighbor_id":0,"left_neighbor_type":0,"left_opposite_neighbor_id":0,"marker_ids":"","next_ids":"137438988626","overlap":"[{\"element_id\":137440201523,\"priority\":0,\"s_end\":53.995548248291016,\"s_start\":0.0,\"type\":4},{\"element_id\":137438956696,\"priority\":0,\"s_end\":0.0,\"s_start\":0.0,\"type\":5}]","preference":50,"preferred_speed":16,"previous_ids":"137439003474","priority":80,"right_border_id":137439071537,"right_edge_dist":"2.71,4.09,6.44,8.72,11.12,13.65,16.04,18.53,21.1,19.56,17.1,14.73,12.54,10.38,8.29,6.67,5.2,3.89,2.86,2.28,2.18","right_neighbor_id":0,"right_neighbor_type":0,"road_edge_dist":"4294902031,4294902169,4294902404,4294902632,4294902872,4294903125,4294903364,4294903613,4294903870,4294903716,4294903470,4294903233,4294903014,4294902798,4294902589,4294902427,4294902280,4294902149,4294902046,4294901988,4294901978","slope":"0,0,0,0,0,0,0,0,0,0,0,0,0,0,0,0,0,0,0,0,0","speed_limit":16,"stopline_id":137439072949,"total_length":57.792937802481354,"turn_type":0,"uid":137438993122}},{"type":"Feature","geometry":{"type":"LineString","coordinates":[[113.864702,22.495987,0.338731],[113.864711,22.495961,0.338731],[113.864712,22.495958,0.338731],[113.864721,22.495931,0.338731],[113.86473,22.495904,0.338731],[113.864739,22.495878,0.338731],[113.864748,22.495854,0.343731],[113.864756,22.495829,0.343731],[113.864764,22.495806,0.348731],[113.864772,22.495783,0.348731],[113.86478,22.49576,0.348731],[113.864788,22.495737,0.358731],[113.864796,22.495714,0.396089],[113.864804,22.495692,0.411089],[113.864812,22.495668,0.371089],[113.864821,22.495645,0.336089],[113.864829,22.495621,0.336089],[113.864838,22.495596,0.336089],[113.864847,22.495571,0.336089],[113.864856,22.495544,0.336089],[113.864865,22.495516,0.356089],[113.864874,22.495491,0.381089],[113.864875,22.495488,0.386089]]},"properties":{"approx_heading":-72.16528151994005,"bidirection":0,"cross_slope":"0,0,0,0,0,0,0,0,0,0,0,0,0,0,0,0,0,0,0,0,0,0,0","info":"","lane_area_type":23,"lane_type":9,"left_border_id":137439071553,"left_edge_dist":"6.23,6.34,6.38,6.96,8.01,9.26,10.66,12.12,13.73,15.62,17.62,19.61,21.66,23.37,21.11,18.7,16.36,14.05,11.68,9.33,7.48,6.74,6.71","left_neighbor_id":0,"left_neighbor_type":0,"left_opposite_neighbor_id":0,"marker_ids":"","next_ids":"137438961970","overlap":"[{\"element_id\":137440201523,\"priority\":0,\"s_end\":43.56100845336914,\"s_start\":0.0,\"type\":4},{\"element_id\":137438956696,\"priority\":0,\"s_end\":0.0,\"s_start\":0.0,\"type\":5}]","preference":50,"preferred_speed":16,"previous_ids":"137438988594","priority":80,"right_border_id":137439071569,"right_edge_dist":"100,100,100,100,100,100,100,100,100,100,100,100,100,100,100,100,100,100,100,100,100,100,100","right_neighbor_id":0,"right_neighbor_type":0,"road_edge_dist":"40894463,41615359,41877503,45678591,52559871,60751871,69926911,79495167,90046463,102432767,115539967,128581631,142016511,153223167,138412031,122617855,107282431,92143615,76611583,61210623,49086463,44236799,44040191","slope":"0,0,0,0,0,0,0,0,0,0,0,0,0,0,0,0,0,0,0,0,0,0,0","speed_limit":16,"stopline_id":137439072933,"total_length":58.08223411501158,"turn_type":0,"uid":137438993138}},{"type":"Feature","geometry":{"type":"LineString","coordinates":[[113.863741,22.499436,0.446027],[113.863769,22.499444,0.431027],[113.863797,22.499453,0.426027],[113.863825,22.499461,0.416027],[113.863852,22.499469,0.416027],[113.86388,22.499477,0.401027],[113.863908,22.499486,0.386027],[113.863929,22.499492,0.361027]]},"properties":{"approx_heading":17.8007211143022,"bidirection":0,"cross_slope":"0,0,0,0,0,0,0,0","info":"243","lane_area_type":22,"lane_type":1,"left_border_id":137439085569,"left_edge_dist":"13.6,12.79,12.65,13.21,14.39,16.04,17.15,15.71","left_neighbor_id":0,"left_neighbor_type":0,"left_opposite_neighbor_id":0,"marker_ids":"","next_ids":"137438998914,137438999074,137438999106,137438999122,137438999058,137438999090","overlap":"[{\"element_id\":137439698067,\"priority\":0,\"s_end\":10.916417121887207,\"s_start\":0.0,\"type\":4}]","preference":50,"preferred_speed":25,"previous_ids":"137439077314,137438999298,137439077410,137439077186,137439077218,137439764130,137439077266,137439764178,137439077362","priority":40,"right_border_id":137439085553,"right_edge_dist":"11.28,11.32,11.59,11.3,11.31,11.32,11.34,11.53","right_neighbor_id":137438998786,"right_neighbor_type":0,"road_edge_dist":"89130088,83821676,82904199,86574186,94307435,105120876,112395374,102958209","slope":"0,0,0,0,0,0,0,0","speed_limit":25,"stopline_id":0,"total_length":20.266403496878215,"turn_type":0,"uid":137438998770}},{"type":"Feature","geometry":{"type":"LineString","coordinates":[[113.863755,22.499403,0.401027],[113.863783,22.499411,0.381027],[113.863811,22.499419,0.381027],[113.863839,22.499427,0.361027],[113.863866,22.499436,0.336027],[113.863894,22.499444,0.331027],[113.863922,22.499452,0.316027],[113.863941,22.499458,0.316027]]},"properties":{"approx_heading":17.800721785618347,"bidirection":0,"cross_slope":"0,0,0,0,0,0,0,0","info":"242","lane_area_type":22,"lane_type":1,"left_border_id":137439085553,"left_edge_dist":"17.27,16.68,16.62,17.09,18.06,19.44,20.1,18.93","left_neighbor_id":137438998770,"left_neighbor_type":0,"left_opposite_neighbor_id":0,"marker_ids":"","next_ids":"137438999202,137438998978,137438999138,137438999170,137438999154,137438999186","overlap":"[{\"element_id\":137439698067,\"priority\":0,\"s_end\":4.761606216430664,\"s_start\":0.0,\"type\":4}]","preference":50,"preferred_speed":25,"previous_ids":"137439764194,137439077282,137439077378,137438999314,137439077202,137439077234,137439077330,137439764146,137439077426","priority":40,"right_border_id":137439085537,"right_edge_dist":"7.32,7.37,7.84,7.34,7.35,7.36,7.38,7.7","right_neighbor_id":137438998802,"right_neighbor_type":0,"road_edge_dist":"113181404,109314785,108921616,112001758,118358751,127402720,131728098,124060418","slope":"0,0,0,0,0,0,0,0","speed_limit":25,"stopline_id":0,"total_length":20.116415893727684,"turn_type":0,"uid":137438998786}},{"type":"Feature","geometry":{"type":"LineString","coordinates":[[113.863767,22.499369,0.336027],[113.863795,22.499377,0.316027],[113.863822,22.499386,0.301027],[113.86385,22.499394,0.271027],[113.863878,22.499402,0.276027],[113.863906,22.49941,0.261027],[113.863933,22.499419,0.261027],[113.863954,22.499425,0.261027]]},"properties":{"approx_heading":17.800722723794088,"bidirection":0,"cross_slope":"0,0,0,0,0,0,0,0","info":"241","lane_area_type":22,"lane_type":1,"left_border_id":137439085537,"left_edge_dist":"21.03,20.55,20.5,20.89,21.69,22.85,23.36,22.3","left_neighbor_id":137438998786,"left_neighbor_type":0,"left_opposite_neighbor_id":0,"marker_ids":"","next_ids":"137438999234,137438999042,137438999266,137438999218,137438999250,137438999282","overlap":"[{\"element_id\":137439698067,\"priority\":0,\"s_end\":10.911781311035156,\"s_start\":0.0,\"type\":4}]","preference":50,"preferred_speed":25,"previous_ids":"137439764162,137438999330,137439077346,137439077442,137439077250,137439077298,137439079858,137439077394,137439764210","priority":40,"right_border_id":137439085521,"right_edge_dist":"3.43,3.48,4.38,3.45,3.46,3.47,3.49,4.21","right_neighbor_id":0,"right_neighbor_type":0,"road_edge_dist":"137822551,134676828,134349238,136905049,142147930,149750107,153092445,146145701","slope":"0,0,0,0,0,0,0,0","speed_limit":25,"stopline_id":0,"total_length":20.266436910056647,"turn_type":0,"uid":137438998802}},{"type":"Feature","geometry":{"type":"LineString","coordinates":[[113.863915,22.49953,0.316027],[113.863887,22.499521,0.321027],[113.863859,22.499513,0.326027],[113.863832,22.499505,0.371027],[113.863804,22.499497,0.376027],[113.863776,22.499488,0.371027],[113.863748,22.49948,0.396027],[113.863727,22.499474,0.416027]]},"properties":{"approx_heading":-162.19927965476464,"bidirection":0,"cross_slope":"0,0,0,0,0,0,0,0","info":"244","lane_area_type":22,"lane_type":1,"left_border_id":137439085585,"left_edge_dist":"15.9,15.77,15.75,15.74,15.76,15.85,15.74,15.72","left_neighbor_id":0,"left_neighbor_type":0,"left_opposite_neighbor_id":0,"marker_ids":"","next_ids":"137439077538,137439077474,137439077506,137438999346,137439077458,137439077490,137439077522","overlap":"[{\"element_id\":137439698067,\"priority\":0,\"s_end\":10.914409637451172,\"s_start\":0.0,\"type\":4}]","preference":50,"preferred_speed":25,"previous_ids":"137438998850","priority":40,"right_border_id":137439085601,"right_edge_dist":"12.61,12.71,12.21,10.19,8.75,8.19,8.68,9.67","right_neighbor_id":137438998834,"right_neighbor_type":0,"road_edge_dist":"104203501,103351543,103220421,103154683,103285611,103875379,103154532,103023559","slope":"0,0,0,0,0,0,0,0","speed_limit":25,"stopline_id":0,"total_length":20.266673845669253,"turn_type":0,"uid":137438998818}},{"type":"Feature","geometry":{"type":"LineString","coordinates":[[113.863902,22.499564,0.231027],[113.863874,22.499556,0.251027],[113.863847,22.499547,0.261027],[113.863819,22.499539,0.291027],[113.863791,22.499531,0.311027],[113.863763,22.499522,0.326027],[113.863736,22.499514,0.351027],[113.863715,22.499508,0.366027]]},"properties":{"approx_heading":-162.19928036242518,"bidirection":0,"cross_slope":"0,0,0,0,0,0,0,0","info":"245","lane_area_type":22,"lane_type":1,"left_border_id":137439085601,"left_edge_dist":"19.86,19.76,19.75,19.73,19.76,19.82,19.73,19.71","left_neighbor_id":137438998818,"left_neighbor_type":0,"left_opposite_neighbor_id":0,"marker_ids":"","next_ids":"137439077570,137439077634,137439077602,137438999362,137439077554,137439077586,137439077618","overlap":"[{\"element_id\":137439698067,\"priority\":0,\"s_end\":10.912833213806152,\"s_start\":0.0,\"type\":4}]","preference":50,"preferred_speed":25,"previous_ids":"137438998898","priority":40,"right_border_id":137439085617,"right_edge_dist":"8.72,8.72,8.71,7.29,5.15,4.19,5.14,6.7","right_neighbor_id":0,"right_neighbor_type":0,"road_edge_dist":"130155368,129500008,129434471,129303257,129499651,129892771,129303042,129172126","slope":"0,0,0,0,0,0,0,0","speed_limit":25,"stopline_id":0,"total_length":20.266614087800882,"turn_type":0,"uid":137438998834}},{"type":"Feature","geometry":{"type":"LineString","coordinates":[[113.864114,22.499589,0.216027],[113.864097,22.499584,0.226027],[113.864082,22.49958,0.231027],[113.86407,22.499576,0.221027],[113.864059,22.499573,0.231027],[113.864049,22.49957,0.236027],[113.864041,22.499567,0.236027],[113.864033,22.499565,0.261027],[113.864027,22.499563,0.261027],[113.86402,22.499561,0.261027],[113.864014,22.499559,0.276027],[113.864008,22.499558,0.271027],[113.864002,22.499556,0.271027],[113.863995,22.499554,0.276027],[113.863988,22.499551,0.276027],[113.863979,22.499549,0.281027],[113.86397,22.499546,0.281027],[113.863959,22.499543,0.296027],[113.863946,22.499539,0.306027],[113.863932,22.499535,0.311027],[113.863915,22.49953,0.316027]]},"properties":{"approx_heading":-162.19598991684285,"bidirection":0,"cross_slope":"0,0,0,0,0,0,0,0,0,0,0,0,0,0,0,0,0,0,0,0,0","info":"","lane_area_type":22,"lane_type":9,"left_border_id":137439085633,"left_edge_dist":"15.74,15.76,15.79,15.9,16.1,16.34,16.61,16.87,17.15,17.42,17.71,18.02,18.35,18.74,18.63,18.16,17.67,17.17,16.67,16.23,15.9","left_neighbor_id":0,"left_neighbor_type":0,"left_opposite_neighbor_id":0,"marker_ids":"","next_ids":"137438998818","overlap":"[{\"element_id\":137439698067,\"priority\":0,\"s_end\":16.12071418762207,\"s_start\":0.0,\"type\":4},{\"element_id\":137438956408,\"priority\":0,\"s_end\":0.0,\"s_start\":0.0,\"type\":5}]","preference":50,"preferred_speed":16,"previous_ids":"137438958162","priority":40,"right_border_id":137439085649,"right_edge_dist":"10.04,9.03,8.38,8.03,7.89,7.91,7.87,7.93,7.88,7.85,7.88,7.88,7.89,7.97,8.12,8.39,8.8,9.38,10.19,11.25,12.61","right_neighbor_id":0,"right_neighbor_type":0,"road_edge_dist":"103154668,103285639,103482182,104203043,105513749,107086615,108856083,110560025,112395028,114164497,116065044,118096660,120259349,122815261,122094380,119014215,115802992,112526250,109249531,106366053,104203501","slope":"0,0,0,0,0,0,0,0,0,0,0,0,0,0,0,0,0,0,0,0,0","speed_limit":16,"stopline_id":137439070053,"total_length":21.497425600576282,"turn_type":0,"uid":137438998850}},{"type":"Feature","geometry":{"type":"LineString","coordinates":[[113.864101,22.499624,0.128729],[113.864084,22.499619,0.133729],[113.86407,22.499614,0.141027],[113.864057,22.49961,0.146027],[113.864046,22.499607,0.136027],[113.864036,22.499604,0.141027],[113.864028,22.499602,0.151027],[113.86402,22.499599,0.171027],[113.864014,22.499597,0.166027],[113.864008,22.499595,0.176027],[113.864002,22.499594,0.176027],[113.863996,22.499592,0.181027],[113.863989,22.49959,0.191027],[113.863983,22.499588,0.186027],[113.863975,22.499586,0.191027],[113.863967,22.499583,0.191027],[113.863957,22.49958,0.201027],[113.863946,22.499577,0.221027],[113.863933,22.499573,0.226027],[113.863919,22.499569,0.226027],[113.863902,22.499564,0.231027]]},"properties":{"approx_heading":-162.08629960146564,"bidirection":0,"cross_slope":"0,0,0,0,0,0,0,0,0,0,0,0,0,0,0,0,0,0,0,0,0","info":"","lane_area_type":22,"lane_type":9,"left_border_id":137439085729,"left_edge_dist":"19.78,19.8,19.82,19.92,20.08,20.28,20.49,20.71,20.94,21.16,21.4,21.65,21.94,22.26,22.08,21.69,21.28,20.87,20.47,20.12,19.86","left_neighbor_id":0,"left_neighbor_type":0,"left_opposite_neighbor_id":0,"marker_ids":"","next_ids":"137438998834","overlap":"[{\"element_id\":137439698067,\"priority\":0,\"s_end\":16.11029815673828,\"s_start\":0.0,\"type\":4},{\"element_id\":137438956408,\"priority\":0,\"s_end\":0.0,\"s_start\":0.0,\"type\":5}]","preference":50,"preferred_speed":16,"previous_ids":"137438958178","priority":40,"right_border_id":137439085745,"right_edge_dist":"7.22,5.77,4.72,4.09,3.86,3.9,3.85,3.98,3.87,3.83,3.9,3.87,3.91,4.07,4.39,4.88,5.57,6.47,7.61,8.72,8.72","right_neighbor_id":0,"right_neighbor_type":0,"road_edge_dist":"129630930,129761857,129892824,130548121,131596674,132907398,134283649,135725454,137232771,138674559,140247430,141885827,143786375,145883543,144703927,142148072,139461165,136774279,134152953,131859304,130155368","slope":"0,0,0,0,0,0,0,0,0,0,0,0,0,0,0,0,0,0,0,0,0","speed_limit":16,"stopline_id":137439070053,"total_length":21.49501118853641,"turn_type":0,"uid":137438998898}},{"type":"Feature","geometry":{"type":"LineString","coordinates":[[113.863929,22.499492,0.361027],[113.863945,22.499497,0.356027],[113.86396,22.499501,0.356027],[113.863972,22.499505,0.341027],[113.863983,22.499508,0.336027],[113.863993,22.499511,0.326027],[113.864001,22.499513,0.326027],[113.864009,22.499516,0.316027],[113.864015,22.499518,0.316027],[113.864021,22.499519,0.316027],[113.864027,22.499521,0.316027],[113.864033,22.499523,0.316027],[113.864039,22.499525,0.321027],[113.864046,22.499527,0.316027],[113.864053,22.499529,0.311027],[113.864062,22.499531,0.306027],[113.864071,22.499534,0.301027],[113.864082,22.499538,0.296027],[113.864095,22.499541,0.291027],[113.864109,22.499546,0.286027],[113.864126,22.499551,0.266027]]},"properties":{"approx_heading":17.809640998982225,"bidirection":0,"cross_slope":"0,0,0,0,0,0,0,0,0,0,0,0,0,0,0,0,0,0,0,0,0","info":"","lane_area_type":22,"lane_type":9,"left_border_id":137439085761,"left_edge_dist":"15.71,14.67,13.88,13.31,12.91,12.64,12.47,12.37,12.32,12.32,12.3,12.28,12.3,12.35,12.31,12.33,12.33,12.4,12.62,13.05,13.73","left_neighbor_id":0,"left_neighbor_type":0,"left_opposite_neighbor_id":0,"marker_ids":"","next_ids":"137438958194","overlap":"[{\"element_id\":137439698067,\"priority\":0,\"s_end\":15.10123348236084,\"s_start\":0.0,\"type\":4},{\"element_id\":137438956408,\"priority\":0,\"s_end\":0.0,\"s_start\":0.0,\"type\":5}]","preference":50,"preferred_speed":16,"previous_ids":"137438998770","priority":40,"right_border_id":137439085777,"right_edge_dist":"11.53,11.99,12.59,13.23,13.88,14.49,15.06,15.19,14.72,14.31,13.92,13.56,13.2,12.85,12.49,12.14,11.82,11.54,11.37,11.33,11.32","right_neighbor_id":0,"right_neighbor_type":0,"road_edge_dist":"102958209,96142511,90965227,87229739,84608364,82838953,81724898,81069551,80741824,80741783,80610672,80479564,80610600,80938245,80676065,80807102,80807070,81265794,82707569,85525613,89982060","slope":"0,0,0,0,0,0,0,0,0,0,0,0,0,0,0,0,0,0,0,0,0","speed_limit":16,"stopline_id":137439070069,"total_length":21.263096206617192,"turn_type":0,"uid":137438998914}},{"type":"Feature","geometry":{"type":"LineString","coordinates":[[113.863941,22.499458,0.316027],[113.863958,22.499463,0.316027],[113.863972,22.499467,0.311027],[113.863985,22.499471,0.306027],[113.863996,22.499474,0.306027],[113.864005,22.499477,0.291027],[113.864013,22.49948,0.291027],[113.864021,22.499482,0.276027],[113.864027,22.499484,0.286027],[113.864033,22.499486,0.276027],[113.864039,22.499487,0.271027],[113.864045,22.499489,0.271027],[113.864051,22.499491,0.251027],[113.864058,22.499493,0.251027],[113.864065,22.499495,0.241027],[113.864073,22.499498,0.236027],[113.864083,22.4995,0.236027],[113.864094,22.499504,0.226027],[113.864106,22.499508,0.241027],[113.86412,22.499512,0.226027],[113.864137,22.499517,0.231027]]},"properties":{"approx_heading":17.928898019842197,"bidirection":0,"cross_slope":"0,0,0,0,0,0,0,0,0,0,0,0,0,0,0,0,0,0,0,0,0","info":"","lane_area_type":22,"lane_type":9,"left_border_id":137439085889,"left_edge_dist":"18.93,18.09,17.47,17.02,16.72,16.51,16.38,16.3,16.27,16.26,16.24,16.22,16.23,16.27,16.23,16.25,16.25,16.3,16.46,16.79,17.32","left_neighbor_id":0,"left_neighbor_type":0,"left_opposite_neighbor_id":0,"marker_ids":"","next_ids":"137438958210","overlap":"[{\"element_id\":137439698067,\"priority\":0,\"s_end\":14.52015209197998,\"s_start\":0.0,\"type\":4},{\"element_id\":137438956408,\"priority\":0,\"s_end\":0.0,\"s_start\":0.0,\"type\":5}]","preference":50,"preferred_speed":16,"previous_ids":"137438998786","priority":40,"right_border_id":137439085905,"right_edge_dist":"7.7,8.38,9.22,10.08,10.9,11.6,12.24,12.51,11.94,11.42,10.95,10.49,10.03,9.56,9.09,8.6,8.14,7.73,7.46,7.41,7.4","right_neighbor_id":0,"right_neighbor_type":0,"road_edge_dist":"124060418,118555462,114492314,111543280,109577282,108201096,107349192,106824931,106628266,106562678,106431559,106300441,106365931,106628028,106365837,106496860,106496814,106824453,107873002,110035685,113509092","slope":"0,0,0,0,0,0,0,0,0,0,0,0,0,0,0,0,0,0,0,0,0","speed_limit":16,"stopline_id":137439070069,"total_length":21.132005916855277,"turn_type":0,"uid":137438998978}},{"type":"Feature","geometry":{"type":"LineString","coordinates":[[113.863954,22.499425,0.261027],[113.863971,22.49943,0.266027],[113.863985,22.499434,0.261027],[113.863997,22.499438,0.266027],[113.864008,22.499441,0.266027],[113.864018,22.499444,0.266027],[113.864026,22.499446,0.271027],[113.864033,22.499449,0.271027],[113.86404,22.49945,0.266027],[113.864046,22.499452,0.266027],[113.864051,22.499454,0.256027],[113.864057,22.499456,0.256027],[113.864063,22.499458,0.246027],[113.86407,22.49946,0.231027],[113.864077,22.499462,0.216027],[113.864085,22.499464,0.216027],[113.864095,22.499467,0.211027],[113.864106,22.49947,0.206027],[113.864118,22.499474,0.196027],[113.864132,22.499478,0.181027],[113.864148,22.499483,0.176027]]},"properties":{"approx_heading":17.908249191880063,"bidirection":0,"cross_slope":"0,0,0,0,0,0,0,0,0,0,0,0,0,0,0,0,0,0,0,0,0","info":"","lane_area_type":22,"lane_type":9,"left_border_id":137439086017,"left_edge_dist":"22.3,21.6,21.1,20.74,20.5,20.34,20.24,20.18,20.16,20.15,20.13,20.12,20.13,20.15,20.13,20.14,20.14,20.19,20.32,20.58,21.02","left_neighbor_id":0,"left_neighbor_type":0,"left_opposite_neighbor_id":0,"marker_ids":"","next_ids":"137438958226","overlap":"[{\"element_id\":137439698067,\"priority\":0,\"s_end\":13.356956481933594,\"s_start\":0.0,\"type\":4},{\"element_id\":137438956408,\"priority\":0,\"s_end\":0.0,\"s_start\":0.0,\"type\":5}]","preference":50,"preferred_speed":16,"previous_ids":"137438998802","priority":40,"right_border_id":137439086033,"right_edge_dist":"4.21,5.38,6.44,7.43,8.31,9.13,9.86,10.51,9.92,9.31,8.72,8.15,7.56,6.94,6.28,5.57,4.83,4.12,3.61,3.52,3.5","right_neighbor_id":0,"right_neighbor_type":0,"road_edge_dist":"146145701,141558298,138281604,135922407,134349631,133301137,132645850,132252699,132121568,132055971,131924840,131859247,131924724,132055734,131924596,131990061,131989987,132317596,133169513,134873440,137757022","slope":"0,0,0,0,0,0,0,0,0,0,0,0,0,0,0,0,0,0,0,0,0","speed_limit":16,"stopline_id":137439070069,"total_length":20.9879935242243,"turn_type":0,"uid":137438999042}},{"type":"Feature","geometry":{"type":"LineString","coordinates":[[113.86429,22.497296,0.445019],[113.864287,22.497305,0.445019],[113.864278,22.497331,0.445019],[113.864269,22.497356,0.435019],[113.86426,22.497382,0.440019],[113.864251,22.497408,0.455019],[113.864242,22.497434,0.460019],[113.864233,22.497459,0.466027],[113.864224,22.497485,0.461027],[113.864215,22.497511,0.456027],[113.864206,22.497537,0.446027],[113.864197,22.497563,0.446027],[113.864189,22.497588,0.436027],[113.86418,22.497614,0.431027],[113.864171,22.49764,0.431027],[113.864162,22.497666,0.446027],[113.864153,22.497692,0.441027],[113.864144,22.497717,0.431027],[113.864135,22.497743,0.436027],[113.864126,22.497769,0.431027],[113.864117,22.497795,0.431027],[113.864112,22.49781,0.426027]]},"properties":{"approx_heading":107.85422136629923,"bidirection":0,"cross_slope":"0,0,0,0,0,0,0,0,0,0,0,0,0,0,0,0,0,0,0,0,0,0","info":"82","lane_area_type":23,"lane_type":1,"left_border_id":137439094449,"left_edge_dist":"100,100,100,100,100,100,100,100,100,100,100,100,100,100,100,100,100,100,100,100,100,100","left_neighbor_id":0,"left_neighbor_type":0,"left_opposite_neighbor_id":137439003282,"marker_ids":"","next_ids":"137439003266","overlap":"[{\"element_id\":137440201523,\"priority\":0,\"s_end\":39.71650695800781,\"s_start\":0.0,\"type\":4}]","preference":50,"preferred_speed":25,"previous_ids":"137438953490","priority":80,"right_border_id":137439094465,"right_edge_dist":"2.31,2.31,2.31,2.31,2.31,2.31,2.31,2.31,2.31,2.31,2.31,2.31,2.31,2.31,2.31,2.31,2.31,2.31,2.31,2.31,2.31,2.31","right_neighbor_id":0,"right_neighbor_type":0,"road_edge_dist":"4294901991,4294901991,4294901991,4294901991,4294901991,4294901991,4294901991,4294901991,4294901991,4294901991,4294901991,4294901991,4294901991,4294901991,4294901991,4294901991,4294901991,4294901991,4294901991,4294901991,4294901991,4294901991","slope":"0,0,0,0,0,0,0,0,0,0,0,0,0,0,0,0,0,0,0,0,0,0","speed_limit":25,"stopline_id":0,"total_length":59.882673005674704,"turn_type":0,"uid":137439003234}},{"type":"Feature","geometry":{"type":"LineString","coordinates":[[113.864253,22.497283,0.455019],[113.864261,22.497262,0.450019],[113.86427,22.497236,0.455019],[113.864279,22.497211,0.455019],[113.864287,22.497185,0.445019],[113.864296,22.497159,0.435019],[113.864305,22.497133,0.425019],[113.864314,22.497108,0.430019],[113.864323,22.497082,0.425019],[113.864332,22.497056,0.425019],[113.864341,22.49703,0.425019],[113.86435,22.497004,0.425019],[113.864359,22.496979,0.425019],[113.864366,22.496957,0.425019],[113.864375,22.496931,0.415019],[113.864384,22.496906,0.420019],[113.864393,22.49688,0.425019],[113.864402,22.496854,0.425019],[113.864411,22.496828,0.430019],[113.86442,22.496802,0.430019],[113.864429,22.496777,0.430019],[113.864438,22.496751,0.425019],[113.864447,22.496725,0.425019],[113.864456,22.496699,0.435019],[113.864465,22.496673,0.435019],[113.864474,22.496648,0.435019],[113.864483,22.496622,0.425019],[113.864491,22.496596,0.430019],[113.8645,22.49657,0.440019],[113.864509,22.496544,0.445019],[113.864518,22.496519,0.430019],[113.864527,22.496493,0.435019],[113.864536,22.496467,0.430019],[113.864545,22.496441,0.425019],[113.864554,22.496415,0.425019],[113.864563,22.49639,0.425019],[113.864572,22.496364,0.425019],[113.864581,22.496338,0.415019],[113.86459,22.496312,0.405019],[113.864597,22.496292,0.405019]]},"properties":{"approx_heading":-72.16348973005873,"bidirection":0,"cross_slope":"0,0,0,0,0,0,0,0,0,0,0,0,0,0,0,0,0,0,0,0,0,0,0,0,0,0,0,0,0,0,0,0,0,0,0,0,0,0,0,0","info":"81","lane_area_type":23,"lane_type":1,"left_border_id":137439094481,"left_edge_dist":"6.31,6.31,6.31,6.31,6.31,6.31,6.31,6.31,6.31,6.31,6.31,6.31,6.31,6.32,6.32,6.32,6.32,6.32,6.32,6.32,6.33,6.33,6.33,6.33,6.33,6.32,6.32,6.31,6.31,6.3,6.3,6.3,6.31,6.31,6.32,6.32,6.32,6.33,6.33,6.33","left_neighbor_id":0,"left_neighbor_type":0,"left_opposite_neighbor_id":137438953490,"marker_ids":"","next_ids":"137438988594","overlap":"[{\"element_id\":137440201523,\"priority\":0,\"s_end\":82.57378387451172,\"s_start\":0.0,\"type\":4}]","preference":50,"preferred_speed":25,"previous_ids":"137439003282","priority":80,"right_border_id":137439094497,"right_edge_dist":"100,100,100,100,100,100,100,100,100,100,100,100,100,100,100,100,100,100,100,100,100,100,100,100,100,100,100,100,100,100,100,100,100,100,100,100,100,100,100,100","right_neighbor_id":0,"right_neighbor_type":0,"road_edge_dist":"41418751,41418751,41418751,41418751,41418751,41418751,41418751,41418751,41418751,41418751,41418751,41418751,41418751,41484287,41484287,41484287,41484287,41484287,41484287,41484287,41549823,41549823,41549823,41549823,41549823,41484287,41484287,41418751,41418751,41353215,41353215,41353215,41418751,41418751,41484287,41484287,41484287,41549823,41549823,41549823","slope":"0,0,0,0,0,0,0,0,0,0,0,0,0,0,0,0,0,0,0,0,0,0,0,0,0,0,0,0,0,0,0,0,0,0,0,0,0,0,0,0","speed_limit":25,"stopline_id":0,"total_length":115.27718084939255,"turn_type":0,"uid":137439003250}},{"type":"Feature","geometry":{"type":"LineString","coordinates":[[113.864112,22.49781,0.426027],[113.864108,22.49782,0.436027],[113.864099,22.497846,0.431027],[113.86409,22.497872,0.431027],[113.864081,22.497898,0.426027],[113.864072,22.497924,0.431027],[113.864063,22.497949,0.426027],[113.864054,22.497975,0.416027],[113.864045,22.498001,0.416027],[113.864037,22.498027,0.421027],[113.864028,22.498053,0.421027],[113.864019,22.498078,0.426027],[113.86401,22.498104,0.426027],[113.864001,22.49813,0.431027],[113.863992,22.498156,0.426027],[113.863983,22.498181,0.436027],[113.863974,22.498207,0.421027],[113.863965,22.498233,0.421027],[113.863956,22.498259,0.426027],[113.863947,22.498285,0.426027],[113.863938,22.49831,0.421027],[113.863929,22.498336,0.416027],[113.86392,22.498362,0.416027],[113.863911,22.498388,0.416027],[113.863902,22.498414,0.401027],[113.863894,22.498439,0.406027],[113.863885,22.498465,0.401027],[113.863876,22.498491,0.411027],[113.863867,22.498517,0.386027],[113.863858,22.498542,0.381027],[113.863849,22.498568,0.386027],[113.86384,22.498594,0.406027],[113.863831,22.49862,0.386027],[113.863822,22.498646,0.386027],[113.863813,22.498671,0.361027],[113.863804,22.498697,0.376027],[113.863795,22.498723,0.366027],[113.863786,22.498749,0.356027],[113.863777,22.498775,0.371027],[113.863768,22.4988,0.371027],[113.863759,22.498826,0.366027],[113.863751,22.498852,0.376027],[113.863742,22.498878,0.386027],[113.863733,22.498904,0.381027],[113.863724,22.498929,0.396027],[113.863715,22.498955,0.391027],[113.863706,22.498981,0.381027],[113.863697,22.499007,0.396027],[113.863688,22.499032,0.386027],[113.863679,22.499058,0.401027],[113.86367,22.499084,0.401027],[113.863661,22.49911,0.411027],[113.863652,22.499136,0.411027],[113.863645,22.499157,0.416027]]},"properties":{"approx_heading":107.85422134988522,"bidirection":0,"cross_slope":"0,0,0,0,0,0,0,0,0,0,0,0,0,0,0,0,0,0,0,0,0,0,0,0,0,0,0,0,0,0,0,0,0,0,0,0,0,0,0,0,0,0,0,0,0,0,0,0,0,0,0,0,0,0","info":"82","lane_area_type":23,"lane_type":1,"left_border_id":137439094513,"left_edge_dist":"100,100,100,100,100,100,100,100,100,100,100,100,100,100,100,100,100,100,100,100,100,100,100,100,100,100,100,100,100,100,100,100,100,100,100,100,100,100,100,100,100,100,100,100,100,100,100,58.36,55.44,52.52,49.62,46.72,43.85,41.45","left_neighbor_id":0,"left_neighbor_type":0,"left_opposite_neighbor_id":137438953506,"marker_ids":"","next_ids":"137439752386,137438999330,137438999298,137439752450,137439752418,137438999314,137439752402,137439767698,137439752434,137439752466","overlap":"[{\"element_id\":137440201523,\"priority\":0,\"s_end\":158.7599639892578,\"s_start\":0.0,\"type\":4}]","preference":50,"preferred_speed":25,"previous_ids":"137439003234","priority":80,"right_border_id":137439094529,"right_edge_dist":"2.31,2.31,2.31,2.31,2.31,2.31,2.31,2.3,2.3,2.3,2.3,2.3,2.3,2.3,2.3,2.3,2.3,2.3,2.3,2.3,2.3,2.3,2.3,2.3,2.3,2.3,2.3,2.3,2.3,2.3,2.3,2.3,2.3,2.3,2.3,2.3,2.3,2.3,2.3,2.3,2.3,2.3,2.3,2.3,2.3,2.3,2.3,2.3,2.3,2.31,2.31,2.32,2.32,2.33","right_neighbor_id":0,"right_neighbor_type":0,"road_edge_dist":"4294901991,4294901991,4294901991,4294901991,4294901991,4294901991,4294901991,4294901990,4294901990,4294901990,4294901990,4294901990,4294901990,4294901990,4294901990,4294901990,4294901990,4294901990,4294901990,4294901990,4294901990,4294901990,4294901990,4294901990,4294901990,4294901990,4294901990,4294901990,4294901990,4294901990,4294901990,4294901990,4294901990,4294901990,4294901990,4294901990,4294901990,4294901990,4294901990,4294901990,4294901990,4294901990,4294901990,4294901990,4294901990,4294901990,4294901990,382468326,363331814,344195303,325189863,306184424,287375592,271646953","slope":"0,0,0,0,0,0,0,0,0,0,0,0,0,0,0,0,0,0,0,0,0,0,0,0,0,0,0,0,0,0,0,0,0,0,0,0,0,0,0,0,0,0,0,0,0,0,0,0,0,0,0,0,0,0","speed_limit":25,"stopline_id":0,"total_length":156.67826473600854,"turn_type":0,"uid":137439003266}},{"type":"Feature","geometry":{"type":"LineString","coordinates":[[113.864075,22.497798,0.441027],[113.864082,22.497778,0.436027],[113.864091,22.497752,0.436027],[113.8641,22.497726,0.441027],[113.864109,22.497701,0.441027],[113.864118,22.497675,0.446027],[113.864127,22.497649,0.441027],[113.864136,22.497623,0.451027],[113.864144,22.497597,0.446027],[113.864153,22.497572,0.441027],[113.864162,22.497546,0.436027],[113.864171,22.49752,0.451027],[113.86418,22.497494,0.441027],[113.864189,22.497469,0.466027],[113.864198,22.497443,0.455019],[113.864207,22.497417,0.455019],[113.864216,22.497391,0.440019],[113.864225,22.497365,0.445019],[113.864234,22.49734,0.445019],[113.864243,22.497314,0.445019],[113.864252,22.497288,0.460019],[113.864253,22.497283,0.455019]]},"properties":{"approx_heading":-72.14580129168317,"bidirection":0,"cross_slope":"0,0,0,0,0,0,0,0,0,0,0,0,0,0,0,0,0,0,0,0,0,0","info":"81","lane_area_type":23,"lane_type":1,"left_border_id":137439094545,"left_edge_dist":"6.31,6.31,6.31,6.31,6.31,6.31,6.31,6.31,6.31,6.31,6.31,6.31,6.31,6.31,6.31,6.31,6.31,6.31,6.31,6.31,6.31,6.31","left_neighbor_id":0,"left_neighbor_type":0,"left_opposite_neighbor_id":137439003234,"marker_ids":"","next_ids":"137439003250","overlap":"[{\"element_id\":137440201523,\"priority\":0,\"s_end\":10.198503494262695,\"s_start\":0.0,\"type\":4}]","preference":50,"preferred_speed":25,"previous_ids":"137438953506","priority":80,"right_border_id":137439094561,"right_edge_dist":"100,100,100,100,100,100,100,100,100,100,100,100,100,100,100,100,100,100,100,100,100,100","right_neighbor_id":0,"right_neighbor_type":0,"road_edge_dist":"41418751,41418751,41418751,41418751,41418751,41418751,41418751,41418751,41418751,41418751,41418751,41418751,41418751,41418751,41418751,41418751,41418751,41418751,41418751,41418751,41418751,41418751","slope":"0,0,0,0,0,0,0,0,0,0,0,0,0,0,0,0,0,0,0,0,0,0","speed_limit":25,"stopline_id":0,"total_length":59.882797717806184,"turn_type":0,"uid":137439003282}},{"type":"Feature","geometry":{"type":"LineString","coordinates":[[113.865544,22.49368,0.489845],[113.865538,22.493695,0.489845],[113.865529,22.493721,0.50037],[113.86552,22.493747,0.49537],[113.865512,22.493773,0.50037],[113.865503,22.493798,0.51537],[113.865494,22.493824,0.51537],[113.865485,22.49385,0.51037],[113.865476,22.493876,0.49537],[113.865467,22.493901,0.51037],[113.865458,22.493927,0.50037],[113.865449,22.493953,0.46037],[113.86544,22.493979,0.51037],[113.865431,22.494005,0.48037],[113.865422,22.49403,0.52037],[113.865413,22.494056,0.52537],[113.865404,22.494082,0.53037],[113.865395,22.494108,0.52537],[113.865389,22.494126,0.52037],[113.86538,22.494152,0.50037],[113.865371,22.494177,0.51537],[113.865362,22.494203,0.519929],[113.865353,22.494229,0.509929],[113.865344,22.494255,0.519929],[113.865335,22.494281,0.504929],[113.865326,22.494306,0.499929],[113.865317,22.494332,0.524929],[113.865308,22.494358,0.534929],[113.865299,22.494384,0.534929],[113.86529,22.494409,0.549929],[113.865281,22.494435,0.554929],[113.865272,22.494461,0.554929],[113.865263,22.494487,0.554929],[113.865254,22.494513,0.554929],[113.865245,22.494538,0.549929],[113.865236,22.494564,0.544929],[113.865227,22.49459,0.554929],[113.865218,22.494616,0.554929],[113.865209,22.494641,0.544929],[113.8652,22.494667,0.554929],[113.865194,22.494686,0.554929],[113.865185,22.494711,0.554929],[113.865176,22.494737,0.554929],[113.865167,22.494763,0.554929],[113.865158,22.494789,0.549929],[113.865149,22.494814,0.546089],[113.86514,22.49484,0.541089],[113.865131,22.494866,0.536089],[113.865122,22.494892,0.536089],[113.865113,22.494918,0.531089],[113.865104,22.494943,0.506089],[113.865095,22.494969,0.481089],[113.865086,22.494995,0.476089],[113.865077,22.495021,0.476089],[113.865069,22.495046,0.466089],[113.86506,22.495072,0.466089],[113.865051,22.495098,0.446089],[113.865042,22.495124,0.436089],[113.865033,22.49515,0.416089],[113.865024,22.495175,0.391089],[113.865015,22.495201,0.386089],[113.865011,22.495213,0.386089],[113.865002,22.495239,0.366089],[113.864993,22.495265,0.346089],[113.864984,22.495291,0.331089],[113.864975,22.495317,0.306089],[113.864966,22.495342,0.316089],[113.864957,22.495368,0.331089],[113.864948,22.495394,0.336089],[113.86494,22.49542,0.321089],[113.864931,22.495446,0.336089],[113.864922,22.495472,0.351089],[113.864913,22.495497,0.346089],[113.864912,22.495501,0.346089]]},"properties":{"approx_heading":107.87595775420695,"bidirection":0,"cross_slope":"0,0,0,0,0,0,0,0,0,0,0,0,0,0,0,0,0,0,0,0,0,0,0,0,0,0,0,0,0,0,0,0,0,0,0,0,0,0,0,0,0,0,0,0,0,0,0,0,0,0,0,0,0,0,0,0,0,0,0,0,0,0,0,0,0,0,0,0,0,0,0,0,0,0","info":"22","lane_area_type":23,"lane_type":1,"left_border_id":137439094929,"left_edge_dist":"100,100,100,100,100,100,100,100,100,100,100,100,100,100,100,100,100,100,100,100,100,100,100,100,100,100,100,100,100,100,100,100,100,100,100,100,100,100,100,100,100,100,100,100,100,100,100,100,100,100,100,100,100,100,100,100,100,100,100,100,100,100,100,100,100,100,100,100,100,100,100,100,100,100","left_neighbor_id":0,"left_neighbor_type":0,"left_opposite_neighbor_id":137438961970,"marker_ids":"","next_ids":"137439069602,137438993122,137439069506,137439069538,137439069570,137439069634,137439072226,137439072258,137439072290,137439072274,137439069522,137439069586,137439069554,137439072210,137439069618,137439072242","overlap":"[{\"element_id\":137440201523,\"priority\":0,\"s_end\":159.6973876953125,\"s_start\":0.0,\"type\":4}]","preference":50,"preferred_speed":15,"previous_ids":"137439003506","priority":80,"right_border_id":137439094945,"right_edge_dist":"2.53,2.53,2.53,2.53,2.52,2.51,2.54,2.53,2.52,2.51,2.52,2.51,2.51,2.52,2.52,2.54,2.51,2.51,2.51,2.5,2.52,2.51,2.52,2.52,2.52,2.49,2.5,2.51,2.5,2.49,2.52,2.5,2.5,2.5,2.5,2.5,2.5,2.49,2.49,2.49,2.49,2.49,2.49,2.49,2.48,2.48,2.48,2.48,2.48,2.48,2.48,2.48,2.46,2.48,2.48,2.49,2.49,2.48,2.49,2.51,2.53,2.52,2.52,2.52,2.53,2.51,2.49,2.53,2.51,2.46,2.49,2.51,2.69,2.71","right_neighbor_id":0,"right_neighbor_type":0,"road_edge_dist":"4294902013,4294902013,4294902013,4294902013,4294902012,4294902011,4294902014,4294902013,4294902012,4294902011,4294902012,4294902011,4294902011,4294902012,4294902012,4294902014,4294902011,4294902011,4294902011,4294902010,4294902012,4294902011,4294902012,4294902012,4294902012,4294902009,4294902010,4294902011,4294902010,4294902009,4294902012,4294902010,4294902010,4294902010,4294902010,4294902010,4294902010,4294902009,4294902009,4294902009,4294902009,4294902009,4294902009,4294902009,4294902008,4294902008,4294902008,4294902008,4294902008,4294902008,4294902008,4294902008,4294902006,4294902008,4294902008,4294902009,4294902009,4294902008,4294902009,4294902011,4294902013,4294902012,4294902012,4294902012,4294902013,4294902011,4294902009,4294902013,4294902011,4294902006,4294902009,4294902011,4294902029,4294902031","slope":"0,0,0,0,0,0,0,0,0,0,0,0,0,0,0,0,0,0,0,0,0,0,0,0,0,0,0,0,0,0,0,0,0,0,0,0,0,0,0,0,0,0,0,0,0,0,0,0,0,0,0,0,0,0,0,0,0,0,0,0,0,0,0,0,0,0,0,0,0,0,0,0,0,0","speed_limit":15,"stopline_id":0,"total_length":211.8363322704472,"turn_type":0,"uid":137439003474}},{"type":"Feature","geometry":{"type":"LineString","coordinates":[[113.865507,22.493667,0.49537],[113.865514,22.493648,0.49537],[113.86552,22.49363,0.48537],[113.865529,22.493604,0.46537],[113.865538,22.493579,0.469845],[113.865547,22.493553,0.489845],[113.865556,22.493527,0.489845],[113.865565,22.493501,0.489845],[113.865574,22.493476,0.499845],[113.865583,22.49345,0.479845],[113.865585,22.493445,0.464845],[113.865594,22.493419,0.469845],[113.865603,22.493393,0.464845],[113.865612,22.493367,0.469845],[113.865621,22.493341,0.469845],[113.865629,22.493316,0.469845],[113.865638,22.49329,0.469845],[113.865647,22.493264,0.469845],[113.86565,22.493256,0.459845]]},"properties":{"approx_heading":-72.08703115650341,"bidirection":0,"cross_slope":"0,0,0,0,0,0,0,0,0,0,0,0,0,0,0,0,0,0,0","info":"21","lane_area_type":23,"lane_type":1,"left_border_id":137439094961,"left_edge_dist":"6.55,6.55,6.54,6.57,6.54,6.55,6.54,6.54,6.54,6.53,6.52,6.55,6.56,6.55,6.57,6.57,6.55,6.55,6.55","left_neighbor_id":0,"left_neighbor_type":0,"left_opposite_neighbor_id":137439003506,"marker_ids":"","next_ids":"137439003522","overlap":"[{\"element_id\":137440201523,\"priority\":0,\"s_end\":43.97036361694336,\"s_start\":0.0,\"type\":4}]","preference":50,"preferred_speed":25,"previous_ids":"137438961970","priority":80,"right_border_id":137439094977,"right_edge_dist":"100,100,100,100,100,100,100,100,100,100,100,100,100,100,100,100,100,100,100","right_neighbor_id":0,"right_neighbor_type":0,"road_edge_dist":"42991615,42991615,42926079,43122687,42926079,42991615,42926079,42926079,42926079,42860543,42795007,42991615,43057151,42991615,43122687,43122687,42991615,42991615,42991615","slope":"0,0,0,0,0,0,0,0,0,0,0,0,0,0,0,0,0,0,0","speed_limit":25,"stopline_id":0,"total_length":47.86240499630865,"turn_type":0,"uid":137439003490}},{"type":"Feature","geometry":{"type":"LineString","coordinates":[[113.865687,22.493269,0.424845],[113.865679,22.493291,0.444845],[113.86567,22.493317,0.459845],[113.865661,22.493343,0.459845],[113.865652,22.493369,0.459845],[113.865643,22.493394,0.464845],[113.865634,22.49342,0.469845],[113.865625,22.493446,0.479845],[113.865621,22.493458,0.469845],[113.865612,22.493484,0.469845],[113.865603,22.49351,0.474845],[113.865594,22.493535,0.479845],[113.865585,22.493561,0.469845],[113.865576,22.493587,0.459845],[113.865567,22.493613,0.454845],[113.865558,22.493638,0.469845],[113.865556,22.493644,0.474845],[113.865547,22.493669,0.484845],[113.865544,22.49368,0.489845]]},"properties":{"approx_heading":107.9173735495759,"bidirection":0,"cross_slope":"0,0,0,0,0,0,0,0,0,0,0,0,0,0,0,0,0,0,0","info":"22","lane_area_type":23,"lane_type":1,"left_border_id":137439094993,"left_edge_dist":"100,100,100,100,100,100,100,100,100,100,100,100,100,100,100,100,100,100,100","left_neighbor_id":0,"left_neighbor_type":0,"left_opposite_neighbor_id":137439003490,"marker_ids":"","next_ids":"137439003474","overlap":"[{\"element_id\":137440201523,\"priority\":0,\"s_end\":21.768892288208008,\"s_start\":0.0,\"type\":4}]","preference":50,"preferred_speed":25,"previous_ids":"137439775186","priority":80,"right_border_id":137439095009,"right_edge_dist":"2.52,2.52,2.53,2.54,2.52,2.53,2.52,2.5,2.5,2.51,2.51,2.52,2.53,2.52,2.54,2.52,2.52,2.53,2.53","right_neighbor_id":0,"right_neighbor_type":0,"road_edge_dist":"4294902012,4294902012,4294902013,4294902014,4294902012,4294902013,4294902012,4294902010,4294902010,4294902011,4294902011,4294902012,4294902013,4294902012,4294902014,4294902012,4294902012,4294902013,4294902013","slope":"0,0,0,0,0,0,0,0,0,0,0,0,0,0,0,0,0,0,0","speed_limit":25,"stopline_id":0,"total_length":47.86989383085406,"turn_type":0,"uid":137439003506}},{"type":"Feature","geometry":{"type":"LineString","coordinates":[[113.86565,22.493256,0.459845],[113.865656,22.493238,0.454845],[113.865665,22.493213,0.449845],[113.865674,22.493187,0.449845],[113.865683,22.493161,0.454845],[113.865692,22.493135,0.444845],[113.865701,22.493109,0.449845],[113.865707,22.493091,0.439845],[113.865716,22.493065,0.429845],[113.865725,22.493039,0.414845],[113.865734,22.493014,0.409845],[113.865743,22.492988,0.414845],[113.865752,22.492962,0.414845],[113.865761,22.492936,0.404845],[113.865762,22.492934,0.403512],[113.865771,22.492908,0.399225],[113.865779,22.492882,0.394938],[113.865788,22.492857,0.390651],[113.865797,22.492831,0.386365],[113.865806,22.492805,0.382078],[113.865815,22.492779,0.377791],[113.865824,22.492754,0.373504],[113.865833,22.492728,0.369218],[113.865842,22.492702,0.364931],[113.865851,22.492676,0.360644],[113.86586,22.49265,0.356357],[113.865869,22.492625,0.352071],[113.865878,22.492599,0.347784],[113.865886,22.492573,0.343497],[113.865895,22.492547,0.33921],[113.865904,22.492521,0.334924],[113.865913,22.492496,0.330637],[113.865922,22.49247,0.32635],[113.865931,22.492444,0.322063],[113.865938,22.492425,0.318913],[113.865946,22.4924,0.304845]]},"properties":{"approx_heading":-72.1827021665954,"bidirection":0,"cross_slope":"0,0,0,0,0,0,0,0,0,0,0,0,0,0,0,0,0,0,0,0,0,0,0,0,0,0,0,0,0,0,0,0,0,0,0,0","info":"21","lane_area_type":23,"lane_type":1,"left_border_id":137439095025,"left_edge_dist":"6.55,6.55,6.55,6.56,6.56,6.56,6.56,6.56,6.56,6.56,6.57,6.57,6.57,6.57,6.57,6.57,6.57,6.56,6.56,6.56,6.56,6.57,6.57,6.58,6.58,6.58,6.55,6.51,6.48,6.45,6.43,6.41,6.41,6.4,6.46,6.31","left_neighbor_id":0,"left_neighbor_type":0,"left_opposite_neighbor_id":137439775186,"marker_ids":"","next_ids":"137438978434,137439023362,137439017858,137438978338,137438978466,137439023394,137438978370,137439023426,137439017826,137438978450,137439023378,137438978354,137438978482,137439023410,137439023442,137438978386,137438978418,137439017842","overlap":"[{\"element_id\":137440201523,\"priority\":0,\"s_end\":81.53024291992188,\"s_start\":0.0,\"type\":4}]","preference":50,"preferred_speed":25,"previous_ids":"137439003490","priority":80,"right_border_id":137439095041,"right_edge_dist":"100,100,100,100,100,100,100,100,100,100,100,100,100,100,100,100,100,100,100,100,100,100,100,100,100,100,100,100,100,100,100,100,100,100,100,100","right_neighbor_id":0,"right_neighbor_type":0,"road_edge_dist":"42991615,42991615,42991615,43057151,43057151,43057151,43057151,43057151,43057151,43057151,43122687,43122687,43122687,43122687,43122687,43122687,43122687,43057151,43057151,43057151,43057151,43122687,43122687,43188223,43188223,43188223,42991615,42729471,42532863,42336255,42205183,42074111,42074111,42008575,42401791,41418751","slope":"0,0,0,0,0,0,0,0,0,0,0,0,0,0,0,0,0,0,0,0,0,0,0,0,0,0,0,0,0,0,0,0,0,0,0,0","speed_limit":25,"stopline_id":0,"total_length":99.55233752557,"turn_type":0,"uid":137439003522}},{"type":"Feature","geometry":{"type":"LineString","coordinates":[[113.864047,22.499312,0.256027],[113.864053,22.499294,0.253527],[113.864062,22.499267,0.251027],[113.864071,22.499241,0.251027],[113.86408,22.499216,0.253527],[113.864083,22.499209,0.256027],[113.864092,22.499182,0.258527],[113.864101,22.499156,0.263527],[113.86411,22.49913,0.263527],[113.864112,22.499125,0.263527],[113.864121,22.499098,0.276027],[113.86413,22.499073,0.286027],[113.864132,22.499068,0.288527],[113.864137,22.499053,0.291027],[113.864146,22.499027,0.291027],[113.864152,22.499009,0.296027],[113.864161,22.498984,0.301027],[113.86417,22.498959,0.301027],[113.864179,22.498933,0.291027],[113.864188,22.498907,0.296027],[113.864189,22.498903,0.296027],[113.864195,22.498885,0.298527],[113.864204,22.498859,0.303527],[113.864208,22.498847,0.303527],[113.864214,22.498831,0.306027],[113.864223,22.498805,0.308527],[113.864228,22.498791,0.316027],[113.864233,22.498775,0.318527],[113.864242,22.49875,0.323527],[113.864247,22.498736,0.326027],[113.864256,22.49871,0.331027],[113.864265,22.498684,0.328527],[113.864266,22.49868,0.331027],[113.864275,22.498655,0.343527],[113.864284,22.498629,0.348527],[113.864285,22.498625,0.343527],[113.864294,22.498599,0.343527],[113.864303,22.498574,0.366027],[113.864306,22.498567,0.368527],[113.864315,22.498541,0.368527],[113.864324,22.498513,0.386027],[113.86433,22.498497,0.386027],[113.864339,22.498472,0.393527],[113.864343,22.498459,0.401027],[113.864352,22.498433,0.408527],[113.864361,22.498407,0.408527],[113.864363,22.498402,0.413527],[113.864372,22.498377,0.416027],[113.864381,22.498349,0.416027],[113.864391,22.498322,0.421027],[113.8644,22.498296,0.423527],[113.864401,22.498292,0.423527],[113.864407,22.498274,0.421027],[113.864416,22.498249,0.423527],[113.864421,22.498236,0.428527],[113.86443,22.49821,0.433527],[113.864438,22.498185,0.428527],[113.864439,22.498182,0.433527],[113.864448,22.498156,0.441027],[113.864457,22.498131,0.436027],[113.864459,22.498126,0.438527],[113.864468,22.4981,0.441027],[113.864477,22.498075,0.441027],[113.864486,22.498048,0.446027],[113.864494,22.498023,0.448527],[113.864497,22.498014,0.451027],[113.864507,22.497988,0.463527],[113.864516,22.497962,0.463527],[113.864517,22.497959,0.466027],[113.864526,22.497933,0.461027],[113.864535,22.497908,0.463527],[113.864535,22.497905,0.458527],[113.864544,22.497879,0.471027],[113.864553,22.497853,0.473527],[113.864555,22.497848,0.476027],[113.864564,22.497822,0.473527],[113.864574,22.497795,0.466027],[113.864583,22.497769,0.468527],[113.864591,22.497744,0.476027],[113.864594,22.497738,0.478527],[113.864602,22.497712,0.476027],[113.864611,22.497686,0.486027],[113.864613,22.497682,0.488527],[113.864622,22.497656,0.483527],[113.864631,22.49763,0.483527],[113.864633,22.497624,0.486027],[113.864642,22.497599,0.476027],[113.864651,22.497572,0.478527],[113.86466,22.497546,0.486027],[113.864669,22.497521,0.488527],[113.864671,22.497516,0.483527],[113.86468,22.49749,0.471027],[113.864689,22.497464,0.481027],[113.86469,22.497459,0.481027],[113.864699,22.497433,0.480019],[113.864708,22.497407,0.477519],[113.864714,22.497389,0.467519],[113.864723,22.497363,0.472519],[113.864728,22.497349,0.475019],[113.864737,22.497323,0.485019],[113.864746,22.497297,0.480019],[113.864747,22.497294,0.480019],[113.864756,22.497268,0.477519],[113.864765,22.497242,0.472519],[113.864767,22.497238,0.470019],[113.864773,22.497222,0.470019],[113.864782,22.497196,0.470019],[113.864786,22.497182,0.470019],[113.864795,22.497157,0.457519],[113.864804,22.497131,0.450019],[113.864805,22.497127,0.445019],[113.864814,22.497101,0.455019],[113.864823,22.497075,0.452519],[113.864825,22.497072,0.452519],[113.864834,22.497046,0.452519],[113.864842,22.49702,0.452519],[113.864844,22.497016,0.450019],[113.864853,22.496991,0.445019],[113.864862,22.496965,0.440019],[113.864863,22.496961,0.440019],[113.864872,22.496935,0.437519],[113.864881,22.496909,0.435019],[113.864882,22.496905,0.432519],[113.864891,22.496879,0.430019],[113.8649,22.496853,0.422519],[113.864902,22.49685,0.425019],[113.864911,22.496824,0.430019],[113.864919,22.496798,0.417519],[113.864921,22.496794,0.420019],[113.86493,22.496768,0.420019],[113.864939,22.49674,0.417519],[113.864948,22.496715,0.405019],[113.864957,22.496689,0.407519],[113.864959,22.496682,0.405019],[113.864968,22.496657,0.405019],[113.864977,22.496632,0.400019],[113.864978,22.496627,0.400019],[113.864987,22.496601,0.377519],[113.864996,22.496576,0.377519],[113.865,22.496564,0.372519],[113.865009,22.496538,0.357519],[113.865016,22.496517,0.350019],[113.865025,22.496491,0.335019],[113.865027,22.496486,0.332519],[113.865036,22.49646,0.322519],[113.865045,22.496435,0.312519],[113.865054,22.496407,0.312519],[113.865063,22.496381,0.302519],[113.865072,22.496356,0.300019],[113.865074,22.49635,0.302519],[113.86508,22.496332,0.295019],[113.865089,22.496306,0.287519],[113.865094,22.496294,0.287519],[113.865102,22.496269,0.290019],[113.865111,22.496243,0.285019],[113.865114,22.496233,0.285019],[113.865123,22.496207,0.277519],[113.865125,22.496202,0.277519],[113.865134,22.496177,0.275019],[113.865136,22.496171,0.277519],[113.865145,22.496145,0.275019],[113.86515,22.496129,0.275019],[113.865159,22.496103,0.265019],[113.865162,22.496094,0.265019],[113.865165,22.496086,0.267519]]},"properties":{"approx_heading":-72.14298566014118,"bidirection":0,"cross_slope":"0,0,0,0,0,0,0,0,0,0,0,0,0,0,0,0,0,0,0,0,0,0,0,0,0,0,0,0,0,0,0,0,0,0,0,0,0,0,0,0,0,0,0,0,0,0,0,0,0,0,0,0,0,0,0,0,0,0,0,0,0,0,0,0,0,0,0,0,0,0,0,0,0,0,0,0,0,0,0,0,0,0,0,0,0,0,0,0,0,0,0,0,0,0,0,0,0,0,0,0,0,0,0,0,0,0,0,0,0,0,0,0,0,0,0,0,0,0,0,0,0,0,0,0,0,0,0,0,0,0,0,0,0,0,0,0,0,0,0,0,0,0,0,0,0,0,0,0,0,0,0,0,0,0,0,0,0,0,0,0,0,0,0,0,0","info":"92","lane_area_type":21,"lane_type":1,"left_border_id":137438953777,"left_edge_dist":"13.11,13.11,13.1,13.1,13.1,13.09,13.07,13.07,13.07,13.08,13.07,13.07,13.07,13.08,13.07,13.06,13.06,13.06,13.07,13.07,13.08,13.08,13.08,13.08,13.08,13.07,13.07,13.08,13.08,13.08,13.07,13.06,13.06,13.06,13.07,13.07,13.06,13.06,13.05,13.06,13.06,13.08,13.07,13.07,13.06,13.04,13.04,13.04,13.06,13.05,13.04,13.04,13.04,13.05,13.05,13.05,13.05,13.05,13.05,13.06,13.06,13.05,13.04,13.05,13.07,13.07,13.06,13.05,13.05,13.05,13.05,13.05,13.06,13.07,13.07,13.05,13.03,13.03,13.04,13.04,13.04,13.04,13.04,13.04,13.04,13.04,13.04,13.03,13.03,13.03,13.03,13.03,13.03,13.03,13.03,13.03,13.04,13.03,13.02,13.03,13.04,13.04,13.03,13.02,13.01,13.03,13.03,13.03,13.02,13.02,13.02,13.02,13.02,13.02,13.02,13.02,13.02,13.02,13.02,13.02,13.02,13.02,13.02,13.02,13.02,13.02,13.02,13.02,13.02,13.03,13.04,13.05,13.06,13.06,13.06,13.06,13.06,13.07,13.07,13.08,13.09,13.07,13.09,13.09,13.07,13.09,13.07,13.08,13.09,13.09,13.1,13.09,13.08,13.09,13.1,13.1,13.12,13.12,13.12,13.12,13.13,13.12,13.13,13.14,13.13","left_neighbor_id":137438953586,"left_neighbor_type":0,"left_opposite_neighbor_id":0,"marker_ids":"","next_ids":"137438953730","overlap":"[{\"element_id\":137439697939,\"priority\":0,\"s_end\":291.49755859375,\"s_start\":0.0,\"type\":4}]","preference":50,"preferred_speed":20,"previous_ids":"137439774162","priority":0,"right_border_id":137438953761,"right_edge_dist":"5.14,5.14,5.15,5.15,5.16,5.17,5.18,5.18,5.18,5.18,5.18,5.18,5.18,5.17,5.18,5.19,5.19,5.19,5.18,5.18,5.17,5.17,5.17,5.17,5.17,5.18,5.18,5.17,5.17,5.17,5.18,5.19,5.19,5.19,5.18,5.18,5.19,5.19,5.18,5.18,5.17,5.17,5.18,5.18,5.19,5.21,5.21,5.21,5.19,5.2,5.21,5.21,5.2,5.2,5.2,5.2,5.2,5.19,5.19,5.17,5.18,5.19,5.2,5.19,5.18,5.18,5.19,5.2,5.2,5.2,5.2,5.2,5.19,5.18,5.17,5.19,5.19,5.19,5.2,5.2,5.21,5.21,5.21,5.2,5.2,5.2,5.21,5.21,5.21,5.2,5.2,5.21,5.2,5.18,5.2,5.19,5.19,5.2,5.21,5.2,5.19,5.19,5.2,5.22,5.22,5.21,5.21,5.21,5.21,5.21,5.19,5.19,5.19,5.19,5.18,5.2,5.21,5.21,5.2,5.2,5.2,5.2,5.2,5.2,5.21,5.21,5.2,5.2,5.2,5.19,5.18,5.17,5.16,5.16,5.16,5.16,5.16,5.15,5.15,5.15,5.14,5.15,5.14,5.14,5.16,5.15,5.16,5.16,5.16,5.15,5.14,5.16,5.17,5.16,5.15,5.15,5.14,5.13,5.13,5.13,5.13,5.14,5.13,5.13,5.13","right_neighbor_id":137438953554,"right_neighbor_type":0,"road_edge_dist":"85918210,85918210,85852675,85852675,85852676,85787141,85656070,85656070,85656070,85721606,85656070,85656070,85656070,85721605,85656070,85590535,85590535,85590535,85656070,85656070,85721605,85721605,85721605,85721605,85721605,85656070,85656070,85721605,85721605,85721605,85656070,85590535,85590535,85590535,85656070,85656070,85590535,85590535,85524998,85590534,85590533,85721605,85656070,85656070,85590535,85459465,85459465,85459465,85590535,85525000,85459465,85459465,85459464,85525000,85525000,85525000,85525000,85524999,85524999,85590533,85590534,85524999,85459464,85524999,85656070,85656070,85590535,85525000,85525000,85525000,85525000,85525000,85590535,85656070,85656069,85524999,85393927,85393927,85459464,85459464,85459465,85459465,85459465,85459464,85459464,85459464,85459465,85393929,85393929,85393928,85393928,85393929,85393928,85393926,85393928,85393927,85459463,85393928,85328393,85393928,85459463,85459463,85393928,85328394,85262858,85393929,85393929,85393929,85328393,85328393,85328391,85328391,85328391,85328391,85328390,85328392,85328393,85328393,85328392,85328392,85328392,85328392,85328392,85328392,85328393,85328393,85328392,85328392,85328392,85393927,85459462,85524997,85590532,85590532,85590532,85590532,85590532,85656067,85656067,85721603,85787138,85656067,85787138,85787138,85656068,85787139,85656068,85721604,85787140,85787139,85852674,85787140,85721605,85787140,85852675,85852675,85983746,85983745,85983745,85983745,86049281,85983746,86049281,86114817,86049281","slope":"0,0,0,0,0,0,0,0,0,0,0,0,0,0,0,0,0,0,0,0,0,0,0,0,0,0,0,0,0,0,0,0,0,0,0,0,0,0,0,0,0,0,0,0,0,0,0,0,0,0,0,0,0,0,0,0,0,0,0,0,0,0,0,0,0,0,0,0,0,0,0,0,0,0,0,0,0,0,0,0,0,0,0,0,0,0,0,0,0,0,0,0,0,0,0,0,0,0,0,0,0,0,0,0,0,0,0,0,0,0,0,0,0,0,0,0,0,0,0,0,0,0,0,0,0,0,0,0,0,0,0,0,0,0,0,0,0,0,0,0,0,0,0,0,0,0,0,0,0,0,0,0,0,0,0,0,0,0,0,0,0,0,0,0,0","speed_limit":20,"stopline_id":0,"total_length":375.26371088333303,"turn_type":0,"uid":137438953570}},{"type":"Feature","geometry":{"type":"LineString","coordinates":[[113.864084,22.499323,0.283527],[113.86409,22.499305,0.273527],[113.864099,22.499279,0.258527],[113.864108,22.499253,0.258527],[113.864117,22.499228,0.258527],[113.864119,22.49922,0.258527],[113.864128,22.499195,0.258527],[113.86413,22.499191,0.256027],[113.864135,22.499176,0.271027],[113.864144,22.49915,0.266027],[113.864153,22.499124,0.263527],[113.864154,22.49912,0.266027],[113.864163,22.499095,0.271027],[113.864169,22.49908,0.276027],[113.864174,22.499063,0.291027],[113.864183,22.499038,0.298527],[113.864188,22.499025,0.306027],[113.864196,22.498999,0.308527],[113.864205,22.498973,0.306027],[113.864207,22.498969,0.306027],[113.864215,22.498945,0.301027],[113.864224,22.498919,0.298527],[113.864226,22.498914,0.293527],[113.864232,22.498896,0.298527],[113.864241,22.498871,0.311027],[113.864245,22.498859,0.311027],[113.864251,22.498841,0.313527],[113.86426,22.498816,0.316027],[113.864265,22.498803,0.316027],[113.864271,22.498786,0.321027],[113.86428,22.49876,0.323527],[113.864284,22.498747,0.326027],[113.86429,22.498731,0.328527],[113.864298,22.498705,0.331027],[113.864303,22.498691,0.331027],[113.864309,22.498675,0.333527],[113.864318,22.49865,0.343527],[113.864322,22.498637,0.341027],[113.864332,22.49861,0.353527],[113.864341,22.498584,0.361027],[113.864342,22.498581,0.363527],[113.864348,22.498565,0.368527],[113.864356,22.498539,0.378527],[113.864361,22.498524,0.383527],[113.864367,22.498508,0.388527],[113.864376,22.498482,0.398527],[113.864386,22.498454,0.406027],[113.864395,22.498429,0.413527],[113.8644,22.498414,0.418527],[113.864409,22.498387,0.421027],[113.864418,22.498362,0.421027],[113.864419,22.498358,0.421027],[113.864424,22.498343,0.423527],[113.864433,22.498317,0.423527],[113.864438,22.498302,0.426027],[113.864444,22.498286,0.426027],[113.864453,22.49826,0.428527],[113.864457,22.498247,0.433527],[113.864466,22.498222,0.436027],[113.864476,22.498194,0.448527],[113.864485,22.498168,0.451027],[113.864494,22.498142,0.453527],[113.864503,22.498117,0.456027],[113.864512,22.498091,0.458527],[113.864515,22.498081,0.461027],[113.864524,22.498056,0.461027],[113.864533,22.49803,0.471027],[113.864535,22.498025,0.471027],[113.864544,22.497999,0.476027],[113.864552,22.497973,0.476027],[113.864553,22.497971,0.476027],[113.864562,22.497945,0.476027],[113.864571,22.497919,0.478527],[113.864573,22.497915,0.478527],[113.864582,22.497889,0.483527],[113.864591,22.497863,0.488527],[113.864592,22.497859,0.486027],[113.864601,22.497833,0.491027],[113.86461,22.497807,0.491027],[113.864619,22.497781,0.493527],[113.864628,22.497755,0.491027],[113.864631,22.497748,0.488527],[113.86464,22.497722,0.498527],[113.864649,22.497696,0.503527],[113.86465,22.497693,0.506027],[113.864659,22.497667,0.503527],[113.864668,22.497641,0.501027],[113.864669,22.497637,0.501027],[113.864678,22.497612,0.501027],[113.864687,22.497586,0.496027],[113.864688,22.497583,0.498527],[113.864697,22.497557,0.503527],[113.864706,22.497531,0.506027],[113.864708,22.497527,0.503527],[113.864716,22.497501,0.503527],[113.864725,22.497475,0.501027],[113.864727,22.49747,0.501027],[113.864736,22.497444,0.497519],[113.864745,22.497418,0.495019],[113.864753,22.497395,0.495019],[113.864762,22.497369,0.502519],[113.864765,22.49736,0.507519],[113.864774,22.497334,0.502519],[113.864783,22.497308,0.497519],[113.864784,22.497305,0.497519],[113.864794,22.497279,0.482519],[113.864803,22.497253,0.482519],[113.864804,22.497249,0.482519],[113.864813,22.497223,0.482519],[113.864822,22.497197,0.485019],[113.864823,22.497194,0.485019],[113.864832,22.497168,0.480019],[113.864841,22.497142,0.467519],[113.864843,22.497137,0.465019],[113.864852,22.497112,0.470019],[113.86486,22.497086,0.472519],[113.864861,22.497083,0.472519],[113.864871,22.497056,0.477519],[113.86488,22.497031,0.475019],[113.864881,22.497027,0.470019],[113.86489,22.497001,0.465019],[113.864899,22.496975,0.457519],[113.8649,22.496972,0.465019],[113.864909,22.496946,0.455019],[113.864918,22.49692,0.447519],[113.86492,22.496916,0.445019],[113.864928,22.49689,0.445019],[113.864937,22.496864,0.442519],[113.864939,22.49686,0.447519],[113.864948,22.496835,0.450019],[113.864956,22.496809,0.440933],[113.864957,22.496806,0.440019],[113.864966,22.496781,0.432519],[113.864975,22.496755,0.430019],[113.864977,22.496751,0.425019],[113.864985,22.496725,0.425019],[113.864994,22.4967,0.425019],[113.864996,22.496695,0.425019],[113.865005,22.496669,0.422519],[113.865014,22.496643,0.412519],[113.865016,22.496638,0.412519],[113.865025,22.496612,0.397519],[113.865034,22.496586,0.392519],[113.865037,22.496576,0.395019],[113.865046,22.496549,0.375019],[113.865054,22.496527,0.367519],[113.865063,22.496502,0.355019],[113.865064,22.496498,0.352519],[113.865073,22.496473,0.337519],[113.865082,22.496447,0.330019],[113.865091,22.496421,0.332519],[113.865092,22.496417,0.330019],[113.865101,22.496392,0.325019],[113.86511,22.496365,0.322519],[113.865112,22.49636,0.320019],[113.865117,22.496343,0.315019],[113.865126,22.496317,0.305019],[113.865131,22.496305,0.305019],[113.865139,22.496279,0.305019],[113.865148,22.496253,0.302519],[113.865152,22.496242,0.297519],[113.865162,22.496214,0.287519],[113.865171,22.496188,0.287519],[113.865173,22.496183,0.287519],[113.865182,22.496157,0.285019],[113.86519,22.496131,0.270019],[113.865199,22.496105,0.275019],[113.865202,22.496098,0.280019]]},"properties":{"approx_heading":-72.14170015356646,"bidirection":0,"cross_slope":"0,0,0,0,0,0,0,0,0,0,0,0,0,0,0,0,0,0,0,0,0,0,0,0,0,0,0,0,0,0,0,0,0,0,0,0,0,0,0,0,0,0,0,0,0,0,0,0,0,0,0,0,0,0,0,0,0,0,0,0,0,0,0,0,0,0,0,0,0,0,0,0,0,0,0,0,0,0,0,0,0,0,0,0,0,0,0,0,0,0,0,0,0,0,0,0,0,0,0,0,0,0,0,0,0,0,0,0,0,0,0,0,0,0,0,0,0,0,0,0,0,0,0,0,0,0,0,0,0,0,0,0,0,0,0,0,0,0,0,0,0,0,0,0,0,0,0,0,0,0,0,0,0,0,0,0,0,0,0,0,0,0,0,0,0,0,0,0","info":"93","lane_area_type":21,"lane_type":1,"left_border_id":137438953809,"left_edge_dist":"9.12,9.12,9.12,9.12,9.12,9.1,9.07,9.07,9.08,9.09,9.09,9.1,9.08,9.07,9.08,9.08,9.08,9.07,9.07,9.07,9.07,9.08,9.08,9.09,9.09,9.09,9.08,9.07,9.07,9.06,9.06,9.06,9.06,9.06,9.06,9.07,9.06,9.06,9.05,9.05,9.05,9.05,9.05,9.06,9.05,9.05,9.06,9.05,9.04,9.05,9.06,9.06,9.05,9.05,9.06,9.05,9.05,9.06,9.06,9.06,9.06,9.06,9.06,9.06,9.06,9.07,9.07,9.06,9.06,9.06,9.06,9.06,9.06,9.07,9.06,9.06,9.06,9.05,9.05,9.05,9.04,9.04,9.05,9.06,9.06,9.05,9.04,9.04,9.03,9.02,9.02,9.02,9.03,9.03,9.03,9.03,9.03,9.04,9.06,9.07,9.06,9.05,9.04,9.03,9.03,9.03,9.03,9.03,9.05,9.04,9.04,9.04,9.03,9.03,9.03,9.02,9.02,9.03,9.03,9.03,9.02,9.02,9.02,9.02,9.01,9.01,9.02,9.03,9.03,9.03,9.03,9.03,9.03,9.03,9.03,9.03,9.03,9.04,9.03,9.02,9.02,9.03,9.04,9.05,9.06,9.06,9.06,9.06,9.05,9.05,9.05,9.05,9.06,9.08,9.08,9.1,9.09,9.09,9.09,9.09,9.09,9.11,9.11,9.11,9.12,9.12,9.13,9.13","left_neighbor_id":137438953602,"left_neighbor_type":0,"left_opposite_neighbor_id":0,"marker_ids":"","next_ids":"137438953746","overlap":"[{\"element_id\":137439697939,\"priority\":0,\"s_end\":301.6125183105469,\"s_start\":0.0,\"type\":4}]","preference":50,"preferred_speed":20,"previous_ids":"137439774194","priority":0,"right_border_id":137438953793,"right_edge_dist":"9.14,9.13,9.13,9.13,9.13,9.15,9.18,9.18,9.17,9.16,9.16,9.16,9.17,9.18,9.17,9.17,9.18,9.18,9.18,9.18,9.18,9.18,9.18,9.16,9.16,9.17,9.17,9.18,9.18,9.19,9.18,9.19,9.18,9.16,9.19,9.18,9.19,9.18,9.18,9.19,9.18,9.2,9.2,9.17,9.2,9.19,9.19,9.2,9.21,9.2,9.19,9.19,9.2,9.17,9.19,9.2,9.2,9.19,9.19,9.18,9.19,9.17,9.18,9.19,9.19,9.18,9.18,9.19,9.19,9.19,9.19,9.18,9.18,9.18,9.19,9.19,9.19,9.19,9.17,9.18,9.19,9.2,9.19,9.19,9.18,9.19,9.2,9.2,9.21,9.22,9.22,9.21,9.21,9.2,9.2,9.2,9.18,9.19,9.16,9.14,9.16,9.19,9.18,9.21,9.21,9.21,9.21,9.2,9.19,9.19,9.19,9.19,9.2,9.17,9.18,9.18,9.18,9.17,9.19,9.2,9.2,9.21,9.21,9.21,9.21,9.21,9.2,9.19,9.19,9.19,9.2,9.2,9.2,9.2,9.18,9.19,9.19,9.19,9.19,9.2,9.2,9.19,9.18,9.18,9.17,9.17,9.17,9.17,9.18,9.19,9.19,9.19,9.18,9.16,9.16,9.14,9.15,9.16,9.16,9.16,9.16,9.14,9.14,9.14,9.14,9.14,9.14,9.13","right_neighbor_id":137438953570,"right_neighbor_type":0,"road_edge_dist":"59769746,59769745,59769745,59769745,59769745,59638675,59442070,59442070,59507605,59573140,59573140,59638676,59507605,59442070,59507605,59507605,59507606,59442070,59442070,59442070,59442070,59507606,59507606,59573140,59573140,59573141,59507605,59442070,59442070,59376535,59376534,59376535,59376534,59376532,59376535,59442070,59376535,59376534,59310998,59310999,59310998,59311000,59311000,59376533,59311000,59310999,59376535,59311000,59245465,59311000,59376535,59376535,59311000,59310997,59376535,59311000,59311000,59376535,59376535,59376534,59376535,59376533,59376534,59376535,59376535,59442070,59442070,59376535,59376535,59376535,59376535,59376534,59376534,59442070,59376535,59376535,59376535,59310999,59310997,59310998,59245463,59245464,59310999,59376535,59376534,59310999,59245464,59245464,59179929,59114394,59114394,59114393,59179929,59179928,59179928,59179928,59179926,59245463,59376532,59442066,59376532,59310999,59245462,59179929,59179929,59179929,59179929,59179928,59310999,59245463,59245463,59245463,59179928,59179925,59179926,59114390,59114390,59179925,59179927,59179928,59114392,59114393,59114393,59114393,59048857,59048857,59114392,59179927,59179927,59179927,59179928,59179928,59179928,59179928,59179926,59179927,59179927,59245463,59179927,59114392,59114392,59179927,59245462,59310998,59376533,59376533,59376533,59376533,59310998,59310999,59310999,59310999,59376534,59507604,59507604,59638674,59573139,59573140,59573140,59573140,59573140,59704210,59704210,59704210,59769746,59769746,59835282,59835281","slope":"0,0,0,0,0,0,0,0,0,0,0,0,0,0,0,0,0,0,0,0,0,0,0,0,0,0,0,0,0,0,0,0,0,0,0,0,0,0,0,0,0,0,0,0,0,0,0,0,0,0,0,0,0,0,0,0,0,0,0,0,0,0,0,0,0,0,0,0,0,0,0,0,0,0,0,0,0,0,0,0,0,0,0,0,0,0,0,0,0,0,0,0,0,0,0,0,0,0,0,0,0,0,0,0,0,0,0,0,0,0,0,0,0,0,0,0,0,0,0,0,0,0,0,0,0,0,0,0,0,0,0,0,0,0,0,0,0,0,0,0,0,0,0,0,0,0,0,0,0,0,0,0,0,0,0,0,0,0,0,0,0,0,0,0,0,0,0,0","speed_limit":20,"stopline_id":0,"total_length":375.22901744578996,"turn_type":0,"uid":137438953586}},{"type":"Feature","geometry":{"type":"LineString","coordinates":[[113.86412,22.499334,0.226027],[113.864127,22.499315,0.226027],[113.864136,22.49929,0.223527],[113.864145,22.499264,0.226027],[113.864153,22.499239,0.218527],[113.864155,22.499235,0.223527],[113.864165,22.499208,0.221027],[113.864166,22.499203,0.228527],[113.864172,22.499188,0.233527],[113.864181,22.499162,0.226027],[113.864189,22.499139,0.228527],[113.864198,22.499113,0.228527],[113.864207,22.499087,0.241027],[113.864208,22.499082,0.243527],[113.864217,22.499057,0.248527],[113.864224,22.499036,0.256027],[113.864233,22.49901,0.263527],[113.864242,22.498984,0.261027],[113.864244,22.498979,0.261027],[113.864253,22.498953,0.256027],[113.864262,22.498927,0.258527],[113.864263,22.498925,0.258527],[113.864272,22.498899,0.263527],[113.864281,22.498873,0.263527],[113.864285,22.498861,0.271027],[113.864294,22.498836,0.278527],[113.864303,22.49881,0.278527],[113.864304,22.498807,0.278527],[113.864313,22.498781,0.283527],[113.864322,22.498755,0.276027],[113.864325,22.498747,0.281027],[113.864334,22.498722,0.293527],[113.864342,22.498698,0.291027],[113.864351,22.498671,0.293527],[113.864361,22.498645,0.301027],[113.86437,22.498618,0.321027],[113.864379,22.498593,0.331027],[113.86438,22.498587,0.328527],[113.864389,22.498562,0.343527],[113.864398,22.498536,0.346027],[113.864407,22.49851,0.353527],[113.864416,22.498484,0.358527],[113.86442,22.498474,0.358527],[113.864429,22.498448,0.368527],[113.864438,22.498422,0.368527],[113.864441,22.498414,0.368527],[113.86445,22.498387,0.388527],[113.864458,22.498364,0.386027],[113.864467,22.498338,0.393527],[113.864476,22.498313,0.401027],[113.864477,22.498309,0.403527],[113.864486,22.498283,0.403527],[113.864495,22.498258,0.403527],[113.864504,22.498232,0.403527],[113.864513,22.498204,0.413527],[113.864522,22.498179,0.413527],[113.864531,22.498153,0.421027],[113.864534,22.498145,0.428527],[113.864543,22.498119,0.431027],[113.864552,22.498093,0.431027],[113.864554,22.498086,0.433527],[113.864563,22.49806,0.438527],[113.864566,22.498051,0.443527],[113.864575,22.498026,0.446027],[113.864584,22.498,0.446027],[113.86459,22.497982,0.443527],[113.864599,22.497956,0.446027],[113.864608,22.49793,0.448527],[113.86461,22.497926,0.446027],[113.864619,22.4979,0.458527],[113.864628,22.497874,0.451027],[113.864629,22.49787,0.451027],[113.864638,22.497844,0.456027],[113.864648,22.497817,0.456027],[113.864657,22.497791,0.451027],[113.864665,22.497765,0.451027],[113.864667,22.497759,0.453527],[113.864677,22.497733,0.463527],[113.864686,22.497707,0.463527],[113.864687,22.497704,0.463527],[113.864696,22.497678,0.458527],[113.864705,22.497652,0.458527],[113.864707,22.497645,0.456027],[113.864716,22.497619,0.456027],[113.864725,22.497593,0.463527],[113.864727,22.497586,0.466027],[113.864736,22.497561,0.468527],[113.864745,22.497535,0.476027],[113.864754,22.497509,0.468527],[113.864763,22.497483,0.466027],[113.864773,22.497456,0.468527],[113.864782,22.497431,0.467519],[113.864782,22.497428,0.462519],[113.864792,22.497402,0.467519],[113.864795,22.497392,0.467519],[113.864804,22.497366,0.470019],[113.864813,22.49734,0.452519],[113.864822,22.497314,0.457519],[113.864825,22.497306,0.450019],[113.864834,22.49728,0.450019],[113.864842,22.497255,0.450019],[113.864843,22.497252,0.450019],[113.864852,22.497226,0.462519],[113.864861,22.497203,0.457519],[113.864869,22.497178,0.452519],[113.864878,22.497152,0.450019],[113.86488,22.497149,0.440019],[113.864888,22.497123,0.440019],[113.864898,22.497095,0.445019],[113.864907,22.497068,0.445019],[113.864916,22.497042,0.447519],[113.864918,22.497038,0.447519],[113.864927,22.497013,0.435019],[113.864936,22.496987,0.440019],[113.864937,22.496982,0.435019],[113.864946,22.496958,0.437519],[113.864955,22.496932,0.427519],[113.864956,22.496927,0.427519],[113.864965,22.496901,0.422519],[113.864974,22.496875,0.422519],[113.864975,22.496872,0.425019],[113.864984,22.496846,0.422519],[113.864993,22.496821,0.413534],[113.864994,22.496818,0.412519],[113.865003,22.496792,0.410019],[113.865012,22.496765,0.405019],[113.865021,22.496739,0.397519],[113.86503,22.496713,0.395019],[113.865033,22.496706,0.392519],[113.865042,22.49668,0.387519],[113.865051,22.496654,0.367519],[113.865052,22.496652,0.367519],[113.865061,22.496625,0.357519],[113.86507,22.496599,0.352519],[113.865071,22.496594,0.347519],[113.86508,22.496569,0.350019],[113.86509,22.496541,0.340019],[113.865099,22.496515,0.335019],[113.865108,22.49649,0.322519],[113.865117,22.496463,0.317519],[113.865126,22.496437,0.320019],[113.865129,22.496429,0.310019],[113.865137,22.496403,0.300019],[113.865145,22.49638,0.295019],[113.865154,22.496353,0.285019],[113.865163,22.496328,0.272519],[113.865172,22.496303,0.272519],[113.865181,22.496277,0.265019],[113.865189,22.496254,0.267519],[113.865198,22.496228,0.267519],[113.865207,22.496201,0.260019],[113.865216,22.496175,0.252519],[113.865218,22.496168,0.252519],[113.865227,22.496142,0.250019],[113.865236,22.496116,0.247519],[113.865239,22.496109,0.245019]]},"properties":{"approx_heading":-72.14036598861027,"bidirection":0,"cross_slope":"0,0,0,0,0,0,0,0,0,0,0,0,0,0,0,0,0,0,0,0,0,0,0,0,0,0,0,0,0,0,0,0,0,0,0,0,0,0,0,0,0,0,0,0,0,0,0,0,0,0,0,0,0,0,0,0,0,0,0,0,0,0,0,0,0,0,0,0,0,0,0,0,0,0,0,0,0,0,0,0,0,0,0,0,0,0,0,0,0,0,0,0,0,0,0,0,0,0,0,0,0,0,0,0,0,0,0,0,0,0,0,0,0,0,0,0,0,0,0,0,0,0,0,0,0,0,0,0,0,0,0,0,0,0,0,0,0,0,0,0,0,0,0,0,0,0,0,0,0,0,0,0,0,0,0,0","info":"94","lane_area_type":21,"lane_type":1,"left_border_id":137438953841,"left_edge_dist":"5.14,5.14,5.15,5.15,5.15,5.1,5.09,5.1,5.1,5.1,5.09,5.09,5.09,5.09,5.09,5.08,5.08,5.07,5.07,5.06,5.06,5.06,5.06,5.07,5.07,5.07,5.07,5.07,5.06,5.06,5.06,5.05,5.05,5.04,5.04,5.05,5.06,5.06,5.05,5.05,5.04,5.05,5.05,5.05,5.04,5.04,5.05,5.06,5.05,5.04,5.04,5.05,5.06,5.06,5.06,5.06,5.06,5.06,5.07,5.07,5.08,5.09,5.1,5.07,5.06,5.06,5.05,5.05,5.05,5.05,5.06,5.06,5.06,5.06,5.06,5.06,5.06,5.06,5.06,5.06,5.06,5.05,5.05,5.07,5.08,5.09,5.09,5.09,5.06,5.05,5.05,5.06,5.06,5.05,5.05,5.05,5.05,5.05,5.04,5.06,5.08,5.08,5.08,5.03,5.02,5.02,5.02,5.03,5.04,5.04,5.04,5.04,5.04,5.03,5.03,5.03,5.02,5.02,5.03,5.04,5.05,5.04,5.04,5.03,5.05,5.06,5.05,5.04,5.03,5.03,5.02,5.02,5.04,5.05,5.05,5.05,5.06,5.06,5.06,5.07,5.08,5.08,5.09,5.1,5.1,5.12,5.12,5.12,5.09,5.1,5.11,5.13,5.14,5.14,5.15,5.15","left_neighbor_id":137438953618,"left_neighbor_type":0,"left_opposite_neighbor_id":0,"marker_ids":"","next_ids":"137438953762","overlap":"[{\"element_id\":137439697939,\"priority\":0,\"s_end\":279.527099609375,\"s_start\":0.0,\"type\":4}]","preference":50,"preferred_speed":20,"previous_ids":"137439774146","priority":0,"right_border_id":137438953825,"right_edge_dist":"13.11,13.11,13.11,13.1,13.1,13.15,13.16,13.16,13.16,13.16,13.16,13.16,13.16,13.16,13.17,13.17,13.17,13.18,13.17,13.19,13.19,13.2,13.18,13.18,13.18,13.18,13.18,13.18,13.19,13.19,13.18,13.17,13.19,13.21,13.16,13.16,13.18,13.17,13.18,13.18,13.19,13.2,13.2,13.2,13.2,13.21,13.2,13.19,13.19,13.21,13.19,13.2,13.19,13.18,13.18,13.19,13.17,13.19,13.18,13.17,13.17,13.15,13.14,13.17,13.18,13.19,13.2,13.2,13.2,13.19,13.19,13.18,13.19,13.16,13.16,13.17,13.18,13.18,13.18,13.19,13.19,13.19,13.19,13.17,13.15,13.1,13.12,13.13,13.14,13.16,13.19,13.17,13.17,13.16,13.19,13.18,13.19,13.19,13.18,13.16,13.14,13.13,13.13,13.2,13.18,13.2,13.18,13.18,13.17,13.15,13.17,13.18,13.18,13.18,13.19,13.2,13.2,13.2,13.19,13.18,13.18,13.18,13.19,13.19,13.18,13.16,13.17,13.18,13.19,13.19,13.2,13.2,13.18,13.17,13.17,13.17,13.17,13.17,13.17,13.16,13.15,13.15,13.15,13.14,13.14,13.12,13.13,13.13,13.16,13.16,13.15,13.13,13.12,13.12,13.12,13.12","right_neighbor_id":137438953586,"right_neighbor_type":0,"road_edge_dist":"33686815,33686815,33752351,33752350,33752350,33424675,33359140,33424676,33424676,33424676,33359140,33359140,33359140,33359140,33359141,33293605,33293605,33228070,33228069,33162535,33162535,33162536,33162534,33228070,33228070,33228070,33228070,33228070,33162535,33162535,33162534,33096997,33096999,33031465,33031460,33096996,33162534,33162533,33096998,33096998,33031463,33097000,33097000,33097000,33031464,33031465,33097000,33162535,33096999,33031465,33031463,33097000,33162535,33162534,33162534,33162535,33162533,33162535,33228070,33228069,33293605,33359139,33424674,33228069,33162534,33162535,33097000,33097000,33097000,33096999,33162535,33162534,33162535,33162532,33162532,33162533,33162534,33162534,33162534,33162535,33162535,33096999,33096999,33228069,33293603,33359134,33359136,33359137,33162530,33096996,33096999,33162533,33162533,33096996,33096999,33096998,33096999,33096999,33031462,33162532,33293602,33293601,33293601,32965928,32900390,32900392,32900390,32965926,33031461,33031459,33031461,33031462,33031462,32965926,32965927,32965928,32900392,32900392,32965927,33031462,33096998,33031462,33031463,32965927,33096998,33162532,33096997,33031462,32965927,32965927,32900392,32900392,33031462,33096997,33096997,33096997,33162533,33162533,33162533,33228068,33293603,33293603,33359139,33424674,33424674,33555744,33555745,33555745,33359140,33424676,33490211,33621281,33686816,33686816,33752352,33752352","slope":"0,0,0,0,0,0,0,0,0,0,0,0,0,0,0,0,0,0,0,0,0,0,0,0,0,0,0,0,0,0,0,0,0,0,0,0,0,0,0,0,0,0,0,0,0,0,0,0,0,0,0,0,0,0,0,0,0,0,0,0,0,0,0,0,0,0,0,0,0,0,0,0,0,0,0,0,0,0,0,0,0,0,0,0,0,0,0,0,0,0,0,0,0,0,0,0,0,0,0,0,0,0,0,0,0,0,0,0,0,0,0,0,0,0,0,0,0,0,0,0,0,0,0,0,0,0,0,0,0,0,0,0,0,0,0,0,0,0,0,0,0,0,0,0,0,0,0,0,0,0,0,0,0,0,0,0","speed_limit":20,"stopline_id":0,"total_length":375.18666375072496,"turn_type":0,"uid":137438953602}},{"type":"Feature","geometry":{"type":"LineString","coordinates":[[113.864152,22.499343,0.161027],[113.864159,22.499325,0.171027],[113.864168,22.499299,0.171027],[113.864176,22.499274,0.181027],[113.864185,22.499249,0.171027],[113.864194,22.499224,0.171027],[113.864197,22.499215,0.171027],[113.864199,22.49921,0.181027],[113.864207,22.499185,0.176027],[113.864216,22.499159,0.176027],[113.864222,22.499144,0.196027],[113.864231,22.499118,0.191027],[113.86424,22.499092,0.201027],[113.864249,22.499067,0.196027],[113.864258,22.499041,0.201027],[113.864267,22.499014,0.201027],[113.864275,22.498989,0.196027],[113.864284,22.498963,0.211027],[113.864293,22.498937,0.206027],[113.864302,22.498911,0.201027],[113.864311,22.498885,0.201027],[113.864316,22.498872,0.206027],[113.864325,22.498847,0.216027],[113.864334,22.498821,0.216027],[113.864336,22.498816,0.221027],[113.864345,22.49879,0.211027],[113.864354,22.498764,0.226027],[113.864356,22.498758,0.231027],[113.864365,22.498732,0.231027],[113.864374,22.498707,0.236027],[113.864383,22.498681,0.231027],[113.864392,22.498653,0.226027],[113.864401,22.498628,0.261027],[113.86441,22.498602,0.271027],[113.864414,22.49859,0.271027],[113.864423,22.498564,0.281027],[113.864432,22.498538,0.291027],[113.864434,22.498533,0.281027],[113.864443,22.498507,0.286027],[113.864452,22.498481,0.291027],[113.864454,22.498475,0.306027],[113.864463,22.49845,0.316027],[113.864472,22.498422,0.326027],[113.864481,22.498396,0.326027],[113.864489,22.498372,0.336027],[113.864499,22.498346,0.336027],[113.864508,22.49832,0.341027],[113.864517,22.498294,0.336027],[113.864526,22.498268,0.336027],[113.864527,22.498264,0.336027],[113.864536,22.498238,0.341027],[113.864545,22.498213,0.336027],[113.864554,22.498187,0.371027],[113.864563,22.498161,0.376027],[113.864566,22.498152,0.356027],[113.864575,22.498127,0.381027],[113.864584,22.498101,0.391027],[113.864589,22.498086,0.386027],[113.864598,22.49806,0.396027],[113.864605,22.498039,0.386027],[113.864614,22.498013,0.386027],[113.864623,22.497987,0.386027],[113.864625,22.497983,0.391027],[113.864633,22.497958,0.386027],[113.864641,22.497934,0.396027],[113.86465,22.497909,0.406027],[113.86466,22.497883,0.411027],[113.864661,22.49788,0.406027],[113.86467,22.497854,0.416027],[113.864678,22.497828,0.406027],[113.864687,22.497802,0.406027],[113.864696,22.497777,0.421027],[113.864701,22.497763,0.416027],[113.86471,22.497737,0.411027],[113.864718,22.497712,0.411027],[113.864723,22.497699,0.416027],[113.864732,22.497674,0.421027],[113.864738,22.497656,0.426027],[113.864747,22.497631,0.431027],[113.864756,22.497604,0.436027],[113.864765,22.497578,0.456027],[113.864774,22.497552,0.451027],[113.864777,22.497545,0.451027],[113.864786,22.497519,0.456027],[113.864795,22.497493,0.451027],[113.864804,22.497468,0.456027],[113.864813,22.497442,0.450019],[113.864822,22.497416,0.450019],[113.86483,22.49739,0.440019],[113.864834,22.49738,0.435019],[113.864843,22.497354,0.425019],[113.864852,22.497328,0.415019],[113.864857,22.497313,0.405019],[113.864866,22.497287,0.410019],[113.864875,22.497261,0.410019],[113.864884,22.497235,0.410019],[113.864893,22.49721,0.425019],[113.864902,22.497184,0.420019],[113.864911,22.497158,0.400019],[113.86492,22.497132,0.380019],[113.864929,22.497107,0.410019],[113.86493,22.497102,0.410019],[113.864939,22.497076,0.405019],[113.864948,22.49705,0.400019],[113.864949,22.497048,0.400019],[113.864958,22.497022,0.395019],[113.864967,22.496996,0.415019],[113.864969,22.496991,0.405019],[113.864978,22.496965,0.390019],[113.864987,22.496939,0.365019],[113.864991,22.496926,0.375019],[113.865,22.496901,0.370019],[113.865009,22.496875,0.375019],[113.865018,22.496849,0.365019],[113.865025,22.496828,0.365019],[113.865034,22.496802,0.365019],[113.865044,22.496774,0.345019],[113.865053,22.496748,0.335019],[113.865062,22.496722,0.335019],[113.865064,22.496717,0.345019],[113.865073,22.496691,0.330019],[113.865082,22.496666,0.325019],[113.865088,22.496647,0.330019],[113.865097,22.496621,0.325019],[113.865103,22.496604,0.325019],[113.865111,22.49658,0.315019],[113.86512,22.496554,0.310019],[113.865122,22.496549,0.310019],[113.865131,22.496523,0.295019],[113.86514,22.496498,0.280019],[113.865141,22.496493,0.280019],[113.86515,22.496467,0.280019],[113.865159,22.496441,0.275019],[113.865168,22.496415,0.260019],[113.865177,22.496389,0.245019],[113.86518,22.496381,0.240019],[113.865186,22.496364,0.250019],[113.865195,22.496338,0.250019],[113.865201,22.49632,0.245019],[113.86521,22.496294,0.235019],[113.865213,22.496286,0.230019],[113.865222,22.496261,0.230019],[113.865231,22.496235,0.225019],[113.865239,22.496209,0.225019],[113.865248,22.496183,0.220019],[113.86525,22.496178,0.210019],[113.865259,22.496152,0.195019],[113.865268,22.496126,0.195019],[113.86527,22.49612,0.190019]]},"properties":{"approx_heading":-72.14164112030846,"bidirection":0,"cross_slope":"0,0,0,0,0,0,0,0,0,0,0,0,0,0,0,0,0,0,0,0,0,0,0,0,0,0,0,0,0,0,0,0,0,0,0,0,0,0,0,0,0,0,0,0,0,0,0,0,0,0,0,0,0,0,0,0,0,0,0,0,0,0,0,0,0,0,0,0,0,0,0,0,0,0,0,0,0,0,0,0,0,0,0,0,0,0,0,0,0,0,0,0,0,0,0,0,0,0,0,0,0,0,0,0,0,0,0,0,0,0,0,0,0,0,0,0,0,0,0,0,0,0,0,0,0,0,0,0,0,0,0,0,0,0,0,0,0,0,0,0,0,0,0,0,0,0,0,0,0","info":"95","lane_area_type":21,"lane_type":1,"left_border_id":137438953873,"left_edge_dist":"1.71,1.71,1.71,1.71,1.7,1.7,1.69,1.69,1.7,1.7,1.7,1.69,1.68,1.68,1.69,1.69,1.69,1.7,1.7,1.69,1.69,1.69,1.68,1.68,1.68,1.67,1.66,1.66,1.66,1.66,1.66,1.66,1.67,1.67,1.67,1.67,1.66,1.66,1.66,1.66,1.66,1.67,1.67,1.67,1.67,1.67,1.67,1.67,1.67,1.67,1.67,1.66,1.67,1.67,1.67,1.67,1.68,1.69,1.67,1.65,1.65,1.66,1.66,1.66,1.67,1.66,1.65,1.65,1.65,1.65,1.65,1.65,1.64,1.65,1.66,1.68,1.66,1.65,1.65,1.65,1.65,1.66,1.66,1.64,1.63,1.62,1.62,1.63,1.63,1.63,1.63,1.64,1.64,1.65,1.66,1.65,1.63,1.63,1.62,1.63,1.63,1.64,1.64,1.64,1.64,1.63,1.63,1.63,1.63,1.64,1.64,1.64,1.64,1.64,1.64,1.64,1.64,1.63,1.63,1.63,1.63,1.64,1.64,1.65,1.67,1.66,1.65,1.65,1.64,1.65,1.65,1.66,1.67,1.68,1.68,1.68,1.69,1.7,1.69,1.68,1.68,1.68,1.69,1.7,1.71,1.71,1.72,1.72,1.73","left_neighbor_id":0,"left_neighbor_type":0,"left_opposite_neighbor_id":0,"marker_ids":"","next_ids":"137438953778","overlap":"[{\"element_id\":137439697939,\"priority\":0,\"s_end\":184.44456481933594,\"s_start\":0.0,\"type\":4}]","preference":50,"preferred_speed":20,"previous_ids":"137439774210","priority":0,"right_border_id":137438953857,"right_edge_dist":"16.54,16.54,16.54,16.55,16.55,16.56,16.56,16.56,16.56,16.55,16.55,16.56,16.57,16.57,16.57,16.55,16.55,16.55,16.55,16.56,16.56,16.56,16.57,16.57,16.57,16.58,16.59,16.59,16.57,16.58,16.59,16.54,16.55,16.57,16.58,16.58,16.59,16.59,16.59,16.59,16.59,16.58,16.58,16.58,16.58,16.56,16.57,16.58,16.58,16.58,16.58,16.57,16.58,16.56,16.58,16.57,16.56,16.55,16.57,16.59,16.59,16.59,16.59,16.57,16.56,16.59,16.59,16.59,16.6,16.57,16.58,16.59,16.6,16.59,16.58,16.54,16.55,16.59,16.59,16.58,16.58,16.58,16.56,16.57,16.58,16.62,16.6,16.59,16.59,16.61,16.57,16.58,16.57,16.56,16.55,16.56,16.6,16.56,16.58,16.58,16.57,16.57,16.56,16.58,16.59,16.58,16.59,16.6,16.59,16.59,16.56,16.55,16.56,16.59,16.59,16.59,16.58,16.59,16.59,16.59,16.59,16.58,16.58,16.58,16.56,16.56,16.58,16.58,16.59,16.58,16.58,16.57,16.57,16.56,16.56,16.56,16.55,16.55,16.56,16.57,16.57,16.58,16.57,16.56,16.55,16.55,16.55,16.54,16.54","right_neighbor_id":137438953602,"right_neighbor_type":0,"road_edge_dist":"11208310,11208310,11208310,11208311,11142775,11142776,11077240,11077240,11142776,11142775,11142775,11077240,11011705,11011705,11077241,11077239,11077239,11142775,11142775,11077240,11077240,11077240,11011705,11011705,11011705,10946170,10880635,10880635,10880633,10880634,10880635,10880630,10946167,10946169,10946170,10946170,10880635,10880635,10880635,10880635,10880635,10946170,10946170,10946170,10946170,10946168,10946169,10946170,10946170,10946170,10946170,10880633,10946170,10946168,10946170,10946169,11011704,11077239,10946169,10815099,10815099,10880635,10880635,10880633,10946168,10880635,10815099,10815099,10815100,10815097,10815098,10815099,10749564,10815099,10880634,11011702,10880631,10815099,10815099,10815098,10815098,10880634,10880632,10749561,10684026,10618494,10618492,10684027,10684027,10684029,10684025,10749562,10749561,10815096,10880631,10815096,10684028,10684024,10618490,10684026,10684025,10749561,10749560,10749562,10749563,10684026,10684027,10684028,10684027,10749563,10749560,10749559,10749560,10749563,10749563,10749563,10749562,10684027,10684027,10684027,10684027,10749562,10749562,10815098,10946168,10880632,10815098,10815098,10749563,10815098,10815098,10880633,10946169,11011704,11011704,11011704,11077239,11142775,11077240,11011705,11011705,11011706,11077241,11142776,11208311,11208311,11273847,11273846,11339382","slope":"0,0,0,0,0,0,0,0,0,0,0,0,0,0,0,0,0,0,0,0,0,0,0,0,0,0,0,0,0,0,0,0,0,0,0,0,0,0,0,0,0,0,0,0,0,0,0,0,0,0,0,0,0,0,0,0,0,0,0,0,0,0,0,0,0,0,0,0,0,0,0,0,0,0,0,0,0,0,0,0,0,0,0,0,0,0,0,0,0,0,0,0,0,0,0,0,0,0,0,0,0,0,0,0,0,0,0,0,0,0,0,0,0,0,0,0,0,0,0,0,0,0,0,0,0,0,0,0,0,0,0,0,0,0,0,0,0,0,0,0,0,0,0,0,0,0,0,0,0","speed_limit":20,"stopline_id":0,"total_length":375.03040036597315,"turn_type":0,"uid":137438953618}},{"type":"Feature","geometry":{"type":"LineString","coordinates":[[113.864015,22.499302,0.221027],[113.864022,22.499283,0.221027],[113.864031,22.499258,0.226027],[113.86404,22.499232,0.216027],[113.864049,22.499206,0.226027],[113.86405,22.499202,0.221027],[113.864059,22.499176,0.226027],[113.864061,22.499172,0.226027],[113.86407,22.499146,0.226027],[113.864078,22.499122,0.246027],[113.864081,22.499114,0.241027],[113.86409,22.499089,0.246027],[113.864099,22.499063,0.236027],[113.8641,22.499059,0.241027],[113.864109,22.499033,0.236027],[113.864118,22.499007,0.246027],[113.864119,22.499004,0.246027],[113.864128,22.498978,0.261027],[113.864137,22.498952,0.261027],[113.864138,22.498949,0.261027],[113.864147,22.498924,0.266027],[113.864156,22.498897,0.261027],[113.864158,22.498893,0.266027],[113.864164,22.498874,0.271027],[113.864173,22.498848,0.266027],[113.864177,22.498838,0.276027],[113.864183,22.49882,0.276027],[113.864192,22.498795,0.291027],[113.864196,22.498782,0.286027],[113.864205,22.498756,0.306027],[113.864214,22.49873,0.306027],[113.864215,22.498727,0.306027],[113.864225,22.498701,0.311027],[113.864234,22.498675,0.316027],[113.864235,22.498672,0.316027],[113.864244,22.498646,0.316027],[113.864253,22.49862,0.316027],[113.864254,22.498615,0.321027],[113.864263,22.49859,0.316027],[113.864272,22.498564,0.331027],[113.864273,22.49856,0.331027],[113.864282,22.498535,0.336027],[113.864291,22.498509,0.326027],[113.864293,22.498504,0.326027],[113.864298,22.498488,0.336027],[113.864307,22.498463,0.336027],[113.864312,22.498449,0.356027],[113.864317,22.498434,0.366027],[113.864326,22.498408,0.376027],[113.864331,22.498395,0.391027],[113.864336,22.498378,0.386027],[113.864345,22.498352,0.391027],[113.86435,22.498339,0.396027],[113.864359,22.498313,0.401027],[113.864368,22.498286,0.391027],[113.864371,22.498276,0.376027],[113.86438,22.49825,0.386027],[113.864389,22.498226,0.401027],[113.864398,22.4982,0.406027],[113.864407,22.498173,0.416027],[113.864416,22.498148,0.416027],[113.864425,22.498122,0.411027],[113.864427,22.498117,0.411027],[113.864436,22.498091,0.426027],[113.864445,22.498065,0.426027],[113.864447,22.49806,0.426027],[113.864456,22.498034,0.421027],[113.864461,22.498019,0.426027],[113.86447,22.497993,0.426027],[113.864479,22.497967,0.431027],[113.864485,22.49795,0.426027],[113.864494,22.497924,0.431027],[113.864502,22.497899,0.431027],[113.864504,22.497895,0.436027],[113.864513,22.497869,0.431027],[113.864522,22.497844,0.441027],[113.864524,22.497838,0.441027],[113.864533,22.497812,0.436027],[113.864542,22.497787,0.426027],[113.864551,22.497761,0.426027],[113.864559,22.497736,0.426027],[113.864562,22.497729,0.431027],[113.864571,22.497703,0.426027],[113.86458,22.497677,0.431027],[113.864581,22.497673,0.426027],[113.864585,22.497662,0.441027],[113.864594,22.497635,0.436027],[113.864601,22.497617,0.441027],[113.864609,22.497592,0.441027],[113.864619,22.497563,0.446027],[113.864628,22.497538,0.441027],[113.864637,22.497511,0.446027],[113.864639,22.497506,0.446027],[113.864648,22.49748,0.436027],[113.864657,22.497454,0.436027],[113.864659,22.49745,0.440019],[113.864668,22.497424,0.445019],[113.864677,22.497398,0.445019],[113.864678,22.497395,0.445019],[113.864683,22.49738,0.435019],[113.864692,22.497354,0.450019],[113.864697,22.497338,0.450019],[113.864706,22.497312,0.450019],[113.864716,22.497284,0.445019],[113.864725,22.497258,0.445019],[113.864734,22.497233,0.440019],[113.864738,22.49722,0.435019],[113.864747,22.497195,0.425019],[113.864755,22.497174,0.430019],[113.864763,22.497147,0.425019],[113.864772,22.497121,0.425019],[113.864774,22.497118,0.425019],[113.864783,22.497092,0.425019],[113.864791,22.497067,0.420019],[113.864793,22.497062,0.420019],[113.864802,22.497037,0.425019],[113.864811,22.49701,0.425019],[113.864812,22.497007,0.425019],[113.864821,22.496982,0.415019],[113.86483,22.496956,0.410019],[113.864832,22.496951,0.410019],[113.86484,22.496926,0.410019],[113.864846,22.49691,0.410019],[113.864855,22.496884,0.405019],[113.864864,22.496858,0.400019],[113.864873,22.496832,0.395019],[113.864882,22.496807,0.390019],[113.864889,22.496786,0.390019],[113.864898,22.496759,0.370019],[113.864907,22.496733,0.365019],[113.864916,22.496706,0.355019],[113.864926,22.49668,0.350019],[113.864927,22.496675,0.345019],[113.864936,22.496649,0.345019],[113.864945,22.496623,0.340019],[113.864947,22.496618,0.330019],[113.864956,22.496593,0.325019],[113.864964,22.496567,0.335019],[113.864968,22.496556,0.335019],[113.864977,22.496531,0.325019],[113.864985,22.496507,0.315019],[113.864995,22.49648,0.300019],[113.865003,22.496454,0.300019],[113.865005,22.496451,0.305019],[113.865013,22.496425,0.280019],[113.865023,22.496399,0.275019],[113.865031,22.496374,0.265019],[113.86504,22.496348,0.265019],[113.865042,22.496343,0.270019],[113.865049,22.496323,0.260019],[113.865058,22.496297,0.245019],[113.865062,22.496284,0.245019],[113.865071,22.496258,0.250019],[113.865076,22.496245,0.250019],[113.865085,22.496219,0.255019],[113.865094,22.496193,0.240019],[113.865103,22.496167,0.245019],[113.865104,22.496162,0.245019],[113.865113,22.496135,0.235019],[113.865122,22.49611,0.235019],[113.865131,22.496084,0.235019],[113.865133,22.496078,0.230019]]},"properties":{"approx_heading":-72.14053525070909,"bidirection":0,"cross_slope":"0,0,0,0,0,0,0,0,0,0,0,0,0,0,0,0,0,0,0,0,0,0,0,0,0,0,0,0,0,0,0,0,0,0,0,0,0,0,0,0,0,0,0,0,0,0,0,0,0,0,0,0,0,0,0,0,0,0,0,0,0,0,0,0,0,0,0,0,0,0,0,0,0,0,0,0,0,0,0,0,0,0,0,0,0,0,0,0,0,0,0,0,0,0,0,0,0,0,0,0,0,0,0,0,0,0,0,0,0,0,0,0,0,0,0,0,0,0,0,0,0,0,0,0,0,0,0,0,0,0,0,0,0,0,0,0,0,0,0,0,0,0,0,0,0,0,0,0,0,0,0,0,0,0,0,0,0,0,0,0,0,0","info":"91","lane_area_type":21,"lane_type":1,"left_border_id":137438953745,"left_edge_dist":"16.52,16.51,16.51,16.51,16.49,16.48,16.48,16.48,16.47,16.47,16.47,16.48,16.48,16.48,16.49,16.49,16.49,16.49,16.49,16.49,16.49,16.48,16.48,16.47,16.48,16.48,16.46,16.47,16.48,16.47,16.47,16.47,16.46,16.44,16.44,16.45,16.46,16.46,16.45,16.45,16.45,16.46,16.47,16.47,16.46,16.47,16.47,16.47,16.47,16.47,16.47,16.47,16.47,16.48,16.49,16.49,16.5,16.47,16.47,16.47,16.47,16.47,16.47,16.47,16.47,16.47,16.48,16.49,16.5,16.47,16.44,16.44,16.46,16.47,16.46,16.46,16.46,16.45,16.44,16.44,16.44,16.45,16.45,16.46,16.46,16.46,16.46,16.46,16.45,16.44,16.45,16.45,16.45,16.44,16.45,16.45,16.44,16.42,16.42,16.42,16.42,16.43,16.43,16.43,16.42,16.42,16.42,16.41,16.4,16.44,16.44,16.44,16.43,16.42,16.43,16.42,16.41,16.41,16.41,16.42,16.42,16.43,16.43,16.43,16.43,16.43,16.43,16.43,16.43,16.44,16.45,16.44,16.44,16.44,16.44,16.44,16.44,16.45,16.45,16.45,16.45,16.46,16.47,16.47,16.48,16.46,16.47,16.47,16.47,16.46,16.47,16.47,16.48,16.49,16.5,16.5,16.51,16.51,16.52,16.52,16.53,16.53","left_neighbor_id":137438953570,"left_neighbor_type":0,"left_opposite_neighbor_id":0,"marker_ids":"","next_ids":"137438953714","overlap":"[{\"element_id\":137439697939,\"priority\":0,\"s_end\":146.48178100585938,\"s_start\":0.0,\"type\":4}]","preference":50,"preferred_speed":20,"previous_ids":"137439774178","priority":0,"right_border_id":137438953729,"right_edge_dist":"1.73,1.74,1.74,1.75,1.76,1.77,1.77,1.77,1.78,1.79,1.79,1.78,1.77,1.77,1.76,1.76,1.76,1.76,1.76,1.76,1.77,1.77,1.77,1.78,1.77,1.77,1.79,1.78,1.77,1.78,1.78,1.78,1.79,1.81,1.81,1.8,1.79,1.79,1.8,1.8,1.8,1.79,1.78,1.78,1.79,1.78,1.78,1.78,1.78,1.77,1.78,1.78,1.77,1.77,1.76,1.75,1.75,1.78,1.78,1.78,1.78,1.77,1.78,1.77,1.78,1.78,1.77,1.76,1.74,1.78,1.8,1.8,1.78,1.78,1.78,1.79,1.79,1.8,1.8,1.8,1.8,1.8,1.79,1.78,1.78,1.78,1.78,1.79,1.79,1.8,1.79,1.79,1.79,1.79,1.79,1.76,1.8,1.8,1.81,1.81,1.81,1.81,1.8,1.8,1.81,1.81,1.81,1.82,1.84,1.79,1.79,1.79,1.8,1.8,1.78,1.78,1.81,1.82,1.81,1.81,1.81,1.8,1.78,1.78,1.77,1.77,1.79,1.79,1.79,1.79,1.78,1.78,1.79,1.78,1.78,1.78,1.78,1.77,1.77,1.77,1.78,1.78,1.77,1.77,1.75,1.77,1.77,1.77,1.77,1.78,1.78,1.78,1.77,1.76,1.76,1.75,1.75,1.75,1.74,1.74,1.74,1.74","right_neighbor_id":0,"right_neighbor_type":0,"road_edge_dist":"108265645,108200110,108200110,108200111,108069040,108003505,108003505,108003505,107937970,107937971,107937971,108003506,108003505,108003505,108069040,108069040,108069040,108069040,108069040,108069040,108069041,108003505,108003505,107937970,108003505,108003505,107872435,107937970,108003505,107937970,107937970,107937970,107872435,107741365,107741365,107806900,107872435,107872435,107806900,107806900,107806900,107872435,107937970,107937970,107872435,107937970,107937970,107937970,107937970,107937969,107937970,107937970,107937969,108003505,108069040,108069039,108134575,107937970,107937970,107937970,107937970,107937969,107937970,107937969,107937970,107937970,108003505,108069040,108134574,107937970,107741364,107741364,107872434,107937970,107872434,107872435,107872435,107806900,107741364,107741364,107741364,107806900,107806899,107872434,107872434,107872434,107872434,107872435,107806899,107741364,107806899,107806899,107806899,107741363,107806899,107806896,107741364,107610292,107610293,107610293,107610293,107675829,107675828,107675828,107610293,107610293,107610293,107544758,107479224,107741363,107741363,107741363,107675828,107610292,107675826,107610290,107544757,107544758,107544757,107610293,107610293,107675828,107675826,107675826,107675825,107675825,107675827,107675827,107675827,107741363,107806898,107741362,107741363,107741362,107741362,107741362,107741362,107806897,107806897,107806897,107806898,107872434,107937969,107937969,108003503,107872433,107937969,107937969,107937969,107872434,107937970,107937970,108003505,108069040,108134576,108134575,108200111,108200111,108265646,108265646,108331182,108331182","slope":"0,0,0,0,0,0,0,0,0,0,0,0,0,0,0,0,0,0,0,0,0,0,0,0,0,0,0,0,0,0,0,0,0,0,0,0,0,0,0,0,0,0,0,0,0,0,0,0,0,0,0,0,0,0,0,0,0,0,0,0,0,0,0,0,0,0,0,0,0,0,0,0,0,0,0,0,0,0,0,0,0,0,0,0,0,0,0,0,0,0,0,0,0,0,0,0,0,0,0,0,0,0,0,0,0,0,0,0,0,0,0,0,0,0,0,0,0,0,0,0,0,0,0,0,0,0,0,0,0,0,0,0,0,0,0,0,0,0,0,0,0,0,0,0,0,0,0,0,0,0,0,0,0,0,0,0,0,0,0,0,0,0","speed_limit":20,"stopline_id":0,"total_length":375.15261214529846,"turn_type":0,"uid":137438953554}},{"type":"Feature","geometry":{"type":"LineString","coordinates":[[113.867098,22.492422,0.20128],[113.867107,22.492425,0.20628],[113.867116,22.492428,0.20628],[113.867124,22.49243,0.21128],[113.867132,22.492432,0.21128],[113.86714,22.492435,0.21128],[113.867147,22.492437,0.21128],[113.867155,22.492439,0.21628],[113.867162,22.492441,0.21128],[113.867169,22.492444,0.21128],[113.867176,22.492446,0.22128],[113.867183,22.492448,0.22128],[113.86719,22.49245,0.22128],[113.867197,22.492452,0.22128],[113.867205,22.492455,0.22128],[113.867212,22.492457,0.22128],[113.86722,22.492459,0.22128],[113.867228,22.492462,0.23128],[113.867236,22.492464,0.23128],[113.867245,22.492467,0.23128],[113.867254,22.49247,0.23128]]},"properties":{"approx_heading":18.040119802242547,"bidirection":0,"cross_slope":"0,0,0,0,0,0,0,0,0,0,0,0,0,0,0,0,0,0,0,0,0","info":"","lane_area_type":22,"lane_type":9,"left_border_id":137439102689,"left_edge_dist":"18.01,18.06,18.16,18.11,18.05,18.03,18.03,18.02,18.02,18.02,18.01,17.95,17.88,17.8,17.75,17.74,17.73,17.73,17.77,17.82,17.82","left_neighbor_id":0,"left_neighbor_type":0,"left_opposite_neighbor_id":0,"marker_ids":"","next_ids":"137438961634","overlap":"[{\"element_id\":137439698083,\"priority\":0,\"s_end\":19.62162971496582,\"s_start\":0.0,\"type\":4},{\"element_id\":137438956424,\"priority\":0,\"s_end\":0.0,\"s_start\":0.0,\"type\":5}]","preference":50,"preferred_speed":16,"previous_ids":"137438961762","priority":40,"right_border_id":137439102705,"right_edge_dist":"13.51,13.51,13.58,13.71,13.89,14.11,14.37,14.67,14.99,15.34,15.72,15.72,15.37,15.03,14.73,14.45,14.21,14.01,13.86,13.76,13.72","right_neighbor_id":0,"right_neighbor_type":0,"road_edge_dist":"118031687,118359367,119014734,118687067,118293869,118162819,118162845,118097339,118097371,118097406,118031908,117638692,117179905,116655583,116327873,116262309,116196749,116196729,116458858,116786528,116786524","slope":"0,0,0,0,0,0,0,0,0,0,0,0,0,0,0,0,0,0,0,0,0","speed_limit":16,"stopline_id":137439072341,"total_length":16.919196786369156,"turn_type":0,"uid":137439008146}},{"type":"Feature","geometry":{"type":"LineString","coordinates":[[113.867108,22.492391,0.18128],[113.867117,22.492394,0.18128],[113.867126,22.492396,0.18128],[113.867135,22.492399,0.19128],[113.867143,22.492401,0.19128],[113.86715,22.492403,0.19128],[113.867158,22.492406,0.20628],[113.867165,22.492408,0.19128],[113.867172,22.49241,0.19128],[113.867179,22.492412,0.19128],[113.867186,22.492414,0.19128],[113.867193,22.492417,0.20128],[113.867201,22.492419,0.21128],[113.867208,22.492421,0.20628],[113.867215,22.492423,0.20628],[113.867223,22.492426,0.21128],[113.86723,22.492428,0.21128],[113.867238,22.49243,0.21128],[113.867247,22.492433,0.21128],[113.867255,22.492436,0.21128],[113.867265,22.492438,0.21628]]},"properties":{"approx_heading":18.043484012080505,"bidirection":0,"cross_slope":"0,0,0,0,0,0,0,0,0,0,0,0,0,0,0,0,0,0,0,0,0","info":"","lane_area_type":22,"lane_type":9,"left_border_id":137439102945,"left_edge_dist":"21.64,21.69,21.77,21.73,21.69,21.67,21.67,21.65,21.65,21.65,21.64,21.58,21.49,21.42,21.38,21.37,21.37,21.37,21.39,21.45,21.45","left_neighbor_id":0,"left_neighbor_type":0,"left_opposite_neighbor_id":0,"marker_ids":"","next_ids":"137438961650","overlap":"[{\"element_id\":137439698083,\"priority\":0,\"s_end\":19.67000389099121,\"s_start\":0.0,\"type\":4},{\"element_id\":137438956424,\"priority\":0,\"s_end\":0.0,\"s_start\":0.0,\"type\":5}]","preference":50,"preferred_speed":16,"previous_ids":"137438961778","priority":40,"right_border_id":137439102961,"right_edge_dist":"9.87,9.88,9.97,10.14,10.38,10.68,11.02,11.39,11.81,12.25,12.72,12.71,12.26,11.84,11.45,11.09,10.77,10.5,10.28,10.14,10.09","right_neighbor_id":0,"right_neighbor_type":0,"road_edge_dist":"141820891,142148572,142672869,142410742,142148622,142017580,142017614,141886579,141886621,141886665,141821176,141427959,140838090,140379296,140117113,140051541,140051509,140051482,140182532,140575734,140575729","slope":"0,0,0,0,0,0,0,0,0,0,0,0,0,0,0,0,0,0,0,0,0","speed_limit":16,"stopline_id":137439072341,"total_length":16.92346399110311,"turn_type":0,"uid":137439008274}},{"type":"Feature","geometry":{"type":"LineString","coordinates":[[113.867118,22.492361,0.17128],[113.867127,22.492363,0.17628],[113.867136,22.492366,0.17128],[113.867144,22.492368,0.17628],[113.867152,22.49237,0.18128],[113.867159,22.492373,0.18128],[113.867167,22.492375,0.18128],[113.867175,22.492377,0.18128],[113.867182,22.492379,0.18128],[113.867189,22.492382,0.18128],[113.867196,22.492384,0.18128],[113.867204,22.492386,0.18128],[113.867211,22.492388,0.18128],[113.867218,22.49239,0.19128],[113.867226,22.492393,0.19628],[113.867233,22.492395,0.19128],[113.867241,22.492397,0.19128],[113.867249,22.4924,0.19628],[113.867257,22.492402,0.19128],[113.867266,22.492405,0.19628],[113.867274,22.492407,0.20128]]},"properties":{"approx_heading":17.88311084090067,"bidirection":0,"cross_slope":"0,0,0,0,0,0,0,0,0,0,0,0,0,0,0,0,0,0,0,0,0","info":"","lane_area_type":22,"lane_type":9,"left_border_id":137439103201,"left_edge_dist":"25.17,25.2,25.27,25.26,25.22,25.2,25.2,25.19,25.19,25.2,25.18,25.12,25.04,24.98,24.94,24.93,24.93,24.94,24.96,25.01,25.02","left_neighbor_id":0,"left_neighbor_type":0,"left_opposite_neighbor_id":0,"marker_ids":"","next_ids":"137438961666","overlap":"[{\"element_id\":137439698083,\"priority\":0,\"s_end\":17.81147575378418,\"s_start\":0.0,\"type\":4},{\"element_id\":137438956424,\"priority\":0,\"s_end\":0.0,\"s_start\":0.0,\"type\":5}]","preference":50,"preferred_speed":16,"previous_ids":"137438961794","priority":40,"right_border_id":137439103217,"right_edge_dist":"6.35,6.36,6.48,6.72,7.05,7.46,7.92,8.43,8.98,9.55,10.15,10.18,9.59,9.02,8.48,7.98,7.53,7.14,6.83,6.61,6.52","right_neighbor_id":0,"right_neighbor_type":0,"road_edge_dist":"164954747,165151356,165610120,165544608,165282497,165151466,165151512,165086027,165086082,165151675,165020663,164627450,164103103,163709830,163447632,163382046,163382001,163447498,163578539,163906197,163971724","slope":"0,0,0,0,0,0,0,0,0,0,0,0,0,0,0,0,0,0,0,0,0","speed_limit":16,"stopline_id":137439072341,"total_length":16.858459227663488,"turn_type":0,"uid":137439008402}},{"type":"Feature","geometry":{"type":"LineString","coordinates":[[113.867128,22.49233,0.13628],[113.867138,22.492333,0.14128],[113.867146,22.492336,0.14628],[113.867155,22.492338,0.15628],[113.867163,22.492341,0.16128],[113.86717,22.492343,0.16128],[113.867178,22.492345,0.16628],[113.867185,22.492347,0.16628],[113.867192,22.492349,0.17128],[113.867199,22.492352,0.17128],[113.867206,22.492354,0.17128],[113.867213,22.492356,0.17128],[113.86722,22.492358,0.17128],[113.867228,22.49236,0.18128],[113.867235,22.492362,0.18128],[113.867242,22.492365,0.18128],[113.86725,22.492367,0.18128],[113.867258,22.49237,0.18128],[113.867266,22.492372,0.18128],[113.867275,22.492375,0.18128],[113.867284,22.492377,0.18128]]},"properties":{"approx_heading":18.015986935433453,"bidirection":0,"cross_slope":"0,0,0,0,0,0,0,0,0,0,0,0,0,0,0,0,0,0,0,0,0","info":"","lane_area_type":22,"lane_type":9,"left_border_id":137439103457,"left_edge_dist":"28.66,28.7,28.76,28.75,28.71,28.69,28.69,28.68,28.67,28.68,28.65,28.58,28.5,28.45,28.41,28.4,28.39,28.39,28.41,28.46,28.48","left_neighbor_id":0,"left_neighbor_type":0,"left_opposite_neighbor_id":0,"marker_ids":"","next_ids":"137438961682","overlap":"[{\"element_id\":137439698083,\"priority\":0,\"s_end\":19.60318946838379,\"s_start\":0.0,\"type\":4},{\"element_id\":137438956424,\"priority\":0,\"s_end\":0.0,\"s_start\":0.0,\"type\":5}]","preference":50,"preferred_speed":16,"previous_ids":"137438961810","priority":40,"right_border_id":137439103473,"right_edge_dist":"2.85,2.88,3.17,3.66,4.26,4.91,5.59,6.29,6.99,7.69,8.4,8.45,7.74,7.04,6.35,5.65,4.97,4.33,3.74,3.29,3.06","right_neighbor_id":0,"right_neighbor_type":0,"road_edge_dist":"187826461,188088608,188481853,188416366,188154282,188023275,188023343,187957877,187892411,187958017,187761480,187302733,186778374,186450624,186188411,186122805,186057201,186057137,186188150,186515785,186646834","slope":"0,0,0,0,0,0,0,0,0,0,0,0,0,0,0,0,0,0,0,0,0","speed_limit":16,"stopline_id":137439072341,"total_length":16.85578770539786,"turn_type":0,"uid":137439008530}},{"type":"Feature","geometry":{"type":"LineString","coordinates":[[113.866561,22.492262,0.229845],[113.86657,22.492265,0.229845],[113.866578,22.492268,0.229845],[113.866587,22.49227,0.229845],[113.866595,22.492272,0.229845],[113.866603,22.492275,0.229845],[113.86661,22.492277,0.229845],[113.866618,22.492279,0.229845],[113.866625,22.492281,0.224845],[113.866632,22.492283,0.219845],[113.86664,22.492285,0.219845],[113.866647,22.492287,0.214845],[113.866654,22.492289,0.214845],[113.866661,22.492291,0.209845],[113.866669,22.492294,0.214845],[113.866676,22.492296,0.209845],[113.866684,22.492298,0.199845],[113.866692,22.492301,0.199845],[113.866701,22.492303,0.199845],[113.866709,22.492306,0.199845],[113.866718,22.492309,0.194845]]},"properties":{"approx_heading":17.55204329618088,"bidirection":0,"cross_slope":"0,0,0,0,0,0,0,0,0,0,0,0,0,0,0,0,0,0,0,0,0","info":"","lane_area_type":22,"lane_type":9,"left_border_id":137439103585,"left_edge_dist":"18.69,18.86,18.61,18.36,18.12,17.92,17.76,17.65,17.57,17.53,17.52,17.53,17.54,17.55,17.57,17.58,17.6,17.61,17.62,17.62,17.66","left_neighbor_id":0,"left_neighbor_type":0,"left_opposite_neighbor_id":0,"marker_ids":"","next_ids":"137438961762","overlap":"[{\"element_id\":137439698083,\"priority\":0,\"s_end\":19.227243423461914,\"s_start\":0.0,\"type\":4},{\"element_id\":137438955464,\"priority\":0,\"s_end\":0.0,\"s_start\":0.0,\"type\":5}]","preference":50,"preferred_speed":16,"previous_ids":"137438961890","priority":40,"right_border_id":137439103601,"right_edge_dist":"13.44,13.56,13.74,13.97,14.24,14.5,14.72,14.97,15.25,15.57,15.91,15.61,15.21,14.84,14.5,14.2,13.93,13.7,13.53,13.41,13.36","right_neighbor_id":0,"right_neighbor_type":0,"road_edge_dist":"122488128,123602252,121963870,120325493,118752656,117441962,116393408,115672537,115148277,114886165,114820663,114886169,114951665,115017164,115148202,115213708,115344753,115410266,115475785,115475773,115737912","slope":"0,0,0,0,0,0,0,0,0,0,0,0,0,0,0,0,0,0,0,0,0","speed_limit":16,"stopline_id":137439072181,"total_length":17.01956862553107,"turn_type":0,"uid":137439008594}},{"type":"Feature","geometry":{"type":"LineString","coordinates":[[113.866572,22.492231,0.229845],[113.866581,22.492234,0.229845],[113.86659,22.492236,0.229845],[113.866598,22.492239,0.229845],[113.866606,22.492241,0.229845],[113.866614,22.492243,0.229845],[113.866622,22.492246,0.224845],[113.866629,22.492248,0.219845],[113.866636,22.49225,0.219845],[113.866644,22.492252,0.219845],[113.866651,22.492254,0.219845],[113.866658,22.492256,0.219845],[113.866666,22.492258,0.214845],[113.866673,22.49226,0.214845],[113.86668,22.492263,0.204845],[113.866688,22.492265,0.204845],[113.866696,22.492267,0.194845],[113.866704,22.49227,0.189845],[113.866712,22.492272,0.189845],[113.866721,22.492275,0.179845],[113.86673,22.492278,0.179845]]},"properties":{"approx_heading":17.553131832895485,"bidirection":0,"cross_slope":"0,0,0,0,0,0,0,0,0,0,0,0,0,0,0,0,0,0,0,0,0","info":"","lane_area_type":22,"lane_type":9,"left_border_id":137439103841,"left_edge_dist":"21.48,22.08,22.09,21.84,21.63,21.47,21.34,21.25,21.19,21.16,21.16,21.17,21.17,21.19,21.21,21.22,21.23,21.24,21.25,21.26,21.29","left_neighbor_id":0,"left_neighbor_type":0,"left_opposite_neighbor_id":0,"marker_ids":"","next_ids":"137438961778","overlap":"[{\"element_id\":137439698083,\"priority\":0,\"s_end\":19.407432556152344,\"s_start\":0.0,\"type\":4},{\"element_id\":137438955464,\"priority\":0,\"s_end\":0.0,\"s_start\":0.0,\"type\":5}]","preference":50,"preferred_speed":16,"previous_ids":"137438961906","priority":40,"right_border_id":137439103857,"right_edge_dist":"9.83,10,10.24,10.55,10.79,11.03,11.32,11.66,12.03,12.43,12.87,12.59,12.1,11.64,11.21,10.82,10.47,10.17,9.94,9.79,9.73","right_neighbor_id":0,"right_neighbor_type":0,"road_edge_dist":"140772311,144704488,144770048,143131679,141755447,140706895,139854956,139265166,138871987,138675419,138675463,138740971,138740922,138871948,139002977,139068474,139133975,139199481,139264994,139330515,139527117","slope":"0,0,0,0,0,0,0,0,0,0,0,0,0,0,0,0,0,0,0,0,0","speed_limit":16,"stopline_id":137439072181,"total_length":17.10272708552309,"turn_type":0,"uid":137439008722}},{"type":"Feature","geometry":{"type":"LineString","coordinates":[[113.866582,22.492201,0.219845],[113.866591,22.492203,0.219845],[113.8666,22.492206,0.224845],[113.866608,22.492208,0.224845],[113.866617,22.492211,0.224845],[113.866624,22.492213,0.219845],[113.866632,22.492215,0.224845],[113.86664,22.492217,0.219845],[113.866647,22.49222,0.219845],[113.866655,22.492222,0.219845],[113.866662,22.492224,0.214845],[113.866669,22.492226,0.214845],[113.866677,22.492228,0.209845],[113.866684,22.49223,0.209845],[113.866691,22.492232,0.199845],[113.866699,22.492235,0.194845],[113.866707,22.492237,0.189845],[113.866715,22.492239,0.189845],[113.866724,22.492242,0.189845],[113.866732,22.492245,0.179845],[113.866742,22.492248,0.179845]]},"properties":{"approx_heading":17.598177565357993,"bidirection":0,"cross_slope":"0,0,0,0,0,0,0,0,0,0,0,0,0,0,0,0,0,0,0,0,0","info":"","lane_area_type":22,"lane_type":9,"left_border_id":137439104097,"left_edge_dist":"24.37,24.91,25.46,25.27,25.1,24.95,24.84,24.77,24.71,24.69,24.69,24.7,24.7,24.72,24.73,24.75,24.76,24.77,24.78,24.78,24.81","left_neighbor_id":0,"left_neighbor_type":0,"left_opposite_neighbor_id":0,"marker_ids":"","next_ids":"137438961794","overlap":"[{\"element_id\":137439698083,\"priority\":0,\"s_end\":19.617231369018555,\"s_start\":0.0,\"type\":4},{\"element_id\":137438955464,\"priority\":0,\"s_end\":0.0,\"s_start\":0.0,\"type\":5}]","preference":50,"preferred_speed":16,"previous_ids":"137438961922","priority":40,"right_border_id":137439104113,"right_edge_dist":"6.33,6.59,6.95,7.15,7.43,7.78,8.2,8.66,9.16,9.7,10.26,10.08,9.46,8.87,8.3,7.77,7.28,6.86,6.52,6.29,6.2","right_neighbor_id":0,"right_neighbor_type":0,"road_edge_dist":"159711865,163250835,166855351,165610187,164496103,163513098,162792244,162333538,161940372,161809354,161809410,161874928,161874866,162005879,162071358,162202377,162267864,162333358,162398860,162398837,162595436","slope":"0,0,0,0,0,0,0,0,0,0,0,0,0,0,0,0,0,0,0,0,0","speed_limit":16,"stopline_id":137439072181,"total_length":17.235838731787236,"turn_type":0,"uid":137439008850}},{"type":"Feature","geometry":{"type":"LineString","coordinates":[[113.866593,22.492171,0.204845],[113.866602,22.492174,0.199845],[113.866611,22.492177,0.199845],[113.86662,22.492179,0.199845],[113.866628,22.492182,0.204845],[113.866636,22.492184,0.199845],[113.866644,22.492186,0.189845],[113.866651,22.492188,0.194845],[113.866659,22.49219,0.194845],[113.866666,22.492192,0.189845],[113.866673,22.492194,0.189845],[113.86668,22.492196,0.189845],[113.866687,22.492198,0.189845],[113.866694,22.4922,0.189845],[113.866702,22.492202,0.179845],[113.86671,22.492205,0.179845],[113.866717,22.492207,0.179845],[113.866726,22.492209,0.179845],[113.866734,22.492212,0.169845],[113.866743,22.492215,0.169845],[113.866753,22.492218,0.159845]]},"properties":{"approx_heading":17.434790113047352,"bidirection":0,"cross_slope":"0,0,0,0,0,0,0,0,0,0,0,0,0,0,0,0,0,0,0,0,0","info":"","lane_area_type":22,"lane_type":9,"left_border_id":137439104353,"left_edge_dist":"27.39,27.89,28.4,28.61,28.46,28.34,28.25,28.19,28.16,28.15,28.15,28.17,28.18,28.2,28.22,28.24,28.25,28.26,28.27,28.28,28.31","left_neighbor_id":0,"left_neighbor_type":0,"left_opposite_neighbor_id":0,"marker_ids":"","next_ids":"137438961810","overlap":"[{\"element_id\":137439698083,\"priority\":0,\"s_end\":21.474464416503906,\"s_start\":0.0,\"type\":4},{\"element_id\":137438955464,\"priority\":0,\"s_end\":0.0,\"s_start\":0.0,\"type\":5}]","preference":50,"preferred_speed":16,"previous_ids":"137438961938","priority":40,"right_border_id":137439104369,"right_edge_dist":"3.03,3.45,3.63,4.02,4.53,5.12,5.75,6.4,7.07,7.74,8.43,8.35,7.62,6.89,6.16,5.43,4.7,4,3.37,2.89,2.7","right_neighbor_id":0,"right_neighbor_type":0,"road_edge_dist":"179503407,182780249,186122603,187498898,186515909,185729536,185139775,184746624,184550083,184484614,184484683,184615747,184681210,184812209,184943208,185074207,185139670,185205136,185270609,185336097,185532686","slope":"0,0,0,0,0,0,0,0,0,0,0,0,0,0,0,0,0,0,0,0,0","speed_limit":16,"stopline_id":137439072181,"total_length":17.275123228161487,"turn_type":0,"uid":137439008978}},{"type":"Feature","geometry":{"type":"LineString","coordinates":[[113.865946,22.4924,0.304845],[113.865954,22.492376,0.289845],[113.865962,22.492352,0.284845],[113.86597,22.49233,0.279845],[113.865977,22.492309,0.279845],[113.865984,22.492288,0.279845],[113.865991,22.492268,0.279845],[113.865997,22.492248,0.294845],[113.866003,22.492229,0.354845],[113.86601,22.49221,0.369845],[113.866016,22.492192,0.359845],[113.866022,22.492173,0.339845],[113.866028,22.492154,0.339845],[113.866035,22.492135,0.364845],[113.866041,22.492115,0.374845],[113.866048,22.492095,0.379845],[113.866055,22.492075,0.379845],[113.866062,22.492053,0.379845],[113.86607,22.492031,0.376092],[113.866078,22.492008,0.376092],[113.866085,22.491983,0.366092]]},"properties":{"approx_heading":-72.80287073403233,"bidirection":0,"cross_slope":"0,0,0,0,0,0,0,0,0,0,0,0,0,0,0,0,0,0,0,0,0","info":"","lane_area_type":23,"lane_type":9,"left_border_id":137439121905,"left_edge_dist":"6.31,6.31,6.36,6.34,6.37,6.6,7.12,8.07,9.42,10.86,12.42,14.14,15.99,17.91,19.87,18.2,15.95,13.66,11.36,9.12,7.25","left_neighbor_id":0,"left_neighbor_type":0,"left_opposite_neighbor_id":0,"marker_ids":"","next_ids":"137439005266","overlap":"[{\"element_id\":137440201523,\"priority\":0,\"s_end\":35.93370819091797,\"s_start\":0.0,\"type\":4},{\"element_id\":137438955384,\"priority\":0,\"s_end\":0.0,\"s_start\":0.0,\"type\":5}]","preference":50,"preferred_speed":16,"previous_ids":"137439003522","priority":80,"right_border_id":137439121921,"right_edge_dist":"100,100,100,100,100,100,100,100,100,100,100,100,100,100,100,100,100,100,100,100,100","right_neighbor_id":0,"right_neighbor_type":0,"road_edge_dist":"41418751,41418751,41746431,41615359,41811967,43319295,46727167,52953087,61800447,71237631,81461247,92733439,104857599,117440511,130285567,119341055,104595455,89587711,74514431,59834367,47579135","slope":"0,0,0,0,0,0,0,0,0,0,0,0,0,0,0,0,0,0,0,0,0","speed_limit":16,"stopline_id":137439072117,"total_length":48.354784611315814,"turn_type":0,"uid":137439017826}},{"type":"Feature","geometry":{"type":"LineString","coordinates":[[113.866117,22.491994,0.351092],[113.866108,22.492019,0.361092],[113.8661,22.492042,0.379845],[113.866093,22.492065,0.369845],[113.866086,22.492087,0.369845],[113.866079,22.492107,0.359845],[113.866073,22.492127,0.344845],[113.866067,22.492147,0.334845],[113.866061,22.492166,0.329845],[113.866055,22.492184,0.324845],[113.86605,22.492203,0.329845],[113.866044,22.492222,0.329845],[113.866038,22.49224,0.319845],[113.866032,22.492259,0.299845],[113.866026,22.492279,0.279845],[113.86602,22.492299,0.279845],[113.866014,22.492319,0.289845],[113.866007,22.492341,0.289845],[113.865999,22.492364,0.299845],[113.865991,22.492387,0.299845],[113.865983,22.492412,0.299845]]},"properties":{"approx_heading":106.55471053764163,"bidirection":0,"cross_slope":"0,0,0,0,0,0,0,0,0,0,0,0,0,0,0,0,0,0,0,0,0","info":"","lane_area_type":23,"lane_type":9,"left_border_id":137439122321,"left_edge_dist":"100,100,100,100,100,100,100,100,100,100,100,100,100,100,100,100,100,100,100,100,100","left_neighbor_id":0,"left_neighbor_type":0,"left_opposite_neighbor_id":0,"marker_ids":"","next_ids":"137439775186","overlap":"[{\"element_id\":137440201523,\"priority\":0,\"s_end\":42.682373046875,\"s_start\":0.0,\"type\":4},{\"element_id\":137438955384,\"priority\":0,\"s_end\":0.0,\"s_start\":0.0,\"type\":5}]","preference":50,"preferred_speed":16,"previous_ids":"137439761954","priority":80,"right_border_id":137439122337,"right_edge_dist":"5.03,7.72,10.37,12.92,15.37,17.07,18.12,16.03,14.02,12.1,10.22,8.34,6.57,5.03,3.56,2.76,2.42,2.37,2.36,2.3,2.28","right_neighbor_id":0,"right_neighbor_type":0,"road_edge_dist":"4294902263,4294902532,4294902797,4294903052,4294903297,4294903467,4294903572,4294903363,4294903162,4294902970,4294902782,4294902594,4294902417,4294902263,4294902116,4294902036,4294902002,4294901997,4294901996,4294901990,4294901988","slope":"0,0,0,0,0,0,0,0,0,0,0,0,0,0,0,0,0,0,0,0,0","speed_limit":16,"stopline_id":137439072101,"total_length":48.341154628273664,"turn_type":0,"uid":137439018034}},{"type":"Feature","geometry":{"type":"LineString","coordinates":[[113.866644,22.49233,0.179845],[113.866632,22.492326,0.184845],[113.866621,22.492323,0.189845],[113.86661,22.492319,0.199845],[113.866599,22.492316,0.204845],[113.866588,22.492313,0.204845],[113.866578,22.49231,0.209845],[113.866568,22.492307,0.209845],[113.866558,22.492304,0.219845],[113.866549,22.492301,0.219845],[113.866539,22.492298,0.224845],[113.86653,22.492296,0.224845],[113.86652,22.492293,0.229845],[113.86651,22.49229,0.224845],[113.8665,22.492287,0.224845],[113.86649,22.492284,0.229845],[113.866479,22.492281,0.229845],[113.866469,22.492278,0.229845],[113.866457,22.492274,0.229845],[113.866446,22.492271,0.229845],[113.866434,22.492267,0.214845]]},"properties":{"approx_heading":-162.26129193432914,"bidirection":0,"cross_slope":"0,0,0,0,0,0,0,0,0,0,0,0,0,0,0,0,0,0,0,0,0","info":"","lane_area_type":22,"lane_type":9,"left_border_id":137439614241,"left_edge_dist":"19.21,19.71,19.84,19.44,19.11,18.74,18.44,18.21,18.04,17.93,17.89,17.9,17.93,17.95,17.98,18,18.02,18.02,18.02,18.02,18.01","left_neighbor_id":0,"left_neighbor_type":0,"left_opposite_neighbor_id":0,"marker_ids":"","next_ids":"137438961826","overlap":"[{\"element_id\":137439698083,\"priority\":0,\"s_end\":17.49284553527832,\"s_start\":0.0,\"type\":4},{\"element_id\":137438955464,\"priority\":0,\"s_end\":0.0,\"s_start\":0.0,\"type\":5}]","preference":50,"preferred_speed":16,"previous_ids":"137439019698","priority":40,"right_border_id":137439614257,"right_edge_dist":"12.94,12.95,12.97,13.08,13.3,13.59,13.92,14.19,14.53,14.93,15.04,14.22,13.42,12.65,11.92,11.22,10.57,9.99,9.51,9.14,8.91","right_neighbor_id":0,"right_neighbor_type":0,"road_edge_dist":"125895950,129172751,130024721,127403292,125240626,122815823,120849776,119342475,118228397,117507541,117245408,117310862,117507390,117638385,117834920,117965922,118096929,118096871,118096823,118096786,118031227","slope":"0,0,0,0,0,0,0,0,0,0,0,0,0,0,0,0,0,0,0,0,0","speed_limit":16,"stopline_id":137439072197,"total_length":22.774840489487147,"turn_type":0,"uid":137439018882}},{"type":"Feature","geometry":{"type":"LineString","coordinates":[[113.866632,22.492361,0.199845],[113.86662,22.492358,0.194845],[113.866609,22.492354,0.209845],[113.866598,22.492351,0.204845],[113.866587,22.492347,0.204845],[113.866576,22.492344,0.204845],[113.866566,22.492341,0.199845],[113.866556,22.492338,0.204845],[113.866547,22.492335,0.214845],[113.866537,22.492333,0.219845],[113.866527,22.49233,0.219845],[113.866518,22.492327,0.219845],[113.866508,22.492324,0.219845],[113.866498,22.492321,0.224845],[113.866489,22.492318,0.229845],[113.866478,22.492315,0.229845],[113.866468,22.492312,0.229845],[113.866457,22.492309,0.229845],[113.866446,22.492306,0.229845],[113.866434,22.492302,0.229845],[113.866422,22.492299,0.229845]]},"properties":{"approx_heading":-162.26144524471087,"bidirection":0,"cross_slope":"0,0,0,0,0,0,0,0,0,0,0,0,0,0,0,0,0,0,0,0,0","info":"","lane_area_type":22,"lane_type":9,"left_border_id":137439614401,"left_edge_dist":"22.72,23.15,23.28,22.92,22.55,22.24,22,21.81,21.68,21.59,21.56,21.58,21.6,21.63,21.65,21.68,21.69,21.69,21.69,21.69,21.68","left_neighbor_id":0,"left_neighbor_type":0,"left_opposite_neighbor_id":0,"marker_ids":"","next_ids":"137438961842","overlap":"[{\"element_id\":137439698083,\"priority\":0,\"s_end\":17.07265853881836,\"s_start\":0.0,\"type\":4},{\"element_id\":137438955464,\"priority\":0,\"s_end\":0.0,\"s_start\":0.0,\"type\":5}]","preference":50,"preferred_speed":16,"previous_ids":"137439019730","priority":40,"right_border_id":137439614417,"right_edge_dist":"9.27,9.28,9.31,9.48,9.78,10.12,10.39,10.76,11.21,11.73,12.31,12.17,11.24,10.32,9.41,8.53,7.67,6.87,6.17,5.61,5.27","right_neighbor_id":0,"right_neighbor_type":0,"road_edge_dist":"148898719,151716768,152568739,150209460,147784658,145753076,144180239,142935092,142083169,141493397,141296847,141427905,141558884,141755400,141886381,142082901,142148351,142148271,142148201,142148145,142082575","slope":"0,0,0,0,0,0,0,0,0,0,0,0,0,0,0,0,0,0,0,0,0","speed_limit":16,"stopline_id":137439072197,"total_length":22.681766307275396,"turn_type":0,"uid":137439018962}},{"type":"Feature","geometry":{"type":"LineString","coordinates":[[113.866621,22.492391,0.219845],[113.866609,22.492387,0.219845],[113.866598,22.492384,0.224845],[113.866586,22.492381,0.219845],[113.866576,22.492377,0.219845],[113.866565,22.492374,0.224845],[113.866555,22.492371,0.229845],[113.866545,22.492368,0.229845],[113.866536,22.492365,0.229845],[113.866526,22.492363,0.229845],[113.866516,22.49236,0.229845],[113.866507,22.492357,0.229845],[113.866497,22.492354,0.229845],[113.866487,22.492351,0.229845],[113.866478,22.492348,0.229845],[113.866467,22.492345,0.229845],[113.866457,22.492342,0.229845],[113.866446,22.492339,0.229845],[113.866435,22.492336,0.229845],[113.866424,22.492332,0.229845],[113.866412,22.492329,0.229845]]},"properties":{"approx_heading":-162.2615783405802,"bidirection":0,"cross_slope":"0,0,0,0,0,0,0,0,0,0,0,0,0,0,0,0,0,0,0,0,0","info":"","lane_area_type":22,"lane_type":9,"left_border_id":137439614561,"left_edge_dist":"26.11,26.48,26.61,26.22,25.91,25.64,25.43,25.27,25.16,25.09,25.07,25.09,25.11,25.13,25.16,25.18,25.2,25.2,25.19,25.19,25.19","left_neighbor_id":0,"left_neighbor_type":0,"left_opposite_neighbor_id":0,"marker_ids":"","next_ids":"137438961858","overlap":"[{\"element_id\":137439698083,\"priority\":0,\"s_end\":16.575435638427734,\"s_start\":0.0,\"type\":4},{\"element_id\":137438955464,\"priority\":0,\"s_end\":0.0,\"s_start\":0.0,\"type\":5}]","preference":50,"preferred_speed":16,"previous_ids":"137439019746","priority":40,"right_border_id":137439614577,"right_edge_dist":"5.76,5.77,5.83,6.11,6.48,6.74,7.15,7.69,8.31,9,9.76,10.55,10.01,8.98,7.93,6.87,5.79,4.71,3.62,2.6,1.86","right_neighbor_id":0,"right_neighbor_type":0,"road_edge_dist":"171115072,173539905,174391879,171836003,169804424,168034978,166658763,165610241,164889407,164430724,164299728,164430879,164561897,164692866,164889369,165020335,165151299,165151191,165085546,165085444,165085370","slope":"0,0,0,0,0,0,0,0,0,0,0,0,0,0,0,0,0,0,0,0,0","speed_limit":16,"stopline_id":137439072197,"total_length":22.60143062652367,"turn_type":0,"uid":137439019042}},{"type":"Feature","geometry":{"type":"LineString","coordinates":[[113.866758,22.492364,0.169845],[113.866733,22.492357,0.169845],[113.866705,22.492349,0.174845],[113.866678,22.49234,0.179845],[113.86665,22.492332,0.184845],[113.866644,22.49233,0.179845]]},"properties":{"approx_heading":-162.00555406863646,"bidirection":0,"cross_slope":"0,0,0,0,0,0","info":"151","lane_area_type":22,"lane_type":1,"left_border_id":137439615985,"left_edge_dist":"18.18,18.2,17.99,18.27,19.02,19.21","left_neighbor_id":0,"left_neighbor_type":0,"left_opposite_neighbor_id":0,"marker_ids":"","next_ids":"137439018914,137439018898,137439018882","overlap":"[{\"element_id\":137439698083,\"priority\":0,\"s_end\":2.228417158126831,\"s_start\":0.0,\"type\":4},{\"element_id\":137438955464,\"priority\":0,\"s_end\":0.0,\"s_start\":0.0,\"type\":5}]","preference":50,"preferred_speed":16,"previous_ids":"137438961698","priority":40,"right_border_id":137439616001,"right_edge_dist":"13.75,13.7,13.06,12.96,12.94,12.94","right_neighbor_id":137439019730,"right_neighbor_type":0,"road_edge_dist":"119145823,119276890,117900570,119735568,124650766,125895950","slope":"0,0,0,0,0,0","speed_limit":16,"stopline_id":137439072197,"total_length":12.293613791634023,"turn_type":0,"uid":137439019698}},{"type":"Feature","geometry":{"type":"LineString","coordinates":[[113.866747,22.492396,0.179845],[113.866722,22.492388,0.179845],[113.866695,22.49238,0.189845],[113.866667,22.492372,0.189845],[113.866639,22.492363,0.199845],[113.866632,22.492361,0.199845]]},"properties":{"approx_heading":-162.03424178208223,"bidirection":0,"cross_slope":"0,0,0,0,0,0","info":"152","lane_area_type":22,"lane_type":1,"left_border_id":137439616001,"left_edge_dist":"21.84,21.83,21.65,21.89,22.51,22.72","left_neighbor_id":137439019698,"left_neighbor_type":0,"left_opposite_neighbor_id":0,"marker_ids":"","next_ids":"137439018962,137439018946,137439018978","overlap":"[{\"element_id\":137439698083,\"priority\":0,\"s_end\":5.9711809158325195,\"s_start\":0.0,\"type\":4},{\"element_id\":137438955464,\"priority\":0,\"s_end\":0.0,\"s_start\":0.0,\"type\":5}]","preference":50,"preferred_speed":16,"previous_ids":"137438961714","priority":40,"right_border_id":137439616049,"right_edge_dist":"10.22,10.31,9.42,9.29,9.27,9.27","right_neighbor_id":137439019746,"right_neighbor_type":0,"road_edge_dist":"143131646,143066119,141886382,143459233,147522463,148898719","slope":"0,0,0,0,0,0","speed_limit":16,"stopline_id":137439072197,"total_length":12.419906398193726,"turn_type":0,"uid":137439019730}},{"type":"Feature","geometry":{"type":"LineString","coordinates":[[113.866737,22.492426,0.179845],[113.866714,22.492419,0.194845],[113.866686,22.492411,0.199845],[113.866658,22.492402,0.209845],[113.86663,22.492394,0.219845],[113.866621,22.492391,0.219845]]},"properties":{"approx_heading":-162.08283920260146,"bidirection":0,"cross_slope":"0,0,0,0,0,0","info":"153","lane_area_type":22,"lane_type":1,"left_border_id":137439616049,"left_edge_dist":"25.34,25.32,25.15,25.34,25.86,26.11","left_neighbor_id":137439019730,"left_neighbor_type":0,"left_opposite_neighbor_id":0,"marker_ids":"","next_ids":"137439019010,137439019026,137439019042","overlap":"[{\"element_id\":137439698083,\"priority\":0,\"s_end\":13.071417808532715,\"s_start\":0.0,\"type\":4},{\"element_id\":137438955464,\"priority\":0,\"s_end\":0.0,\"s_start\":0.0,\"type\":5}]","preference":50,"preferred_speed":16,"previous_ids":"137438961730","priority":40,"right_border_id":137439616017,"right_edge_dist":"6.98,7.42,6.03,5.79,5.77,5.76","right_neighbor_id":137439019714,"right_neighbor_type":0,"road_edge_dist":"166068922,165937894,164823643,166068803,169476673,171115072","slope":"0,0,0,0,0,0","speed_limit":16,"stopline_id":137439072197,"total_length":12.529140204405532,"turn_type":0,"uid":137439019746}},{"type":"Feature","geometry":{"type":"LineString","coordinates":[[113.865398,22.495923,0.144929],[113.865411,22.495927,0.154929],[113.865439,22.495935,0.164929],[113.865467,22.495944,0.179929],[113.865495,22.495952,0.174929],[113.865522,22.49596,0.174929],[113.86555,22.495969,0.154929],[113.865578,22.495977,0.149929],[113.865606,22.495985,0.144929],[113.865633,22.495993,0.109929],[113.865661,22.496002,0.094929],[113.865689,22.49601,0.066859],[113.865717,22.496018,0.066859],[113.865744,22.496027,0.086859],[113.865772,22.496035,0.091859],[113.8658,22.496043,0.106859],[113.865828,22.496052,0.116859],[113.865855,22.49606,0.131859],[113.865883,22.496068,0.121859],[113.865911,22.496077,0.106859],[113.865939,22.496085,0.081859],[113.865966,22.496093,0.076859],[113.865994,22.496102,0.041859]]},"properties":{"approx_heading":17.864350017751484,"bidirection":0,"cross_slope":"0,0,0,0,0,0,0,0,0,0,0,0,0,0,0,0,0,0,0,0,0,0,0","info":"204","lane_area_type":22,"lane_type":1,"left_border_id":137439625089,"left_edge_dist":"12.5,12.48,12.48,12.5,12.55,12.66,12.43,12.44,12.45,12.45,12.57,13.31,12.61,12.49,12.52,12.52,12.44,12.55,12.37,12.4,12.39,12.38,12.38","left_neighbor_id":0,"left_neighbor_type":0,"left_opposite_neighbor_id":0,"marker_ids":"","next_ids":"137439024242","overlap":"[{\"element_id\":137439698051,\"priority\":0,\"s_end\":64.52201843261719,\"s_start\":0.0,\"type\":4}]","preference":50,"preferred_speed":25,"previous_ids":"137439066370,137439065890,137439065410,137439066130,137439065650,137439065234,137439065074,137439066610","priority":40,"right_border_id":137439625073,"right_edge_dist":"10.5,11.93,14.9,17.87,20.85,23.69,23.62,23.61,23.61,23.6,23.72,24.13,23.71,23.64,23.64,23.65,23.65,23.77,20.82,17.84,14.87,11.9,8.97","right_neighbor_id":137439024050,"right_neighbor_type":0,"road_edge_dist":"81921050,81790121,81790418,81921787,82249765,82970945,81463610,81529145,81594681,81594680,82381124,87230829,82643267,81856828,82053436,82053437,81529149,82250057,81070114,81266424,81200591,81134758,81134465","slope":"0,0,0,0,0,0,0,0,0,0,0,0,0,0,0,0,0,0,0,0,0,0,0","speed_limit":25,"stopline_id":0,"total_length":64.45795124594034,"turn_type":0,"uid":137439024034}},{"type":"Feature","geometry":{"type":"LineString","coordinates":[[113.865002,22.495666,0.300019],[113.865019,22.495671,0.320019],[113.865046,22.49568,0.325019],[113.865074,22.495688,0.335019],[113.865102,22.495696,0.315019],[113.86513,22.495705,0.275019],[113.865149,22.495711,0.250019]]},"properties":{"approx_heading":17.92814876152315,"bidirection":0,"cross_slope":"0,0,0,0,0,0,0","info":"191","lane_area_type":22,"lane_type":1,"left_border_id":137439715313,"left_edge_dist":"26.62,26.66,26.73,25.26,22.51,19.84,17.99","left_neighbor_id":0,"left_neighbor_type":0,"left_opposite_neighbor_id":0,"marker_ids":"","next_ids":"137439065026,137439064994,137439065058,137439064962,137439064946,137439064978,137439065010,137439065042,137439065074","overlap":"[{\"element_id\":137439698051,\"priority\":0,\"s_end\":4.820484638214111,\"s_start\":0.0,\"type\":4}]","preference":50,"preferred_speed":25,"previous_ids":"137439069602,137439069154,137439068962,137439069250,137439069058,137439070658,137439070946,137439071234,137439071554,137439068882,137439068818,137439071090,137439070802,137439071378","priority":40,"right_border_id":137439715297,"right_edge_dist":"9.98,10.02,10.57,10.77,10.19,10.16,10.16","right_neighbor_id":137439064818,"right_neighbor_type":0,"road_edge_dist":"174457830,174719978,175178785,165545013,147522555,130024440,117900280","slope":"0,0,0,0,0,0,0","speed_limit":25,"stopline_id":0,"total_length":15.886987971534284,"turn_type":0,"uid":137439064802}},{"type":"Feature","geometry":{"type":"LineString","coordinates":[[113.865013,22.495636,0.311089],[113.865028,22.495641,0.316089],[113.86504,22.495644,0.320019],[113.865067,22.495653,0.325019],[113.865095,22.495661,0.325019],[113.865123,22.495669,0.300019],[113.865139,22.495674,0.270019],[113.86516,22.49568,0.259929]]},"properties":{"approx_heading":17.870666876110885,"bidirection":0,"cross_slope":"0,0,0,0,0,0,0,0","info":"197","lane_area_type":22,"lane_type":1,"left_border_id":137439715297,"left_edge_dist":"30.12,30.15,30.19,28.41,25.78,23.26,21.83,20.11","left_neighbor_id":137439064802,"left_neighbor_type":0,"left_opposite_neighbor_id":0,"marker_ids":"","next_ids":"137439065122,137439768322,137439065154,137439065186,137439065218,137439768354,137439768386,137439065202,137439065106,137439065138,137439065170,137439768338,137439065234,137439768370","overlap":"[{\"element_id\":137439698051,\"priority\":0,\"s_end\":7.2391276359558105,\"s_start\":0.0,\"type\":4}]","preference":50,"preferred_speed":25,"previous_ids":"137439068834,137439068898,137439070818,137439071106,137439071394,137439070962,137439069618,137439069170,137439069074,137439068978,137439069266,137439070674,137439071570,137439071250","priority":40,"right_border_id":137439715281,"right_edge_dist":"6.48,6.52,6.7,7.15,7.09,6.66,6.65,6.65","right_neighbor_id":137439064834,"right_neighbor_type":0,"road_edge_dist":"197395080,197591692,197853854,186188491,168952517,152437402,143065753,131793561","slope":"0,0,0,0,0,0,0,0","speed_limit":25,"stopline_id":0,"total_length":15.904497347311668,"turn_type":0,"uid":137439064818}},{"type":"Feature","geometry":{"type":"LineString","coordinates":[[113.865024,22.495604,0.296089],[113.86503,22.495606,0.296089],[113.865034,22.495608,0.301089],[113.865039,22.49561,0.306089],[113.865044,22.495611,0.316089],[113.865073,22.49562,0.316089],[113.8651,22.495628,0.326089],[113.865128,22.495636,0.306089],[113.865156,22.495644,0.269929],[113.86517,22.495649,0.259929]]},"properties":{"approx_heading":18.368073483965308,"bidirection":0,"cross_slope":"0,0,0,0,0,0,0,0,0,0","info":"198","lane_area_type":22,"lane_type":1,"left_border_id":137439715281,"left_edge_dist":"33.92,33.86,33.84,33.79,33.37,30.78,28.31,25.96,23.8,22.7","left_neighbor_id":137439064818,"left_neighbor_type":0,"left_opposite_neighbor_id":0,"marker_ids":"","next_ids":"137439065314,137439065282,137439065250,137439065346,137439768258,137439065378,137439065410,137439768290,137439065298,137439065362,137439065330,137439065394,137439768274,137439768306","overlap":"[{\"element_id\":137439698051,\"priority\":0,\"s_end\":3.3729658126831055,\"s_start\":0.0,\"type\":4}]","preference":50,"preferred_speed":25,"previous_ids":"137439069090,137439069634,137439069186,137439068994,137439069282,137439070370,137439070690,137439070978,137439071266,137439071586,137439068850,137439071122,137439068914,137439070834,137439071410","priority":40,"right_border_id":137439715457,"right_edge_dist":"2.68,2.76,2.8,2.89,3.02,3.48,4.28,3.02,2.99,2.99","right_neighbor_id":0,"right_neighbor_type":0,"road_edge_dist":"222298380,221905172,221774104,221446433,218693934,201720156,185532844,170131758,155975979,148767019","slope":"0,0,0,0,0,0,0,0,0,0","speed_limit":25,"stopline_id":0,"total_length":15.895175112403326,"turn_type":0,"uid":137439064834}},{"type":"Feature","geometry":{"type":"LineString","coordinates":[[113.865119,22.495806,0.275019],[113.865091,22.495797,0.335019],[113.865063,22.495789,0.360019],[113.865036,22.495781,0.385019],[113.865008,22.495772,0.385019],[113.86498,22.495764,0.375019],[113.864971,22.495761,0.365019]]},"properties":{"approx_heading":-162.13593602959835,"bidirection":0,"cross_slope":"0,0,0,0,0,0,0","info":"194","lane_area_type":22,"lane_type":1,"left_border_id":137439715361,"left_edge_dist":"14.98,17.98,20.98,21.58,21.21,21.01,20.99","left_neighbor_id":137439064866,"left_neighbor_type":0,"left_opposite_neighbor_id":0,"marker_ids":"","next_ids":"137439072674,137439069954,137439069986,137439070018,137439072642,137439072706,137439069970,137439069938,137439070034,137439070002,137439072626,137439072658,137439072690,137439072722","overlap":"[{\"element_id\":137439698051,\"priority\":0,\"s_end\":15.336893081665039,\"s_start\":0.0,\"type\":4}]","preference":50,"preferred_speed":25,"previous_ids":"137439066850,137439066658,137439768386,137439066178,137439065698,137439067234,137439067058,137439065458,137439768274,137439065938,137439066418,137439067410","priority":40,"right_border_id":137439715377,"right_edge_dist":"14.98,15.86,15.63,15.7,15.72,15.63,15.61","right_neighbor_id":137439064898,"right_neighbor_type":0,"road_edge_dist":"98174426,117835314,137496091,141428258,139003428,137692699,137561625","slope":"0,0,0,0,0,0,0","speed_limit":25,"stopline_id":0,"total_length":15.964640354339718,"turn_type":0,"uid":137439064882}},{"type":"Feature","geometry":{"type":"LineString","coordinates":[[113.865108,22.495837,0.270019],[113.86508,22.495829,0.310019],[113.865053,22.495821,0.345019],[113.865025,22.495812,0.370019],[113.864997,22.495804,0.375019],[113.864969,22.495796,0.370019],[113.86496,22.495793,0.365019]]},"properties":{"approx_heading":-162.13593647602394,"bidirection":0,"cross_slope":"0,0,0,0,0,0,0","info":"194","lane_area_type":22,"lane_type":1,"left_border_id":137439715377,"left_edge_dist":"15.09,18.06,21.04,24.03,24.84,24.67,24.65","left_neighbor_id":137439064882,"left_neighbor_type":0,"left_opposite_neighbor_id":0,"marker_ids":"","next_ids":"137439070146,137439070114,137439070178,137439072866,137439070082,137439072802,137439072770,137439072834,137439070098,137439070130,137439070162,137439072786,137439072818,137439072850","overlap":"[{\"element_id\":137439698051,\"priority\":0,\"s_end\":16.303068161010742,\"s_start\":0.0,\"type\":4}]","preference":50,"preferred_speed":25,"previous_ids":"137439768258,137439768322,137439066434,137439065954,137439065474,137439067074,137439067426,137439067250,137439065714,137439066194,137439066866,137439066674","priority":40,"right_border_id":137439715425,"right_edge_dist":"13.26,12.27,11.98,12.04,12.05,11.97,11.95","right_neighbor_id":137439064914,"right_neighbor_type":0,"road_edge_dist":"98895150,118359243,137888942,157484212,162792629,161678509,161547435","slope":"0,0,0,0,0,0,0","speed_limit":25,"stopline_id":0,"total_length":16.01006862725373,"turn_type":0,"uid":137439064898}},{"type":"Feature","geometry":{"type":"LineString","coordinates":[[113.865097,22.495871,0.250019],[113.865069,22.495863,0.295019],[113.865041,22.495854,0.330019],[113.865013,22.495846,0.360019],[113.864986,22.495838,0.375019],[113.864958,22.49583,0.370019],[113.864949,22.495827,0.350019]]},"properties":{"approx_heading":-162.135936843361,"bidirection":0,"cross_slope":"0,0,0,0,0,0,0","info":"195","lane_area_type":22,"lane_type":1,"left_border_id":137439715425,"left_edge_dist":"16.1,18.91,21.77,24.67,27.58,28.6,28.58","left_neighbor_id":137439064898,"left_neighbor_type":0,"left_opposite_neighbor_id":0,"marker_ids":"","next_ids":"137439070370,137439072962,137439070242,137439070274,137439070306,137439072930,137439072994,137439070226,137439070258,137439070290,137439072914,137439070322,137439072946,137439072978,137439073010","overlap":"[{\"element_id\":137439698051,\"priority\":0,\"s_end\":15.981903076171875,\"s_start\":0.0,\"type\":4}]","preference":50,"preferred_speed":25,"previous_ids":"137439065250,137439066882,137439066690,137439066210,137439065730,137439067266,137439065970,137439768338,137439065490,137439066450,137439067090,137439067442","priority":40,"right_border_id":137439715409,"right_edge_dist":"9.88,8.5,8.05,8.11,8.13,8.05,8.02","right_neighbor_id":0,"right_neighbor_type":0,"road_edge_dist":"105513948,123929426,142672677,161678123,180749101,187433765,187302690","slope":"0,0,0,0,0,0,0","speed_limit":25,"stopline_id":0,"total_length":15.99926556381125,"turn_type":0,"uid":137439064914}},{"type":"Feature","geometry":{"type":"LineString","coordinates":[[113.863492,22.499484,0.506027],[113.8635,22.499458,0.506027],[113.863509,22.499432,0.506027],[113.863518,22.499406,0.516027],[113.863527,22.49938,0.516027],[113.863536,22.499355,0.516027],[113.863545,22.499329,0.506027],[113.863554,22.499303,0.501027],[113.863563,22.499277,0.486027],[113.863571,22.499251,0.486027],[113.86358,22.499226,0.471027],[113.863589,22.4992,0.436027],[113.863598,22.499174,0.431027],[113.863608,22.499146,0.416027]]},"properties":{"approx_heading":-72.28487860750073,"bidirection":0,"cross_slope":"0,0,0,0,0,0,0,0,0,0,0,0,0,0","info":"","lane_area_type":23,"lane_type":9,"left_border_id":137439792113,"left_edge_dist":"6.06,9.06,12.06,15.06,18.06,18.04,15.91,13.94,12.09,10.41,8.9,7.66,6.74,6.33","left_neighbor_id":0,"left_neighbor_type":0,"left_opposite_neighbor_id":0,"marker_ids":"","next_ids":"137438953506","overlap":"[{\"element_id\":137440201523,\"priority\":0,\"s_end\":20.517070770263672,\"s_start\":0.0,\"type\":4},{\"element_id\":137438956792,\"priority\":0,\"s_end\":0.0,\"s_start\":0.0,\"type\":5}]","preference":50,"preferred_speed":12,"previous_ids":"","priority":0,"right_border_id":137439792097,"right_edge_dist":"3.55,6.44,9.33,12.24,15.03,17.55,20.2,22.94,25.74,28.57,31.44,34.33,37.24,40.41","right_neighbor_id":0,"right_neighbor_type":0,"road_edge_dist":"39715171,59376260,79037349,98698440,118359519,118228699,104269796,91359478,79235598,68225833,58330184,50204009,44174988,41488329","slope":"0,0,0,0,0,0,0,0,0,0,0,0,0,0","speed_limit":12,"stopline_id":0,"total_length":39.2600228370035,"turn_type":0,"uid":137439767682}},{"type":"Feature","geometry":{"type":"LineString","coordinates":[[113.863645,22.499158,0.416027],[113.863636,22.499183,0.426027],[113.863627,22.499209,0.431027],[113.863619,22.499235,0.486027],[113.86361,22.499261,0.481027],[113.863602,22.499287,0.456027],[113.863593,22.499313,0.496027],[113.863585,22.499339,0.496027],[113.863576,22.499365,0.506027],[113.863568,22.499391,0.521027],[113.863559,22.499417,0.516027],[113.863551,22.499443,0.496027],[113.863542,22.499468,0.496027],[113.863533,22.499495,0.481027]]},"properties":{"approx_heading":107.01496296968072,"bidirection":0,"cross_slope":"0,0,0,0,0,0,0,0,0,0,0,0,0,0","info":"","lane_area_type":23,"lane_type":9,"left_border_id":137439792145,"left_edge_dist":"41.4,38.57,35.77,33.01,30.28,27.62,25.03,22.22,19.34,16.47,13.67,10.97,8.4,6.09","left_neighbor_id":0,"left_neighbor_type":0,"left_opposite_neighbor_id":0,"marker_ids":"","next_ids":"","overlap":"[{\"element_id\":137440201523,\"priority\":0,\"s_end\":4.961171627044678,\"s_start\":0.0,\"type\":4},{\"element_id\":137438956792,\"priority\":0,\"s_end\":0.0,\"s_start\":0.0,\"type\":5}]","preference":50,"preferred_speed":12,"previous_ids":"137439003266","priority":0,"right_border_id":137439792129,"right_edge_dist":"2.33,2.77,3.83,5.24,6.86,8.68,10.64,12.81,15.14,17.57,17.43,15.37,13.65,12.41","right_neighbor_id":0,"right_neighbor_type":0,"road_edge_dist":"271319273,252772629,234422655,216334860,198443694,181011300,164037672,145622273,126748138,107939549,89589455,71894529,55051605,39912665","slope":"0,0,0,0,0,0,0,0,0,0,0,0,0,0","speed_limit":12,"stopline_id":137439070005,"total_length":39.063823203911575,"turn_type":0,"uid":137439767698}},{"type":"Feature","geometry":{"type":"LineString","coordinates":[[113.865183,22.496033,0.274326],[113.865191,22.496011,0.270019],[113.865196,22.495997,0.258589]]},"properties":{"approx_heading":-72.05127174446902,"bidirection":0,"cross_slope":"0,0,0","info":"92","lane_area_type":21,"lane_type":1,"left_border_id":137439814545,"left_edge_dist":"12.97,13.17,13.36","left_neighbor_id":137439773938,"left_neighbor_type":0,"left_opposite_neighbor_id":0,"marker_ids":"","next_ids":"137439065762,137439065794,137439065666,137439065698,137439065730,137439065826,137439065890,137439065858,137439065842,137439065714,137439065682,137439065778,137439065810,137439065874","overlap":"[]","preference":50,"preferred_speed":20,"previous_ids":"137438953730","priority":0,"right_border_id":137439814561,"right_edge_dist":"5.05,5.59,6.44","right_neighbor_id":137439773954,"right_neighbor_type":0,"road_edge_dist":"85000697,86311471,87556740","slope":"0,0,0","speed_limit":20,"stopline_id":0,"total_length":4.178140833858258,"turn_type":0,"uid":137439773906}},{"type":"Feature","geometry":{"type":"LineString","coordinates":[[113.865257,22.496056,0.240628],[113.865265,22.496034,0.230019],[113.86527,22.49602,0.222519]]},"properties":{"approx_heading":-72.05124629245418,"bidirection":0,"cross_slope":"0,0,0","info":"94","lane_area_type":21,"lane_type":1,"left_border_id":137439814577,"left_edge_dist":"4.98,5.23,5.57","left_neighbor_id":137439773970,"left_neighbor_type":0,"left_opposite_neighbor_id":0,"marker_ids":"","next_ids":"137439066274,137439066146,137439066178,137439066210,137439066242,137439066306,137439066338,137439066370,137439066354,137439066162,137439066194,137439066290,137439066258,137439066322","overlap":"[]","preference":50,"preferred_speed":20,"previous_ids":"137438953762","priority":0,"right_border_id":137439814593,"right_edge_dist":"13.04,13.26,13.63","right_neighbor_id":137439773938,"right_neighbor_type":0,"road_edge_dist":"32638232,34276654,36504915","slope":"0,0,0","speed_limit":20,"stopline_id":0,"total_length":4.140125851786362,"turn_type":0,"uid":137439773922}},{"type":"Feature","geometry":{"type":"LineString","coordinates":[[113.865221,22.496044,0.273142],[113.865228,22.496023,0.262519],[113.865233,22.496009,0.260554]]},"properties":{"approx_heading":-72.05125900990579,"bidirection":0,"cross_slope":"0,0,0","info":"93","lane_area_type":21,"lane_type":1,"left_border_id":137439814609,"left_edge_dist":"8.96,9.21,9.4","left_neighbor_id":137439773922,"left_neighbor_type":0,"left_opposite_neighbor_id":0,"marker_ids":"","next_ids":"137439066018,137439066082,137439065922,137439065954,137439066050,137439066114,137439065938,137439065906,137439065970,137439066002,137439066034,137439066066,137439066098,137439066130","overlap":"[]","preference":50,"preferred_speed":20,"previous_ids":"137438953746","priority":0,"right_border_id":137439814625,"right_edge_dist":"9.06,9.37,9.89","right_neighbor_id":137439773906,"right_neighbor_type":0,"road_edge_dist":"58721162,60359593,61604829","slope":"0,0,0","speed_limit":20,"stopline_id":0,"total_length":4.143316600698757,"turn_type":0,"uid":137439773938}},{"type":"Feature","geometry":{"type":"LineString","coordinates":[[113.865152,22.496024,0.227705],[113.86516,22.496001,0.244929],[113.865164,22.495988,0.234929]]},"properties":{"approx_heading":-72.05128264118947,"bidirection":0,"cross_slope":"0,0,0","info":"91","lane_area_type":21,"lane_type":1,"left_border_id":137439814641,"left_edge_dist":"16.38,16.54,16.74","left_neighbor_id":137439773906,"left_neighbor_type":0,"left_opposite_neighbor_id":0,"marker_ids":"","next_ids":"137439065538,137439065602,137439065442,137439065474,137439065570,137439065634,137439065426,137439065458,137439065490,137439065522,137439065554,137439065586,137439065618,137439065650","overlap":"[]","preference":50,"preferred_speed":20,"previous_ids":"137438953714","priority":0,"right_border_id":137439814657,"right_edge_dist":"1.64,2.92,4.33","right_neighbor_id":0,"right_neighbor_type":0,"road_edge_dist":"107348132,108396836,109707697","slope":"0,0,0","speed_limit":20,"stopline_id":0,"total_length":4.189057634736655,"turn_type":0,"uid":137439773954}},{"type":"Feature","geometry":{"type":"LineString","coordinates":[[113.865289,22.496065,0.192485],[113.865296,22.496043,0.180019],[113.865301,22.49603,0.175019]]},"properties":{"approx_heading":-72.11176527918526,"bidirection":0,"cross_slope":"0,0,0","info":"95","lane_area_type":21,"lane_type":1,"left_border_id":137439814673,"left_edge_dist":"1.57,1.84,2.63","left_neighbor_id":0,"left_neighbor_type":0,"left_opposite_neighbor_id":0,"marker_ids":"","next_ids":"137439066530,137439066402,137439066434,137439066498,137439066562,137439066594,137439066482,137439066386,137439066418,137439066450,137439066610,137439066546,137439066514,137439066578","overlap":"[]","preference":50,"preferred_speed":20,"previous_ids":"137438953778","priority":0,"right_border_id":137439814689,"right_edge_dist":"16.46,16.62,16.92","right_neighbor_id":137439773922,"right_neighbor_type":0,"road_edge_dist":"10290798,12060286,17237660","slope":"0,0,0","speed_limit":20,"stopline_id":0,"total_length":4.092391414509304,"turn_type":0,"uid":137439773970}},{"type":"Feature","geometry":{"type":"LineString","coordinates":[[113.864107,22.499372,0.244455],[113.864109,22.499367,0.243527],[113.864118,22.499341,0.233527],[113.86412,22.499334,0.226027]]},"properties":{"approx_heading":-72.16009877475828,"bidirection":0,"cross_slope":"0,0,0,0","info":"94","lane_area_type":21,"lane_type":1,"left_border_id":137439815041,"left_edge_dist":"4.99,4.99,5.14,5.14","left_neighbor_id":137439774210,"left_neighbor_type":0,"left_opposite_neighbor_id":0,"marker_ids":"","next_ids":"137438953602","overlap":"[{\"element_id\":137439697939,\"priority\":0,\"s_end\":3.6330862045288086,\"s_start\":4.000110626220703,\"type\":4}]","preference":50,"preferred_speed":20,"previous_ids":"137439016674","priority":0,"right_border_id":137439815057,"right_edge_dist":"13.11,13.11,13.11,13.11","right_neighbor_id":137439774194,"right_neighbor_type":0,"road_edge_dist":"32703775,32703775,33686815,33686815","slope":"0,0,0,0","speed_limit":20,"stopline_id":0,"total_length":4.419607663957757,"turn_type":0,"uid":137439774146}},{"type":"Feature","geometry":{"type":"LineString","coordinates":[[113.864034,22.49935,0.266027],[113.864035,22.499345,0.266027],[113.864044,22.499319,0.266027],[113.864047,22.499312,0.256027]]},"properties":{"approx_heading":-72.0924112783445,"bidirection":0,"cross_slope":"0,0,0,0","info":"92","lane_area_type":21,"lane_type":1,"left_border_id":137439815073,"left_edge_dist":"12.96,12.97,13.11,13.11","left_neighbor_id":137439774194,"left_neighbor_type":0,"left_opposite_neighbor_id":0,"marker_ids":"","next_ids":"137438953570","overlap":"[{\"element_id\":137439697939,\"priority\":0,\"s_end\":3.0837066173553467,\"s_start\":3.9999842643737793,\"type\":4}]","preference":50,"preferred_speed":20,"previous_ids":"137439016642","priority":0,"right_border_id":137439815089,"right_edge_dist":"5.14,5.14,5.14,5.14","right_neighbor_id":137439774178,"right_neighbor_type":0,"road_edge_dist":"84935170,85000706,85918210,85918210","slope":"0,0,0,0","speed_limit":20,"stopline_id":0,"total_length":4.400508008952298,"turn_type":0,"uid":137439774162}},{"type":"Feature","geometry":{"type":"LineString","coordinates":[[113.864002,22.49934,0.227072],[113.864004,22.499335,0.226027],[113.864013,22.499309,0.221027],[113.864015,22.499302,0.221027]]},"properties":{"approx_heading":-72.08166977804905,"bidirection":0,"cross_slope":"0,0,0,0","info":"91","lane_area_type":21,"lane_type":1,"left_border_id":137439815105,"left_edge_dist":"16.37,16.38,16.52,16.52","left_neighbor_id":137439774162,"left_neighbor_type":0,"left_opposite_neighbor_id":0,"marker_ids":"","next_ids":"137438953554","overlap":"[{\"element_id\":137439697939,\"priority\":0,\"s_end\":2.7741029262542725,\"s_start\":4.012573719024658,\"type\":4}]","preference":50,"preferred_speed":20,"previous_ids":"137439016626","priority":0,"right_border_id":137439815121,"right_edge_dist":"1.73,1.73,1.73,1.73","right_neighbor_id":0,"right_neighbor_type":0,"road_edge_dist":"107282605,107348141,108265645,108265645","slope":"0,0,0,0","speed_limit":20,"stopline_id":0,"total_length":4.405885083089741,"turn_type":0,"uid":137439774178}},{"type":"Feature","geometry":{"type":"LineString","coordinates":[[113.864071,22.499361,0.284853],[113.864072,22.499356,0.283527],[113.864081,22.49933,0.278527],[113.864084,22.499323,0.283527]]},"properties":{"approx_heading":-72.16244787969006,"bidirection":0,"cross_slope":"0,0,0,0","info":"93","lane_area_type":21,"lane_type":1,"left_border_id":137439815137,"left_edge_dist":"8.97,8.97,9.12,9.12","left_neighbor_id":137439774146,"left_neighbor_type":0,"left_opposite_neighbor_id":0,"marker_ids":"","next_ids":"137438953586","overlap":"[{\"element_id\":137439697939,\"priority\":0,\"s_end\":3.277796745300293,\"s_start\":3.5000219345092773,\"type\":4}]","preference":50,"preferred_speed":20,"previous_ids":"137439016658","priority":0,"right_border_id":137439815153,"right_edge_dist":"9.14,9.14,9.14,9.14","right_neighbor_id":137439774162,"right_neighbor_type":0,"road_edge_dist":"58786706,58786706,59769746,59769746","slope":"0,0,0,0","speed_limit":20,"stopline_id":0,"total_length":4.393698029402194,"turn_type":0,"uid":137439774194}},{"type":"Feature","geometry":{"type":"LineString","coordinates":[[113.864139,22.499382,0.162232],[113.864141,22.499377,0.156027],[113.86415,22.499351,0.141027],[113.864152,22.499343,0.161027]]},"properties":{"approx_heading":-72.04531442512456,"bidirection":0,"cross_slope":"0,0,0,0","info":"95","lane_area_type":21,"lane_type":1,"left_border_id":137439815169,"left_edge_dist":"1.57,1.57,1.71,1.71","left_neighbor_id":0,"left_neighbor_type":0,"left_opposite_neighbor_id":0,"marker_ids":"","next_ids":"137438953618","overlap":"[{\"element_id\":137439697939,\"priority\":0,\"s_end\":3.9511635303497314,\"s_start\":4.000247478485107,\"type\":4}]","preference":50,"preferred_speed":20,"previous_ids":"137439016690","priority":0,"right_border_id":137439815185,"right_edge_dist":"16.53,16.53,16.54,16.54","right_neighbor_id":137439774146,"right_neighbor_type":0,"road_edge_dist":"10290805,10290805,11208310,11208310","slope":"0,0,0,0","speed_limit":20,"stopline_id":0,"total_length":4.515276819069726,"turn_type":0,"uid":137439774210}},{"type":"Feature","geometry":{"type":"LineString","coordinates":[[113.865358,22.495648,0.26251],[113.865365,22.495627,0.268589],[113.865374,22.495601,0.263589],[113.865381,22.495581,0.263589]]},"properties":{"approx_heading":-72.46615589986615,"bidirection":0,"cross_slope":"0,0,0,0","info":"33","lane_area_type":21,"lane_type":1,"left_border_id":137439815553,"left_edge_dist":"9.11,9.07,8.91,9.23","left_neighbor_id":137439774434,"left_neighbor_type":0,"left_opposite_neighbor_id":0,"marker_ids":"","next_ids":"137438958834","overlap":"[{\"element_id\":137439697955,\"priority\":0,\"s_end\":6.406759262084961,\"s_start\":5.4996113777160645,\"type\":4}]","preference":50,"preferred_speed":20,"previous_ids":"137438958754","priority":0,"right_border_id":137439815569,"right_edge_dist":"9.18,9.24,8.96,9.16","right_neighbor_id":137439774450,"right_neighbor_type":0,"road_edge_dist":"59704214,59442076,58393472,60490644","slope":"0,0,0,0","speed_limit":20,"stopline_id":0,"total_length":7.831726444904605,"turn_type":0,"uid":137439774386}},{"type":"Feature","geometry":{"type":"LineString","coordinates":[[113.865426,22.495669,0.18242],[113.865431,22.495653,0.194929],[113.86544,22.495627,0.204929],[113.86545,22.4956,0.209929]]},"properties":{"approx_heading":-72.22431524559786,"bidirection":0,"cross_slope":"0,0,0,0","info":"35","lane_area_type":21,"lane_type":1,"left_border_id":137439815585,"left_edge_dist":"1.83,1.68,1.52,1.84","left_neighbor_id":0,"left_neighbor_type":0,"left_opposite_neighbor_id":0,"marker_ids":"","next_ids":"137438958866","overlap":"[{\"element_id\":137439697955,\"priority\":0,\"s_end\":2.5811502933502197,\"s_start\":5.999992847442627,\"type\":4}]","preference":50,"preferred_speed":20,"previous_ids":"137438958786","priority":0,"right_border_id":137439815601,"right_edge_dist":"16.54,16.55,16.35,16.54","right_neighbor_id":137439774434,"right_neighbor_type":0,"road_edge_dist":"11994742,11011703,9963107,12060278","slope":"0,0,0,0","speed_limit":20,"stopline_id":0,"total_length":8.028235690669995,"turn_type":0,"uid":137439774402}},{"type":"Feature","geometry":{"type":"LineString","coordinates":[[113.865289,22.495628,0.238304],[113.865295,22.495611,0.244929],[113.865304,22.495585,0.239929],[113.865313,22.495559,0.234929]]},"properties":{"approx_heading":-72.19159485600508,"bidirection":0,"cross_slope":"0,0,0,0","info":"31","lane_area_type":21,"lane_type":1,"left_border_id":137439815617,"left_edge_dist":"16.51,16.47,16.31,16.56","left_neighbor_id":137439774450,"left_neighbor_type":0,"left_opposite_neighbor_id":0,"marker_ids":"","next_ids":"137438958802","overlap":"[{\"element_id\":137439697955,\"priority\":0,\"s_end\":7.984342575073242,\"s_start\":5.499992847442627,\"type\":4}]","preference":50,"preferred_speed":20,"previous_ids":"137438958722","priority":0,"right_border_id":137439815633,"right_edge_dist":"1.75,1.85,1.56,1.77","right_neighbor_id":0,"right_neighbor_type":0,"road_edge_dist":"108200111,107937977,106889372,108527793","slope":"0,0,0,0","speed_limit":20,"stopline_id":0,"total_length":7.9866629525752355,"turn_type":0,"uid":137439774418}},{"type":"Feature","geometry":{"type":"LineString","coordinates":[[113.865394,22.495659,0.236308],[113.8654,22.495643,0.241089],[113.865409,22.495617,0.238589],[113.865418,22.495591,0.236089]]},"properties":{"approx_heading":-72.21206019098274,"bidirection":0,"cross_slope":"0,0,0,0","info":"34","lane_area_type":21,"lane_type":1,"left_border_id":137439815649,"left_edge_dist":"5.19,5.08,4.92,5.25","left_neighbor_id":137439774402,"left_neighbor_type":0,"left_opposite_neighbor_id":0,"marker_ids":"","next_ids":"137438958850","overlap":"[{\"element_id\":137439697955,\"priority\":0,\"s_end\":8.128806114196777,\"s_start\":5.999998092651367,\"type\":4}]","preference":50,"preferred_speed":20,"previous_ids":"137438958770","priority":0,"right_border_id":137439815665,"right_edge_dist":"13.13,13.15,12.94,13.14","right_neighbor_id":137439774386,"right_neighbor_type":0,"road_edge_dist":"34014497,33293603,32245006,34407714","slope":"0,0,0,0","speed_limit":20,"stopline_id":0,"total_length":7.920347043526012,"turn_type":0,"uid":137439774434}},{"type":"Feature","geometry":{"type":"LineString","coordinates":[[113.86532,22.495637,0.252735],[113.865326,22.49562,0.251089],[113.865335,22.495595,0.253589],[113.865344,22.49557,0.251089]]},"properties":{"approx_heading":-72.14362336941993,"bidirection":0,"cross_slope":"0,0,0,0","info":"32","lane_area_type":21,"lane_type":1,"left_border_id":137439815681,"left_edge_dist":"13.12,13.07,12.91,13.19","left_neighbor_id":137439774386,"left_neighbor_type":0,"left_opposite_neighbor_id":0,"marker_ids":"","next_ids":"137438958818","overlap":"[{\"element_id\":137439697955,\"priority\":0,\"s_end\":5.998786449432373,\"s_start\":5.499998092651367,\"type\":4}]","preference":50,"preferred_speed":20,"previous_ids":"137438958738","priority":0,"right_border_id":137439815697,"right_edge_dist":"5.15,5.2,4.96,5.17","right_neighbor_id":137439774418,"right_neighbor_type":0,"road_edge_dist":"85983747,85656072,84607472,86442501","slope":"0,0,0,0","speed_limit":20,"stopline_id":0,"total_length":7.849956398071841,"turn_type":0,"uid":137439774450}},{"type":"Feature","geometry":{"type":"LineString","coordinates":[[113.865983,22.492412,0.299845],[113.865975,22.492437,0.299845],[113.865966,22.492463,0.303956],[113.865957,22.492489,0.308066],[113.865948,22.492515,0.312176],[113.865939,22.49254,0.316287],[113.86593,22.492566,0.320397],[113.865921,22.492592,0.324508],[113.865912,22.492618,0.328618],[113.865903,22.492644,0.332728],[113.865894,22.492669,0.336839],[113.865885,22.492695,0.340949],[113.865876,22.492721,0.34506],[113.865867,22.492747,0.34917],[113.865859,22.492772,0.353281],[113.86585,22.492798,0.357391],[113.865841,22.492824,0.361501],[113.865832,22.49285,0.365612],[113.865823,22.492876,0.369722],[113.865814,22.492901,0.373833],[113.865805,22.492927,0.377943],[113.865798,22.492949,0.381383],[113.865795,22.492956,0.389845],[113.865786,22.492982,0.404845],[113.865777,22.493008,0.399845],[113.865768,22.493033,0.399845],[113.865759,22.493059,0.414845],[113.86575,22.493085,0.414845],[113.865742,22.493111,0.414845],[113.865733,22.493137,0.449845],[113.865724,22.493162,0.444845],[113.865715,22.493188,0.444845],[113.865706,22.493214,0.444845],[113.865697,22.49324,0.429845],[113.865688,22.493266,0.419845],[113.865687,22.493269,0.424845]]},"properties":{"approx_heading":107.8153608545486,"bidirection":0,"cross_slope":"0,0,0,0,0,0,0,0,0,0,0,0,0,0,0,0,0,0,0,0,0,0,0,0,0,0,0,0,0,0,0,0,0,0,0,0","info":"22","lane_area_type":23,"lane_type":1,"left_border_id":137439816881,"left_edge_dist":"100,100,100,100,100,100,100,100,100,100,100,100,100,100,100,100,100,100,100,100,100,100,100,100,100,100,100,100,100,100,100,100,100,100,100,100","left_neighbor_id":0,"left_neighbor_type":0,"left_opposite_neighbor_id":137439003522,"marker_ids":"","next_ids":"137439003506","overlap":"[{\"element_id\":137440201523,\"priority\":0,\"s_end\":71.64014434814453,\"s_start\":0.0,\"type\":4}]","preference":50,"preferred_speed":25,"previous_ids":"137439018818,137439018850,137439007826,137439018034,137438977618,137439076018,137439007954,137439008082,137438977458,137439007698,137438976818,137438977138,137438977298,137439007442,137439007570,137439018834","priority":80,"right_border_id":137439816897,"right_edge_dist":"2.28,2.43,2.38,2.38,2.39,2.41,2.43,2.46,2.5,2.54,2.55,2.55,2.55,2.54,2.54,2.53,2.53,2.53,2.53,2.54,2.54,2.54,2.54,2.54,2.54,2.53,2.53,2.53,2.53,2.53,2.53,2.53,2.53,2.52,2.52,2.52","right_neighbor_id":0,"right_neighbor_type":0,"road_edge_dist":"4294901988,4294902003,4294901998,4294901998,4294901999,4294902001,4294902003,4294902006,4294902010,4294902014,4294902015,4294902015,4294902015,4294902014,4294902014,4294902013,4294902013,4294902013,4294902013,4294902014,4294902014,4294902014,4294902014,4294902014,4294902014,4294902013,4294902013,4294902013,4294902013,4294902013,4294902013,4294902013,4294902013,4294902012,4294902012,4294902012","slope":"0,0,0,0,0,0,0,0,0,0,0,0,0,0,0,0,0,0,0,0,0,0,0,0,0,0,0,0,0,0,0,0,0,0,0,0","speed_limit":25,"stopline_id":0,"total_length":99.60812475187177,"turn_type":0,"uid":137439775186}}]}